"addr1";"addr2";"areacode";"booktour";"cat1";"cat2";"cat3";"contentid";"contenttypeid";"createdtime";"firstimage";"firstimage2";"cpyrhtDivCd";"mapx";"mapy";"mlevel";"modifiedtime";"sigungucode";"tel";"title";"zipcode";"visitNo"
"통영시 해평5길 142-16";"";"36";"0";"A02";"A0206";"A02060300";"1000981";"14";"20100419190806";"http://tong.visitkorea.or.kr/cms/resource/22/2367622_image2_1.jpg";"http://tong.visitkorea.or.kr/cms/resource/22/2367622_image3_1.jpg";"Type3";"128.4161841816";"34.8333722569";"6";"20230911201537";"17";"";"김춘수 유품전시관";"53072";0
"화성시 마도면 마도로 223-19";"";"31";"0";"A02";"A0203";"A02030100";"1004303";"12";"20100421231352";"http://tong.visitkorea.or.kr/cms/resource/36/2480936_image2_1.jpg";"http://tong.visitkorea.or.kr/cms/resource/36/2480936_image2_1.jpg";"Type3";"126.7299292187";"37.1872882726";"6";"20230316094132";"31";"";"또나따목장";"18544";0
"강남구 도산대로87길 25";"(청담동)";"1";"0";"A02";"A0206";"A02060500";"1005620";"14";"20100422233655";"http://tong.visitkorea.or.kr/cms/resource/98/1865698_image2_1.jpg";"http://tong.visitkorea.or.kr/cms/resource/98/1865698_image3_1.jpg";"Type3";"127.0501323005";"37.5263824203";"6";"20231204164150";"1";"";"갤러리 피치";"06012";0
"동구 충장대로 206 부산항 국제여객터미널";"";"6";"";"A02";"A0207";"A02070200";"1007868";"15";"20100426224739";"http://tong.visitkorea.or.kr/cms/resource/48/2988148_image2_1.png";"http://tong.visitkorea.or.kr/cms/resource/48/2988148_image3_1.png";"Type3";"129.0491742511";"35.1177852539";"6";"20240206130654";"5";"051-713-5000";"부산항축제";"48751";0
"용산구 양녕로 445 (이촌동)";"";"1";"";"A02";"A0207";"A02070200";"1008843";"15";"20100427185254";"http://tong.visitkorea.or.kr/cms/resource/12/2987512_image2_1.png";"http://tong.visitkorea.or.kr/cms/resource/12/2987512_image3_1.png";"Type3";"126.9580520415";"37.5177178854";"6";"20240419171427";"21";"02-537-7109";"서울드럼페스티벌";"04427";0
"단양군 단양읍 노동장현로 207-17";"";"33";"";"A03";"A0302";"A03021600";"1012493";"28";"20100430203430";"http://tong.visitkorea.or.kr/cms/resource/28/2022228_image2_1.jpg";"http://tong.visitkorea.or.kr/cms/resource/28/2022228_image3_1.jpg";"Type3";"128.3924523393";"36.9630277003";"6";"20230322131349";"2";"043-421-7766";"단양클레이사격장";"27024";0
"중구 남대문시장4길 21";"(남창동)";"1";"";"A04";"A0401";"A04010600";"1013076";"38";"20100501202613";"http://tong.visitkorea.or.kr/cms/resource/04/1015004_image2_1.jpg";"http://tong.visitkorea.or.kr/cms/resource/04/1015004_image3_1.jpg";"Type3";"126.9776518607";"37.5592134153";"6";"20231116170635";"24";"02-753-2805";"남대문 종합상가";"04529";0
"해운대구 센텀남대로 35";"";"6";"";"A04";"A0401";"A04010700";"1013112";"38";"20100501232458";"http://tong.visitkorea.or.kr/cms/resource/53/1016353_image2_1.jpg";"http://tong.visitkorea.or.kr/cms/resource/53/1016353_image3_1.jpg";"Type3";"129.1297464005";"35.1688671344";"6";"20230610074309";"16";"051-745-2319";"광주요";"48058";0
"제주시 관덕로14길 20";"";"39";"";"A04";"A0401";"A04010200";"1013246";"38";"20100503194230";"http://tong.visitkorea.or.kr/cms/resource/38/2678438_image2_1.jpg";"http://tong.visitkorea.or.kr/cms/resource/38/2678438_image3_1.jpg";"Type3";"126.5260587646";"33.5115624162";"6";"20240319154441";"4";"";"동문재래시장";"63192";0
"서귀포시 중앙로62번길 18";"";"39";"";"A04";"A0401";"A04010200";"1013258";"38";"20100503194829";"http://tong.visitkorea.or.kr/cms/resource/85/2046585_image2_1.jpg";"http://tong.visitkorea.or.kr/cms/resource/85/2046585_image3_1.jpg";"Type3";"126.5632364425";"33.2501780068";"6";"20240306170721";"3";"064-762-1949";"서귀포매일올레시장";"63591";0
"의정부시 태평로133번길 26";"(의정부동)";"31";"";"A05";"A0502";"A05020100";"1013399";"39";"20100503230255";"http://tong.visitkorea.or.kr/cms/resource/78/1022378_image2_1.jpg";"http://tong.visitkorea.or.kr/cms/resource/78/1022378_image3_1.jpg";"Type3";"127.0497788969";"37.7444070609";"6";"20231107132005";"25";"031-842-1129";"보영식당";"11689";0
"중구 남포길 39-2";"";"6";"";"A04";"A0401";"A04010900";"1013441";"38";"20100503232848";"http://tong.visitkorea.or.kr/cms/resource/75/1015975_image2_1.jpg";"http://tong.visitkorea.or.kr/cms/resource/75/1015975_image3_1.jpg";"Type3";"129.0332678339";"35.0982565918";"6";"20231116130325";"15";"";"다해정";"48954";0
"종로구 창경궁로 88";"(예지동)";"1";"";"A04";"A0401";"A04010200";"1013527";"38";"20100504001341";"http://tong.visitkorea.or.kr/cms/resource/80/1015080_image2_1.jpg";"http://tong.visitkorea.or.kr/cms/resource/80/1015080_image3_1.jpg";"Type3";"126.9989079502";"37.5700653137";"6";"20230223175551";"23";"";"광장시장 한복매장";"03195";0
"중구 국제시장2길 20-1";"";"6";"";"A04";"A0401";"A04010200";"1013694";"38";"20100504012112";"http://tong.visitkorea.or.kr/cms/resource/08/1015808_image2_1.jpg";"http://tong.visitkorea.or.kr/cms/resource/08/1015808_image3_1.jpg";"Type3";"129.0286987483";"35.0996507962";"6";"20231120144030";"15";"051-245-3156";"광복로 만물의거리";"48946";0
"서천군 서면 춘장대로151번길 35";"";"34";"";"A05";"A0502";"A05020100";"1013915";"39";"20100504025231";"http://tong.visitkorea.or.kr/cms/resource/24/1022624_image2_1.jpg";"http://tong.visitkorea.or.kr/cms/resource/24/1022624_image3_1.jpg";"Type3";"126.5255943590";"36.1664467348";"6";"20230524174137";"8";"041-953-7000";"바닷가횟집";"33603";0
"홍성군 서부서길418번길 49";"";"34";"";"A05";"A0502";"A05020100";"1014155";"39";"20100504195550";"http://tong.visitkorea.or.kr/cms/resource/26/1022726_image2_1.jpg";"http://tong.visitkorea.or.kr/cms/resource/26/1022726_image3_1.jpg";"Type3";"126.4575227298";"36.5907913004";"6";"20230202132337";"15";"041-631-3969";"갯마을회센타";"32204";0
"청주시 상당구 문의면 문의시내로 50-1";"";"33";"";"A05";"A0502";"A05020100";"1014231";"39";"20100504223021";"http://tong.visitkorea.or.kr/cms/resource/48/1022848_image2_1.jpg";"http://tong.visitkorea.or.kr/cms/resource/48/1022848_image3_1.jpg";"Type3";"127.4975783805";"36.5179428975";"6";"20230214173329";"10";"043-297-6754";"구룡식당";"28208";0
"무주군 무주읍 내도로 123";"";"37";"";"A05";"A0502";"A05020100";"1014287";"39";"202401181743";"http://tong.visitkorea.or.kr/cms/resource/10/1023810_image2_1.jpg";"http://tong.visitkorea.or.kr/cms/resource/10/1023810_image3_1.jpg";"Type3";"127.6446650253";"36.0163167003";"6";"20240118174312";"5";"063-324-2898";"강나루";"55507";0
"유성구 금남구즉로 1378";"";"3";"";"A05";"A0502";"A05020100";"1014486";"39";"20100505002808";"http://tong.visitkorea.or.kr/cms/resource/96/1023896_image2_1.jpg";"http://tong.visitkorea.or.kr/cms/resource/96/1023896_image3_1.jpg";"Type3";"127.3838210857";"36.4462185283";"6";"20230918141437";"4";"042-935-5842";"강태분 할머니묵집";"34003";0
"고령군 쌍림면 대가야로 691";"";"35";"";"A05";"A0502";"A05020100";"1014872";"39";"20100506190246";"http://tong.visitkorea.or.kr/cms/resource/96/1023296_image2_1.jpg";"http://tong.visitkorea.or.kr/cms/resource/96/1023296_image3_1.jpg";"Type3";"128.2435987180";"35.6867620687";"6";"20230602135115";"3";"054-955-1500";"대원식당";"40163";0
"구미시 공원로 26";"";"35";"";"A05";"A0502";"A05020100";"1014890";"39";"20100506192518";"http://tong.visitkorea.or.kr/cms/resource/43/1023343_image2_1.jpg";"http://tong.visitkorea.or.kr/cms/resource/43/1023343_image3_1.jpg";"Type3";"128.3161139596";"36.1113180289";"6";"20230605144846";"4";"054-452-5069";"버드나무백숙";"39309";0
"상주시 낙동면 영남제일로 51-8";"";"35";"";"A05";"A0502";"A05020100";"1014918";"39";"20100506195255";"http://tong.visitkorea.or.kr/cms/resource/95/1023495_image2_1.jpg";"http://tong.visitkorea.or.kr/cms/resource/95/1023495_image3_1.jpg";"Type3";"128.2985307832";"36.3596727651";"6";"20230816171133";"9";"054-532-4545";"낙동강한우촌";"37251";0
"성주군 가천면 가천로 113";"";"35";"";"A05";"A0502";"A05020100";"1014926";"39";"20100506200723";"http://tong.visitkorea.or.kr/cms/resource/05/1023505_image2_1.jpg";"http://tong.visitkorea.or.kr/cms/resource/05/1023505_image3_1.jpg";"Type3";"128.1618893598";"35.8868351497";"6";"20230518111719";"10";"054-932-4037";"꿩샤브샤브";"40060";0
"영덕군 강구면 강구대게길 21";"";"35";"";"A05";"A0502";"A05020100";"1014935";"39";"20100506201936";"http://tong.visitkorea.or.kr/cms/resource/34/1023534_image2_1.jpg";"http://tong.visitkorea.or.kr/cms/resource/34/1023534_image3_1.jpg";"Type3";"129.3828015420";"36.3588488400";"6";"20231005154239";"12";"054-733-3838";"대게종가";"36455";0
"영양군 입암면 영양로 883-17";"";"35";"";"A05";"A0502";"A05020100";"1014946";"39";"20100506203123";"http://tong.visitkorea.or.kr/cms/resource/46/1023546_image2_1.jpg";"http://tong.visitkorea.or.kr/cms/resource/46/1023546_image3_1.jpg";"Type3";"129.0815874765";"36.6084841023";"6";"20231109095221";"13";"054-682-7429";"선바위가든";"36546";0
"영천시 시장4길 52";"";"35";"";"A05";"A0502";"A05020100";"1014975";"39";"20100506204910";"http://tong.visitkorea.or.kr/cms/resource/59/1023559_image2_1.jpg";"http://tong.visitkorea.or.kr/cms/resource/59/1023559_image3_1.jpg";"Type3";"128.9386520321";"35.9643740146";"6";"20230224143027";"15";"054-331-3290";"산성식당";"38889";0
"예천군 용궁면 용궁로 77";"";"35";"";"A05";"A0502";"A05020100";"1015082";"39";"20100506221522";"http://tong.visitkorea.or.kr/cms/resource/72/1023572_image2_1.jpg";"http://tong.visitkorea.or.kr/cms/resource/72/1023572_image3_1.jpg";"Type3";"128.2736037502";"36.6076912033";"6";"20230220144403";"16";"054-652-0522";"박달식당";"36858";0
"창원시 마산합포구 동서북17길 29";"";"36";"";"A05";"A0502";"A05020100";"1017584";"39";"20100510194458";"http://tong.visitkorea.or.kr/cms/resource/26/1023026_image2_1.jpg";"http://tong.visitkorea.or.kr/cms/resource/26/1023026_image2_1.jpg";"Type3";"128.5783045692";"35.2062528381";"6";"20230831105211";"16";"055-221-8989";"마산전통아구찜";"51728";0
"용산구 양녕로 445";"노들섬 라이브하우스, 다목적홀 숲, 노들갤러리 2관";"1";"";"A02";"A0207";"A02070200";"1018469";"15";"20100511192951";"http://tong.visitkorea.or.kr/cms/resource/27/2992127_image2_1.png";"http://tong.visitkorea.or.kr/cms/resource/27/2992127_image3_1.png";"Type3";"126.9580520415";"37.5177178854";"6";"20240206130654";"21";"02-312-1581";"서울국제작가축제";"04427";0
"당진시 백암로 246";"(채운동)";"34";"";"A05";"A0502";"A05020100";"1018633";"39";"20100511214049";"http://tong.visitkorea.or.kr/cms/resource/00/1022600_image2_1.jpg";"http://tong.visitkorea.or.kr/cms/resource/00/1022600_image3_1.jpg";"Type3";"126.6253245235";"36.8920039197";"6";"20230216174233";"4";"041-353-6379";"당진제일꽃게장";"31785";0
"연서면 도신고복로 1131-7";"";"8";"";"A05";"A0502";"A05020100";"1018641";"39";"20100511220011";"http://tong.visitkorea.or.kr/cms/resource/27/1022627_image2_1.jpg";"http://tong.visitkorea.or.kr/cms/resource/27/1022627_image3_1.jpg";"Type3";"127.2619389220";"36.6002959171";"6";"20240320120616";"1";"044-867-3333";"산장가든";"30042";0
"중구 중구로 36";"";"6";"0";"A02";"A0203";"A02030400";"1018702";"12";"20100511223844";"http://tong.visitkorea.or.kr/cms/resource/19/1020219_image2_1.jpg";"http://tong.visitkorea.or.kr/cms/resource/19/1020219_image3_1.jpg";"Type3";"129.0280793175";"35.1011311741";"6";"20240305174220";"15";"";"국제시장 먹자골목";"48945";0
"밀양시 무안면 무안중앙길 5";"";"36";"";"A05";"A0502";"A05020100";"1018815";"39";"20100511231906";"http://tong.visitkorea.or.kr/cms/resource/52/1023052_image2_1.jpg";"http://tong.visitkorea.or.kr/cms/resource/52/1023052_image3_1.jpg";"Type3";"128.6511354975";"35.4695301155";"6";"20230216161936";"7";"055-352-0023";"동부식육식당";"50408";0
"마포구 신촌로10길 7";"(동교동)";"1";"0";"A02";"A0206";"A02060600";"1019327";"14";"20100512032632";"http://tong.visitkorea.or.kr/cms/resource/72/1021672_image2_1.jpg";"http://tong.visitkorea.or.kr/cms/resource/72/1021672_image3_1.jpg";"Type3";"126.9320199899";"37.5563518192";"6";"20231205165033";"13";"";"긱 라이브하우스";"04057";0
"남구 장생포고래로 135";"(장생포동)";"7";"";"A05";"A0502";"A05020100";"1019409";"39";"20100512185249";"http://tong.visitkorea.or.kr/cms/resource/08/1023908_image2_1.jpg";"http://tong.visitkorea.or.kr/cms/resource/08/1023908_image3_1.jpg";"Type3";"129.3695884811";"35.5017814973";"6";"20230824105012";"2";"052-261-7313";"고래고기원조할매집";"44780";0
"강화군 내가면 해안서로 917-2";"";"2";"";"A05";"A0502";"A05020100";"1019445";"39";"20100512192731";"http://tong.visitkorea.or.kr/cms/resource/22/1023922_image2_1.jpg";"http://tong.visitkorea.or.kr/cms/resource/22/1023922_image3_1.jpg";"Type3";"126.3755445956";"37.7007834779";"6";"20230120134818";"1";"032-933-6461";"서울횟집";"23054";0
"중구 남대문시장8길 7";"(남창동)";"1";"";"A04";"A0401";"A04010600";"1019638";"38";"20100512222456";"http://tong.visitkorea.or.kr/cms/resource/54/3064054_image2_1.JPG";"http://tong.visitkorea.or.kr/cms/resource/54/3064054_image3_1.JPG";"Type3";"126.9789656043";"37.5601494414";"6";"20231210103120";"24";"1566-4578";"삼익패션타운";"04529";0
"창녕군 창녕읍 담안길 17";"";"36";"";"A05";"A0502";"A05020100";"1019695";"39";"20100512230603";"http://tong.visitkorea.or.kr/cms/resource/72/1023172_image2_1.jpg";"http://tong.visitkorea.or.kr/cms/resource/72/1023172_image3_1.jpg";"Type3";"128.5481738282";"35.5153647367";"6";"20230503171444";"15";"055-521-3678";"느티나무집";"50335";0
"함안군 함안면 북촌2길 50-27";"";"36";"";"A05";"A0502";"A05020100";"1019743";"39";"20100512232844";"http://tong.visitkorea.or.kr/cms/resource/46/1023246_image2_1.jpg";"http://tong.visitkorea.or.kr/cms/resource/46/1023246_image3_1.jpg";"Type3";"128.4229033077";"35.2421237756";"6";"20230328100910";"19";"055-583-4026";"대구식당";"52051";0
"봉화군 봉성면 농업인길 47";"";"35";"";"A05";"A0502";"A05020100";"1019843";"39";"20100513001822";"http://tong.visitkorea.or.kr/cms/resource/84/1023484_image2_1.jpg";"http://tong.visitkorea.or.kr/cms/resource/84/1023484_image3_1.jpg";"Type3";"128.7722729912";"36.9017557937";"6";"20231026213918";"8";"054-674-3400";"봉화한약우프라자";"36225";0
"울릉군 울릉읍 도동2길 50-4";"";"35";"";"A05";"A0502";"A05020100";"1019879";"39";"20100513003338";"http://tong.visitkorea.or.kr/cms/resource/84/1023584_image2_1.jpg";"http://tong.visitkorea.or.kr/cms/resource/84/1023584_image3_1.jpg";"Type3";"130.9065654599";"37.4839900688";"6";"20230119113710";"17";"054-791-2683";"보배식당";"40222";0
"강남구 압구정로 435";"";"1";"";"A04";"A0401";"A04010600";"1021171";"38";"20100514002752";"http://tong.visitkorea.or.kr/cms/resource/12/1920612_image2_1.jpg";"http://tong.visitkorea.or.kr/cms/resource/12/1920612_image3_1.jpg";"Type3";"127.0449216452";"37.5270433607";"6";"20231101141523";"1";"대표번호 1877-4326";"까르띠에 메종";"06010";0
"중구 마른내로 47";"";"1";"0";"A02";"A0206";"A02060600";"1022196";"14";"20100517195655";"http://tong.visitkorea.or.kr/cms/resource/52/3077752_image2_1.JPG";"http://tong.visitkorea.or.kr/cms/resource/52/3077752_image3_1.JPG";"Type3";"126.9931808474";"37.5646797260";"6";"20240102145234";"24";"";"명보아트홀";"04549";0
"중구 소파로 138";"(예장동)";"1";"0";"A02";"A0206";"A02060600";"1022231";"14";"20100517201136";"http://tong.visitkorea.or.kr/cms/resource/29/2031929_image2_1.jpg";"http://tong.visitkorea.or.kr/cms/resource/29/2031929_image3_1.jpg";"Type3";"126.9882259103";"37.5587664351";"6";"20230118103749";"24";"";"남산예술센터";"04628";0
"마포구 어울마당로 35";"(서교동)";"1";"0";"A02";"A0206";"A02060600";"1022243";"14";"20100517202547";"http://tong.visitkorea.or.kr/cms/resource/99/2028299_image2_1.jpg";"http://tong.visitkorea.or.kr/cms/resource/99/2028299_image3_1.jpg";"Type3";"126.9200990762";"37.5484830760";"6";"20230321095128";"13";"";"롤링홀";"04048";0
"부평구 부흥로316번길 38-3";"(부평동)";"2";"";"A04";"A0401";"A04010200";"1025514";"38";"20100519232554";"http://tong.visitkorea.or.kr/cms/resource/55/1923755_image2_1.jpg";"http://tong.visitkorea.or.kr/cms/resource/55/1923755_image3_1.jpg";"Type3";"126.7266515056";"37.4965606664";"6";"20230823171636";"6";"032-516-0655";"부평 종합시장";"21391";0
"미추홀구 경원대로 848";"";"2";"";"A04";"A0401";"A04010600";"1030600";"38";"20100525233054";"http://tong.visitkorea.or.kr/cms/resource/79/2363079_image2_1.jpg";"http://tong.visitkorea.or.kr/cms/resource/79/2363079_image3_1.jpg";"Type3";"126.6903114559";"37.4577784192";"6";"20230710145053";"3";"";"석바위 지하도상가";"22144";0
"의정부시 송산로939번길 98";"(산곡동)";"31";"0";"A02";"A0203";"A02030400";"1032289";"12";"20100527012149";"http://tong.visitkorea.or.kr/cms/resource/21/2687521_image2_1.jpg";"http://tong.visitkorea.or.kr/cms/resource/21/2687521_image3_1.jpg";"Type3";"127.1002002199";"37.7121339517";"6";"20230425151857";"25";"";"담다헌 체험교육관";"11799";0
"옹진군 덕적면 굴업리";"";"2";"0";"A01";"A0101";"A01011300";"1032715";"12";"20100527183829";"http://tong.visitkorea.or.kr/cms/resource/80/2674880_image2_1.jpg";"http://tong.visitkorea.or.kr/cms/resource/80/2674880_image3_1.jpg";"Type3";"125.9908073720";"37.1973520849";"6";"20230203092535";"9";"";"굴업도";"23134";0
"강화군 강화읍 중앙로 17-9";"";"2";"";"A04";"A0401";"A04010200";"1039977";"38";"20100609192025";"http://tong.visitkorea.or.kr/cms/resource/17/1162117_image2_1.jpg";"http://tong.visitkorea.or.kr/cms/resource/17/1162117_image3_1.jpg";"Type3";"126.4928438212";"37.7414252440";"6";"20240311111313";"1";"032-930-7042,3";"강화 풍물시장";"23027";0
"부산진구 신천대로62번길 61";"(부전동)";"6";"0";"A02";"A0203";"A02030600";"1046349";"12";"20100619010530";"http://tong.visitkorea.or.kr/cms/resource/54/1571954_image2_1.jpg";"http://tong.visitkorea.or.kr/cms/resource/54/1571954_image3_1.jpg";"Type3";"129.0582863694";"35.1535758596";"6";"20231206155340";"7";"";"서면1번가";"47289";0
"강북구 노해로 13";"";"1";"";"A05";"A0502";"A05020400";"1052741";"39";"20100701021221";"http://tong.visitkorea.or.kr/cms/resource/34/1181034_image2_1.jpg";"http://tong.visitkorea.or.kr/cms/resource/34/1181034_image3_1.jpg";"Type3";"127.0226983297";"37.6368246468";"6";"20230807110624";"3";"02-990-0107";"가문";"01080";0
"용인시 기흥구 보정동";"";"31";"0";"A02";"A0203";"A02030600";"1053905";"12";"20100702203050";"http://tong.visitkorea.or.kr/cms/resource/77/2431777_image2_1.jpg";"http://tong.visitkorea.or.kr/cms/resource/77/2431777_image3_1.jpg";"Type3";"127.1101326397";"37.3212267380";"6";"20240104135343";"23";"";"보정동카페거리";"16897";0
"곡성군 곡성읍 곡성로 855";"(곡성읍)";"38";"0";"A02";"A0206";"A02060600";"1054221";"14";"20100703001505";"http://tong.visitkorea.or.kr/cms/resource/43/3026943_image2_1.jpg";"http://tong.visitkorea.or.kr/cms/resource/43/3026943_image3_1.jpg";"Type3";"127.2971596157";"35.2801301942";"6";"20231027170703";"3";"";"곡성레저문화센터";"57535";0
"서천군 기산면 화출길42번길 17";"";"34";"0";"A01";"A0101";"A01010700";"1055310";"12";"20100706021411";"http://tong.visitkorea.or.kr/cms/resource/73/3043873_image2_1.jpg";"http://tong.visitkorea.or.kr/cms/resource/73/3043873_image3_1.jpg";"Type3";"126.7692859379";"36.0774194200";"6";"20231120115230";"8";"";"서천식물예술원";"33628";0
"목포시 해안로 265-4";"";"38";"";"A04";"A0401";"A04010200";"1057716";"38";"20100709235937";"http://tong.visitkorea.or.kr/cms/resource/86/2043486_image2_1.jpg";"http://tong.visitkorea.or.kr/cms/resource/86/2043486_image3_1.jpg";"Type3";"126.3901047299";"34.7878593595";"6";"20230321105221";"8";"";"목포 종합수산시장";"58752";0
"가평군 북면 백둔로 322";"";"31";"0";"A02";"A0206";"A02060500";"1060264";"14";"20100715224914";"http://tong.visitkorea.or.kr/cms/resource/83/1591283_image2_1.jpg";"http://tong.visitkorea.or.kr/cms/resource/83/1591283_image3_1.jpg";"Type3";"127.4722273608";"37.9044989120";"6";"20240124101130";"1";"";"남송미술관";"12406";0
"유성구 노은동로 126";"(노은동)";"3";"0";"A02";"A0206";"A02060100";"1066804";"14";"20100802192129";"http://tong.visitkorea.or.kr/cms/resource/06/3032106_image2_1.JPG";"http://tong.visitkorea.or.kr/cms/resource/06/3032106_image3_1.JPG";"Type3";"127.3238951378";"36.3718398688";"6";"20231106160916";"4";"";"대전선사박물관";"34084";0
"제주시 사라봉동길 61";"(건입동)";"39";"0";"A01";"A0101";"A01010400";"1069144";"12";"20100805030515";"http://tong.visitkorea.or.kr/cms/resource/99/3053499_image2_1.jpg";"http://tong.visitkorea.or.kr/cms/resource/99/3053499_image3_1.jpg";"Type3";"126.5461513246";"33.5176259547";"6";"20240115134006";"4";"";"사라봉";"63284";0
"제주시 건입동";"";"39";"0";"A01";"A0101";"A01010900";"1069322";"12";"20100805195206";"http://tong.visitkorea.or.kr/cms/resource/04/1938304_image2_1.jpg";"http://tong.visitkorea.or.kr/cms/resource/04/1938304_image3_1.jpg";"Type3";"126.5299610984";"33.5162064090";"6";"20231205174044";"4";"";"산지천";"690-050,1";0
"동구 용연동 산354-1";"";"5";"0";"A01";"A0102";"A01020200";"1074432";"12";"20100816201551";"http://tong.visitkorea.or.kr/cms/resource/23/3029123_image2_1.jpg";"http://tong.visitkorea.or.kr/cms/resource/23/3029123_image3_1.jpg";"Type3";"126.9989650099";"35.1200598333";"6";"20240319162859";"3";"";"무등산 주상절리대";"61512";0
"대덕구 동춘당로 80 (송촌동)";"";"3";"";"A02";"A0207";"A02070200";"1079577";"15";"20100824231511";"http://tong.visitkorea.or.kr/cms/resource/82/3111282_image2_1.jpg";"http://tong.visitkorea.or.kr/cms/resource/82/3111282_image3_1.jpg";"Type3";"127.4412987135";"36.3648816382";"6";"20240322150454";"1";"042-627-7517";"동춘당 문화제";"34402";0
"군산시 옥도면 선유도3길 52-4";"";"37";"0";"A02";"A0202";"A02020800";"1081865";"12";"20100827025512";"http://tong.visitkorea.or.kr/cms/resource/35/2689635_image2_1.jpg";"http://tong.visitkorea.or.kr/cms/resource/35/2689635_image3_1.jpg";"Type3";"126.4161796156";"35.8235812888";"6";"20240118103622";"2";"";"새만금유람선";"54000";0
"양구군 국토정중앙면 가오작리";"산1-1";"32";"0";"A01";"A0101";"A01010600";"1089831";"12";"20100910025753";"http://tong.visitkorea.or.kr/cms/resource/09/1813309_image2_1.JPG";"http://tong.visitkorea.or.kr/cms/resource/09/1813309_image2_1.JPG";"Type3";"128.0712266960";"38.1436183911";"6";"20240123140235";"6";"";"광치자연휴양림";"24552";0
"동작구 여의대방로20길 33";"";"1";"0";"A02";"A0203";"A02030400";"1091608";"12";"20100914225216";"http://tong.visitkorea.or.kr/cms/resource/39/1095139_image2_1.jpg";"http://tong.visitkorea.or.kr/cms/resource/39/1095139_image3_1.jpg";"Type3";"126.9172397911";"37.4929339232";"6";"20231113120635";"12";"";"보라매안전체험관";"07062";0
"종로구 세종대로 175 (세종로)";"광화문광장";"1";"";"A02";"A0207";"A02070200";"1095732";"15";"20100917185413";"http://tong.visitkorea.or.kr/cms/resource/85/3037185_image2_1.png";"http://tong.visitkorea.or.kr/cms/resource/85/3037185_image3_1.png";"Type3";"126.9763210635";"37.5720618985";"6";"20240206130654";"23";"02-3788-8168";"서울 빛초롱 축제";"03172";0
"고양시 일산동구 호수로 595";"";"31";"";"A02";"A0207";"A02070200";"1100492";"15";"20100928195707";"http://tong.visitkorea.or.kr/cms/resource/78/2986478_image2_1.JPG";"http://tong.visitkorea.or.kr/cms/resource/78/2986478_image3_1.JPG";"Type3";"126.7686654803";"37.6538792239";"6";"20240206130654";"2";"1588-7766";"고양호수예술축제";"10400";0
"부여군 규암면 백제문로 455";"";"34";"0";"A02";"A0202";"A02020200";"1103949";"12";"20101005191024";"http://tong.visitkorea.or.kr/cms/resource/49/2366349_image2_1.jpg";"http://tong.visitkorea.or.kr/cms/resource/49/2366349_image3_1.jpg";"Type3";"126.9067759265";"36.3065816893";"6";"20230306144441";"6";"";"백제문화단지";"33115";0
"가평군 가평읍 호반로 2540";"";"31";"0";"A02";"A0205";"A02050200";"1104176";"12";"20101006023757";"http://tong.visitkorea.or.kr/cms/resource/84/2480684_image2_1.jpg";"http://tong.visitkorea.or.kr/cms/resource/84/2480684_image2_1.jpg";"Type3";"127.5157483134";"37.8126354086";"6";"20230802194510";"1";"";"가평 현충탑";"12422";0
"군위군 효령면 용매로 788";"";"4";"";"A05";"A0502";"A05020700";"1104481";"39";"20101007015329";"http://tong.visitkorea.or.kr/cms/resource/40/1969240_image2_1.jpg";"http://tong.visitkorea.or.kr/cms/resource/40/1969240_image3_1.jpg";"Type3";"128.5957788579";"36.0847289836";"6";"20230712142058";"9";"054-382-6337";"기러기농장가든";"39038";0
"고양시 일산동구 호수로 731";"(장항동)";"31";"0";"A02";"A0206";"A02060300";"1105623";"14";"20101009011521";"http://tong.visitkorea.or.kr/cms/resource/38/3077038_image2_1.jpg";"http://tong.visitkorea.or.kr/cms/resource/38/3077038_image3_1.jpg";"Type3";"126.7604214919";"37.6644445137";"6";"20231229142430";"2";"";"고양 선인장전시관";"10400";0
"금천구 시흥대로73길 70 금천구청종합청사";"";"1";"0";"A02";"A0206";"A02060600";"1105871";"14";"20101011192041";"http://tong.visitkorea.or.kr/cms/resource/20/1865220_image2_1.jpg";"http://tong.visitkorea.or.kr/cms/resource/20/1865220_image3_1.jpg";"Type3";"126.8955205706";"37.4564933229";"6";"20231211161646";"8";"";"금나래아트홀";"08611";0
"금천구 독산로54길 114";"(독산동)";"1";"0";"A02";"A0206";"A02060900";"1105911";"14";"20101011201037";"http://tong.visitkorea.or.kr/cms/resource/04/1865704_image2_1.jpg";"http://tong.visitkorea.or.kr/cms/resource/04/1865704_image3_1.jpg";"Type3";"126.9080691173";"37.4675589284";"6";"20231205161102";"8";"";"금천구립독산도서관";"08560";0
"금천구 가산로5길 43";"(가산동)";"1";"0";"A02";"A0206";"A02060900";"1105923";"14";"20101011202558";"http://tong.visitkorea.or.kr/cms/resource/51/1865751_image2_1.jpg";"http://tong.visitkorea.or.kr/cms/resource/51/1865751_image3_1.jpg";"Type3";"126.8921037384";"37.4734829558";"6";"20231205161019";"8";"";"금천구립가산도서관";"08521";0
"강북구 월계로 173";"(번동)";"1";"0";"A02";"A0206";"A02060500";"1106194";"14";"20101012013955";"http://tong.visitkorea.or.kr/cms/resource/90/1543590_image2_1.jpg";"http://tong.visitkorea.or.kr/cms/resource/90/1543590_image3_1.jpg";"Type3";"127.0382972665";"37.6242097279";"6";"20231204170259";"3";"";"상상톡톡 미술관";"01228";0
"계양구 목상동";"산 57-1";"2";"0";"A01";"A0101";"A01010400";"1113230";"12";"20101019013512";"http://tong.visitkorea.or.kr/cms/resource/54/3043554_image2_1.jpg";"http://tong.visitkorea.or.kr/cms/resource/54/3043554_image3_1.jpg";"Type3";"126.7234086347";"37.5502377020";"6";"20231117175059";"2";"";"계양산";"21014";0
"계양구 향교로 19";"(계산동)";"2";"0";"A02";"A0201";"A02010700";"1113321";"12";"20101019025805";"http://tong.visitkorea.or.kr/cms/resource/41/1577341_image2_1.jpg";"http://tong.visitkorea.or.kr/cms/resource/41/1577341_image3_1.jpg";"Type3";"126.7204314262";"37.5396083294";"";"20221227094114";"2";"";"부평향교";"21054";0
"화성시 노작로 206";"(석우동)";"31";"0";"A02";"A0206";"A02060300";"1113463";"14";"20101019193634";"http://tong.visitkorea.or.kr/cms/resource/92/1941692_image2_1.jpg";"http://tong.visitkorea.or.kr/cms/resource/92/1941692_image3_1.jpg";"Type3";"127.0758834310";"37.2056145088";"6";"20240201140622";"31";"";"노작홍사용문학관";"18459";0
"계룡시 두마면 왕대2길 43";"(두마면)";"34";"0";"A02";"A0201";"A02010700";"1114207";"12";"20101020202027";"http://tong.visitkorea.or.kr/cms/resource/45/2518445_image2_1.jpg";"http://tong.visitkorea.or.kr/cms/resource/45/2518445_image2_1.jpg";"Type3";"127.2704475087";"36.2552494827";"6";"20230807142255";"16";"";"두마신원재";"32840";0
"계룡시 두마면 왕대2길 6-10";"(두마면)";"34";"0";"A02";"A0201";"A02010700";"1114250";"12";"20101020230029";"http://tong.visitkorea.or.kr/cms/resource/27/1277627_image2_1.jpg";"http://tong.visitkorea.or.kr/cms/resource/27/1277627_image3_1.jpg";"Type3";"127.2735305757";"36.2548884672";"6";"20230610074540";"16";"";"모원재";"32840";0
"계양구 계양산로75번길 26 계양공원관리소";"";"2";"0";"A02";"A0202";"A02020700";"1114780";"12";"20101021201614";"http://tong.visitkorea.or.kr/cms/resource/96/2462196_image2_1.jpg";"http://tong.visitkorea.or.kr/cms/resource/96/2462196_image3_1.jpg";"Type3";"126.7234003040";"37.5501849296";"6";"20230615095442";"2";"";"계양공원";"21041";0
"계양구 임학동";"산10번지 일원";"2";"0";"A01";"A0101";"A01010600";"1114802";"12";"20101021203223";"http://tong.visitkorea.or.kr/cms/resource/32/3043432_image2_1.jpg";"http://tong.visitkorea.or.kr/cms/resource/32/3043432_image3_1.jpg";"Type3";"126.7305135554";"37.5497517735";"6";"20231117173148";"2";"";"계양산 산림욕장";"21031";0
"중랑구 신내로21길";"(신내동)";"1";"0";"A01";"A0101";"A01010400";"1115042";"12";"20101021235034";"http://tong.visitkorea.or.kr/cms/resource/36/1894536_image2_1.jpg";"http://tong.visitkorea.or.kr/cms/resource/36/1894536_image3_1.jpg";"Type3";"127.0866155277";"37.6086568514";"6";"20231210144230";"25";"";"봉화산(서울)";"02041";0
"중랑구 망우동 산 69-1";"일대";"1";"0";"A01";"A0101";"A01010400";"1115203";"12";"20101022012107";"http://tong.visitkorea.or.kr/cms/resource/89/1902989_image2_1.jpg";"http://tong.visitkorea.or.kr/cms/resource/89/1902989_image3_1.jpg";"Type3";"127.1056030968";"37.5942810870";"6";"20231210144053";"25";"";"망우산(서울)";"02180";0
"중랑구 봉화산로45길";"(묵동)";"1";"0";"A02";"A0202";"A02020700";"1115299";"12";"20101022013529";"http://tong.visitkorea.or.kr/cms/resource/31/2350531_image2_1.jpg";"http://tong.visitkorea.or.kr/cms/resource/31/2350531_image3_1.jpg";"Type3";"127.0922455148";"37.6106095040";"6";"20230327102913";"25";"";"봉화산근린공원";"02040";0
"북구 대학로 80";"(산격동)";"4";"0";"A02";"A0206";"A02060100";"1115923";"14";"20101023010936";"http://tong.visitkorea.or.kr/cms/resource/73/1574373_image2_1.jpg";"http://tong.visitkorea.or.kr/cms/resource/73/1574373_image3_1.jpg";"Type3";"128.6121828463";"35.8906568441";"6";"20231207162102";"5";"";"경북대학교박물관";"41566";0
"음성군 음성읍 설성공원길 28";"(음성읍)";"33";"0";"A02";"A0202";"A02020700";"1116129";"12";"20101025185806";"http://tong.visitkorea.or.kr/cms/resource/50/1077750_image2_1.jpg";"http://tong.visitkorea.or.kr/cms/resource/50/1077750_image3_1.jpg";"Type3";"127.6910994451";"36.9329542953";"6";"20230403141744";"6";"";"설성공원";"27703";0
"서구 문화로 123";"(이현동)";"4";"0";"A02";"A0206";"A02060900";"1116611";"14";"20101026022420";"http://tong.visitkorea.or.kr/cms/resource/01/1889001_image2_1.jpg";"http://tong.visitkorea.or.kr/cms/resource/01/1889001_image3_1.jpg";"Type3";"128.5463779885";"35.8743074824";"6";"20230911161634";"6";"";"서구어린이도서관";"41758";0
"영주시 부석면 부석사로 6";"(능금빌라)";"35";"";"A05";"A0502";"A05020100";"1116770";"39";"20101026195102";"http://tong.visitkorea.or.kr/cms/resource/47/1896347_image2_1.jpg";"http://tong.visitkorea.or.kr/cms/resource/47/1896347_image3_1.jpg";"Type3";"128.6576531207";"36.9804473728";"6";"20230913135018";"14";"054-633-4472";"대궐식당";"36003";0
"양천구 신정동 162-56";"";"1";"0";"A02";"A0202";"A02020700";"1116925";"12";"20101026223528";"http://tong.visitkorea.or.kr/cms/resource/62/2612062_image2_1.bmp";"http://tong.visitkorea.or.kr/cms/resource/62/2612062_image2_1.bmp";"Type3";"126.8684105358";"37.5061176314";"6";"20230714134152";"19";"";"갈산근린공원";"08104";0
"중랑구 사가정로72길 47";"(면목동)";"1";"0";"A02";"A0202";"A02020700";"1117141";"12";"20101027004146";"http://tong.visitkorea.or.kr/cms/resource/11/1985211_image2_1.jpg";"http://tong.visitkorea.or.kr/cms/resource/11/1985211_image3_1.jpg";"Type3";"127.0957821951";"37.5793243143";"6";"20231211093641";"25";"";"사가정공원";"02261";0
"의성군 의성읍 전통시장1길 8-1";"";"35";"";"A05";"A0502";"A05020100";"1117235";"39";"20101027020447";"http://tong.visitkorea.or.kr/cms/resource/16/1981616_image2_1.jpg";"http://tong.visitkorea.or.kr/cms/resource/16/1981616_image3_1.jpg";"Type3";"128.6992956419";"36.3453262910";"6";"20230802202004";"19";"054-834-2455";"남선옥";"37342";0
"기장군 기장읍 읍내로104번길 16";"";"6";"";"A04";"A0401";"A04010200";"1117790";"38";"20101027233322";"http://tong.visitkorea.or.kr/cms/resource/95/1890695_image2_1.jpg";"http://tong.visitkorea.or.kr/cms/resource/95/1890695_image3_1.jpg";"Type3";"129.2148813771";"35.2437242195";"6";"20230512180359";"3";"051-721-3963";"부산 기장시장";"46066";0
"서구 서대구로3길 43";"(내당동)";"4";"0";"A02";"A0202";"A02020700";"1118418";"12";"20101028191433";"http://tong.visitkorea.or.kr/cms/resource/87/2493687_image2_1.jpg";"http://tong.visitkorea.or.kr/cms/resource/87/2493687_image2_1.jpg";"Type3";"128.5522334637";"35.8586426972";"6";"20231106163411";"6";"";"감삼못공원";"41856";0
"서구 중리동 산198-3";"";"4";"0";"A02";"A0202";"A02020700";"1118475";"12";"20101028192037";"http://tong.visitkorea.or.kr/cms/resource/03/2494003_image2_1.jpg";"http://tong.visitkorea.or.kr/cms/resource/03/2494003_image2_1.jpg";"Type3";"128.5305074724";"35.8632417772";"6";"20230308100037";"6";"";"상리공원";"41755";0
"영동군 영동읍 계산리";"867-1";"33";"";"A02";"A0207";"A02070200";"1118680";"15";"20101028222737";"http://tong.visitkorea.or.kr/cms/resource/51/3106451_image2_1.jpg";"http://tong.visitkorea.or.kr/cms/resource/51/3106451_image3_1.jpg";"Type3";"127.7748463746";"36.1744926779";"6";"20240419143239";"4";"043-745-8919";"대한민국와인축제";"29150";0
"구미시 남통동";"";"35";"0";"A02";"A0201";"A02010200";"1118806";"12";"20101028235230";"http://tong.visitkorea.or.kr/cms/resource/87/3041887_image2_1.jpg";"http://tong.visitkorea.or.kr/cms/resource/87/3041887_image3_1.jpg";"Type3";"128.3089370629";"36.1025188973";"6";"20231116152950";"4";"";"금오산성";"39309";0
"구미시 3공단1로 191";"(진평동)";"35";"0";"A02";"A0202";"A02020700";"1119452";"12";"20101029230858";"http://tong.visitkorea.or.kr/cms/resource/37/3029537_image2_1.jpg";"http://tong.visitkorea.or.kr/cms/resource/37/3029537_image3_1.jpg";"Type1";"128.4019512022";"36.0971156643";"6";"20240417175640";"4";"";"동락공원";"39392";0
"구미시 선산읍 교리2안길 24-35";"";"35";"0";"A02";"A0201";"A02010700";"1119550";"12";"20101029234136";"http://tong.visitkorea.or.kr/cms/resource/11/1065311_image2_1.jpg";"http://tong.visitkorea.or.kr/cms/resource/11/1065311_image3_1.jpg";"Type3";"128.2992058715";"36.2555707508";"6";"20240112160245";"4";"";"구미 선산향교";"39112";0
"구미시 남통동";"";"35";"0";"A02";"A0201";"A02010700";"1119621";"12";"20101029234821";"http://tong.visitkorea.or.kr/cms/resource/90/2493290_image2_1.jpg";"http://tong.visitkorea.or.kr/cms/resource/90/2493290_image2_1.jpg";"Type3";"128.3130364201";"36.1125483882";"6";"20230710145249";"4";"";"구미 채미정";"39309";0
"음성군 감곡면 성당길 10";"";"33";"0";"A02";"A0206";"A02060100";"1123600";"14";"20101106002230";"http://tong.visitkorea.or.kr/cms/resource/78/2439578_image2_1.jpg";"http://tong.visitkorea.or.kr/cms/resource/78/2439578_image3_1.jpg";"Type3";"127.6411569266";"37.1213983401";"6";"20230330112442";"6";"";"매괴박물관";"27602";0
"유성구 월드컵대로 32 대전월드컵경기장";"동관 1층";"3";"0";"A02";"A0206";"A02060600";"1125312";"14";"20101109181322";"http://tong.visitkorea.or.kr/cms/resource/66/3031966_image2_1.JPG";"http://tong.visitkorea.or.kr/cms/resource/66/3031966_image3_1.JPG";"Type3";"127.3266089995";"36.3638797168";"6";"20231106154751";"4";"042-824-5500";"대전어린이회관";"34148";0
"동구 상소동 산 1-1";"";"3";"0";"A01";"A0101";"A01010600";"1125480";"12";"20101109195746";"http://tong.visitkorea.or.kr/cms/resource/38/2661838_image2_1.jpg";"http://tong.visitkorea.or.kr/cms/resource/38/2661838_image2_1.jpg";"Type3";"127.4710996743";"36.2313640959";"6";"20240306143237";"2";"";"상소동 산림욕장";"300-240,1";0
"구미시 산동면 첨단기업1로 49";"";"35";"0";"A02";"A0206";"A02060400";"1125796";"14";"20101110004831";"http://tong.visitkorea.or.kr/cms/resource/86/1968386_image2_1.jpg";"http://tong.visitkorea.or.kr/cms/resource/86/1968386_image3_1.jpg";"Type3";"128.4422130595";"36.1416419018";"6";"20231205155434";"4";"";"구미코";"39171";0
"동구 회남로 117";"(신하동)";"3";"0";"A02";"A0201";"A02010700";"1126556";"12";"20101111193057";"http://tong.visitkorea.or.kr/cms/resource/46/3033446_image2_1.JPG";"http://tong.visitkorea.or.kr/cms/resource/46/3033446_image3_1.JPG";"Type3";"127.4986187867";"36.3576223794";"6";"20231107142649";"2";"";"김정선생묘소일원";"34501";0
"군포시 군포로 548-1";"";"31";"";"A04";"A0401";"A04010200";"1126924";"38";"20101112005330";"http://tong.visitkorea.or.kr/cms/resource/10/1941710_image2_1.jpg";"http://tong.visitkorea.or.kr/cms/resource/10/1941710_image3_1.jpg";"Type3";"126.9469687373";"37.3548893625";"6";"20230912102218";"7";"031-455-3366";"군포역전시장";"15855";0
"대덕구 중리북로37번길 26";"(중리동)";"3";"";"A04";"A0401";"A04010200";"1128853";"38";"20101116193242";"http://tong.visitkorea.or.kr/cms/resource/68/1946468_image2_1.jpg";"http://tong.visitkorea.or.kr/cms/resource/68/1946468_image3_1.jpg";"Type3";"127.4257861986";"36.3653424205";"6";"20230822171937";"1";"042-623-1040";"대전 중리전통시장";"34389";0
"구미시 고아읍 강정4길 63-6";"";"35";"0";"A02";"A0201";"A02010700";"1129226";"12";"20101117021118";"http://tong.visitkorea.or.kr/cms/resource/25/2493425_image2_1.jpg";"http://tong.visitkorea.or.kr/cms/resource/25/2493425_image2_1.jpg";"Type3";"128.3624936073";"36.1956009637";"6";"20230802210014";"4";"";"매학정일원";"39151";0
"서초구 매헌로 99";"(양재동)";"1";"0";"A01";"A0101";"A01010400";"1131275";"12";"20101119223407";"http://tong.visitkorea.or.kr/cms/resource/66/2668466_image2_1.jpg";"http://tong.visitkorea.or.kr/cms/resource/66/2668466_image3_1.jpg";"Type3";"127.0369572316";"37.4730383770";"6";"20230327162902";"15";"";"매헌 시민의 숲";"06773";0
"평창군 봉평면 평온길 14-13";"";"32";"";"B02";"B0201";"B02010900";"1135668";"32";"20101129193540";"http://tong.visitkorea.or.kr/cms/resource/90/2573790_image2_1.PNG";"http://tong.visitkorea.or.kr/cms/resource/90/2573790_image2_1.PNG";"Type3";"128.3817316152";"37.6017983245";"6";"20230702111229";"15";"033-335-8001";"베리온리조트";"25310";0
"울릉군 북면 천부리";"(북면)";"35";"0";"A02";"A0205";"A02050600";"1136251";"12";"20101130004144";"http://tong.visitkorea.or.kr/cms/resource/53/2534153_image2_1.jpg";"http://tong.visitkorea.or.kr/cms/resource/53/2534153_image2_1.jpg";"Type3";"130.9021779272";"37.5389059153";"6";"20230610074623";"17";"";"석포전망대";"40213";0
"마포구 대흥로20길 28";"(대흥동)";"1";"0";"A02";"A0206";"A02060600";"1138199";"14";"20101201205039";"http://tong.visitkorea.or.kr/cms/resource/04/1570704_image2_1.jpg";"http://tong.visitkorea.or.kr/cms/resource/04/1570704_image3_1.jpg";"Type3";"126.9454967222";"37.5498944782";"6";"20231205165150";"13";"";"마포아트센터";"04136";0
"목포시 북항로149번길 8";"";"38";"";"B02";"B0201";"B02010900";"1138765";"32";"20101202010818";"http://tong.visitkorea.or.kr/cms/resource/08/1972208_image2_1.jpg";"http://tong.visitkorea.or.kr/cms/resource/08/1972208_image3_1.jpg";"Type3";"126.3679868872";"34.8025184576";"6";"20230919175026";"8";"061-243-0588";"베니스모텔";"58626";0
"성남시 분당구 구미로 120";"(구미동)";"31";"";"A03";"A0302";"A03021200";"1141128";"28";"20101204060123";"http://tong.visitkorea.or.kr/cms/resource/35/1893535_image2_1.jpg";"http://tong.visitkorea.or.kr/cms/resource/35/1893535_image3_1.jpg";"Type3";"127.1221421382";"37.3398081343";"6";"20231207171616";"12";"";"미필스키랜드";"13622";0
"청도군 각북면 헐티로 787";"";"35";"0";"A02";"A0203";"A02030400";"1141694";"12";"20101206234734";"http://tong.visitkorea.or.kr/cms/resource/81/1140681_image2_1.jpg";"http://tong.visitkorea.or.kr/cms/resource/81/1140681_image3_1.jpg";"Type3";"128.5903570966";"35.6864517583";"6";"20230417135126";"20";"";"비슬도예원";"38302";0
"여수시 교동남1길 6-3";"";"38";"";"B02";"B0201";"B02010900";"1144770";"32";"20101210233727";"http://tong.visitkorea.or.kr/cms/resource/64/1151064_image2_1.jpg";"http://tong.visitkorea.or.kr/cms/resource/64/1151064_image3_1.jpg";"Type3";"127.7333017539";"34.7396735106";"6";"20230919180706";"13";"061-663-3347";"다이아모텔";"59735";0
"예산군 대흥면 동서리";"";"34";"0";"A02";"A0201";"A02010100";"1166019";"12";"20110110223615";"http://tong.visitkorea.or.kr/cms/resource/72/2518372_image2_1.jpg";"http://tong.visitkorea.or.kr/cms/resource/72/2518372_image2_1.jpg";"Type3";"126.7884146792";"36.6067479597";"6";"20230309152754";"11";"";"대흥동헌";"32450";0
"강화군 강화읍 강화대로 335";"";"2";"";"A04";"A0401";"A04010600";"1177090";"38";"20110119020457";"http://tong.visitkorea.or.kr/cms/resource/72/1163172_image2_1.jpg";"http://tong.visitkorea.or.kr/cms/resource/72/1163172_image3_1.jpg";"Type3";"126.4924882782";"37.7421168236";"6";"20230926163233";"1";"032-933-8913";"강화 인삼센터";"23027";0
"용인시 처인구 모현면 오산로 132-1";"";"31";"0";"A01";"A0101";"A01010500";"1177867";"12";"20110120001048";"http://tong.visitkorea.or.kr/cms/resource/54/2364454_image2_1.jpg";"http://tong.visitkorea.or.kr/cms/resource/54/2364454_image3_1.jpg";"Type3";"127.1550729479";"37.3233106373";"6";"20230526092428";"23";"031-322-3245";"분당 어린이천문대";"16885";0
"강화군 강화읍 강화대로 429";"(강화읍)";"2";"";"A04";"A0401";"A04010200";"1178052";"38";"20110120013428";"http://tong.visitkorea.or.kr/cms/resource/80/1163180_image2_1.jpg";"http://tong.visitkorea.or.kr/cms/resource/80/1163180_image3_1.jpg";"Type3";"126.4835250274";"37.7486936757";"6";"20231116143645";"1";"032-933-7104";"강화 중앙시장";"23033";0
"안동시 풍천면 광덕솔밭길 72";"";"35";"0";"A01";"A0102";"A01020200";"1180825";"12";"20110122014909";"http://tong.visitkorea.or.kr/cms/resource/21/2654421_image2_1.jpg";"http://tong.visitkorea.or.kr/cms/resource/21/2654421_image3_1.jpg";"Type3";"128.5179949085";"36.5446001818";"6";"20240315134853";"11";"";"부용대";"36757";0
"안동시 풍산읍 풍산단호로 388";"";"35";"0";"A02";"A0206";"A02060300";"1181087";"14";"20110122023956";"http://tong.visitkorea.or.kr/cms/resource/15/1134015_image2_1.jpg";"http://tong.visitkorea.or.kr/cms/resource/15/1134015_image3_1.jpg";"Type3";"128.5909104253";"36.5523951009";"6";"20230915175405";"11";"";"마애선사유적전시관";"36621";0
"안동시 풍산읍 지풍로 1975-1";"";"35";"0";"A02";"A0201";"A02010700";"1181386";"12";"20110124184406";"http://tong.visitkorea.or.kr/cms/resource/95/2534195_image2_1.jpg";"http://tong.visitkorea.or.kr/cms/resource/95/2534195_image2_1.jpg";"Type3";"128.5502132812";"36.5788746484";"6";"20230117162249";"11";"";"삼귀정";"36617";0
"공주시 금벽로 990";"(석장리동)";"34";"0";"A02";"A0206";"A02060100";"1184872";"14";"20110126184742";"http://tong.visitkorea.or.kr/cms/resource/09/1129209_image2_1.jpg";"http://tong.visitkorea.or.kr/cms/resource/09/1129209_image3_1.jpg";"Type3";"127.1875830683";"36.4479454091";"6";"20230331131302";"1";"";"석장리박물관";"32591";0
"임실군 강진면 옥정호로 608-13";"";"37";"0";"A02";"A0205";"A02050600";"1185879";"12";"202401181743";"http://tong.visitkorea.or.kr/cms/resource/95/3061495_image2_1.jpg";"http://tong.visitkorea.or.kr/cms/resource/95/3061495_image3_1.jpg";"Type3";"127.1116804032";"35.5423917655";"6";"20240118174312";"10";"";"섬진강댐";"55940";0
"담양군 금성면 원율길 12";"";"38";"0";"A02";"A0206";"A02060300";"1186650";"14";"20110127015200";"http://tong.visitkorea.or.kr/cms/resource/40/1117540_image2_1.jpg";"http://tong.visitkorea.or.kr/cms/resource/40/1117540_image3_1.jpg";"Type3";"127.0312368377";"35.3525118943";"6";"20231205145451";"7";"";"대나무 건강나라";"57301";0
"여주시 금사면 수부촌길 35";"(금사면)";"31";"0";"A02";"A0201";"A02010700";"1186964";"12";"20110127030355";"http://tong.visitkorea.or.kr/cms/resource/25/3060425_image2_1.jpg";"http://tong.visitkorea.or.kr/cms/resource/25/3060425_image3_1.jpg";"Type3";"127.5316866661";"37.3985587545";"6";"20231206104813";"20";"";"봉서정";"12604";0
"부여군 부여읍 금성로 5";"";"34";"";"A02";"A0207";"A02070200";"1189615";"15";"20110128223920";"http://tong.visitkorea.or.kr/cms/resource/46/3094646_image2_1.jpg";"http://tong.visitkorea.or.kr/cms/resource/46/3094646_image3_1.jpg";"Type3";"126.9179090801";"36.2756881980";"6";"20240319141751";"6";"041-830-8413";"설 맞이 어울마당";"33156";0
"중구 서소문로11길 19";"(정동)";"1";"0";"A02";"A0206";"A02060100";"1198901";"14";"20110209185836";"http://tong.visitkorea.or.kr/cms/resource/12/1894412_image2_1.jpg";"http://tong.visitkorea.or.kr/cms/resource/12/1894412_image3_1.jpg";"Type3";"126.9724494351";"37.5635461519";"6";"20231207111622";"24";"";"배재학당역사박물관";"04516";0
"가평군 북면 논남기길 402-19";"";"31";"0";"A02";"A0201";"A02010300";"1201163";"12";"20110210230729";"http://tong.visitkorea.or.kr/cms/resource/98/2480698_image2_1.jpg";"http://tong.visitkorea.or.kr/cms/resource/98/2480698_image2_1.jpg";"Type3";"127.4214078804";"37.9689765715";"6";"20230816145533";"1";"";"강영천효자문";"12400";0
"부평구 동암광장로4번길 12";"";"2";"";"B02";"B0201";"B02010900";"1204528";"32";"20110215213441";"http://tong.visitkorea.or.kr/cms/resource/36/1213836_image2_1.jpg";"http://tong.visitkorea.or.kr/cms/resource/36/1213836_image3_1.jpg";"Type3";"126.7016156268";"37.4704965856";"6";"20230921150157";"6";"032-421-0381";"고추잠자리";"21446";0
"여수시 교동남1길 6-12";"";"38";"";"B02";"B0201";"B02010900";"1209406";"32";"20110220044401";"http://tong.visitkorea.or.kr/cms/resource/23/1351823_image2_1.JPG";"http://tong.visitkorea.or.kr/cms/resource/23/1351823_image3_1.JPG";"Type3";"127.7330323280";"34.7398707061";"6";"20240221144135";"13";"061-665-5757";"모텔티";"59735";0
"가평군 북면 가화로 777";"";"31";"";"A05";"A0502";"A05020100";"1210331";"39";"20110222003528";"http://tong.visitkorea.or.kr/cms/resource/83/1927483_image2_1.jpg";"http://tong.visitkorea.or.kr/cms/resource/83/1927483_image3_1.jpg";"Type3";"127.5296896087";"37.8765948894";"6";"20231221154417";"1";"031-582-9462";"명지쉼터가든";"12407";0
"아산시 음봉면 아산온천로243번길 123";"";"34";"";"B02";"B0201";"B02010900";"1212541";"32";"20120824012425";"http://tong.visitkorea.or.kr/cms/resource/22/1926322_image2_1.JPG";"http://tong.visitkorea.or.kr/cms/resource/22/1926322_image2_1.JPG";"Type3";"126.9852402333";"36.8540979343";"6";"20231218161323";"9";"041-543-0568";"리베라미니호텔";"31442";0
"남양주시 수동면 비룡로 1635";"";"31";"0";"A02";"A0203";"A02030100";"1213516";"12";"20110222234150";"http://tong.visitkorea.or.kr/cms/resource/22/1782022_image2_1.jpg";"http://tong.visitkorea.or.kr/cms/resource/22/1782022_image3_1.jpg";"Type3";"127.2759606441";"37.7580762441";"6";"20231208121119";"9";"";"몽골문화촌";"12024";2426
"목포시 원산중앙로 51";"";"38";"";"A04";"A0401";"A04010200";"1227095";"38";"20110314194047";"http://tong.visitkorea.or.kr/cms/resource/50/1163350_image2_1.jpg";"http://tong.visitkorea.or.kr/cms/resource/50/1163350_image3_1.jpg";"Type3";"126.3775525232";"34.8102316343";"6";"20230423003049";"8";"목포신중앙시장 061-273-1733<br>
목포시청 관광경제 061-270-8087<br>";"목포 신중앙시장";"58637";0
"구미시 남구미로";"(공단동) 일대";"35";"0";"A01";"A0101";"A01011800";"1236810";"12";"20110321221524";"http://tong.visitkorea.or.kr/cms/resource/15/1227915_image2_1.jpg";"http://tong.visitkorea.or.kr/cms/resource/15/1227915_image3_1.jpg";"Type3";"128.3868640183";"36.0838530046";"6";"20231116171336";"4";"";"낙동강";"39382";0
"강화군 내가면 해안서로 899-2";"";"2";"";"A04";"A0401";"A04010900";"1249666";"38";"20110404224707";"http://tong.visitkorea.or.kr/cms/resource/82/1946482_image2_1.jpg";"http://tong.visitkorea.or.kr/cms/resource/82/1946482_image3_1.jpg";"Type3";"126.3784665487";"37.7007946382";"6";"20230811141632";"1";"032-933-2497";"강화젓갈";"23054";0
"중구 인교동";"";"4";"0";"A02";"A0203";"A02030600";"1249812";"12";"20110404235046";"http://tong.visitkorea.or.kr/cms/resource/46/2493946_image2_1.jpg";"http://tong.visitkorea.or.kr/cms/resource/46/2493946_image2_1.jpg";"Type3";"128.5838136357";"35.8722695138";"6";"20240312093112";"8";"";"대구 오토바이골목";"41921";0
"강남구 압구정로71길 14";"(청담동)";"1";"0";"A02";"A0206";"A02060500";"1252563";"14";"20110408190108";"http://tong.visitkorea.or.kr/cms/resource/61/1258061_image2_1.jpg";"http://tong.visitkorea.or.kr/cms/resource/61/1258061_image3_1.jpg";"Type3";"127.0458882102";"37.5275211007";"6";"20231204164623";"1";"";"갤러리 엠";"06010";0
"성동구 마장로33길 53";"(마장동)";"1";"";"A04";"A0401";"A04010200";"1253230";"38";"20110409003220";"http://tong.visitkorea.or.kr/cms/resource/40/2489440_image2_1.png";"http://tong.visitkorea.or.kr/cms/resource/40/2489440_image2_1.png";"Type3";"127.0400208612";"37.5704021247";"6";"20230918144912";"16";"";"마장 축산물시장";"04748";0
"문경시 불정길 180";"(불정동)";"35";"0";"A01";"A0101";"A01010600";"125407";"12";"20030616090000";"http://tong.visitkorea.or.kr/cms/resource/83/1070183_image2_1.jpg";"http://tong.visitkorea.or.kr/cms/resource/83/1070183_image3_1.jpg";"Type3";"128.1342658631";"36.6188262440";"6";"20230227161515";"7";"";"불정자연휴양림";"36987";0
"거창군 위천면 금원산길 412";"";"36";"0";"A01";"A0101";"A01010600";"125411";"12";"20040127090000";"http://tong.visitkorea.or.kr/cms/resource/76/2720276_image2_1.JPG";"http://tong.visitkorea.or.kr/cms/resource/76/2720276_image2_1.JPG";"Type3";"127.7978979786";"35.7314878927";"6";"20240417175603";"2";"";"금원산자연휴양림";"50103";0
"제천시 백운면 금봉로 223";"";"33";"0";"A01";"A0101";"A01010600";"125422";"12";"20030616090000";"http://tong.visitkorea.or.kr/cms/resource/39/3061139_image2_1.JPG";"http://tong.visitkorea.or.kr/cms/resource/39/3061139_image3_1.JPG";"Type3";"128.0455253163";"37.1475999931";"6";"20240419135258";"7";"";"박달재자연휴양림";"27105";0
"충주시 가금면 수룡봉황길 540";"";"33";"0";"A01";"A0101";"A01010600";"125423";"12";"20030616090000";"http://tong.visitkorea.or.kr/cms/resource/16/3061916_image2_1.jpg";"http://tong.visitkorea.or.kr/cms/resource/16/3061916_image3_1.jpg";"Type3";"127.8246921445";"37.0601643172";"6";"20231207120124";"11";"";"봉황자연휴양림";"380-921,2";0
"동구 산내로 106";"(하소동)";"3";"0";"A01";"A0101";"A01010600";"125429";"12";"20030616090000";"http://tong.visitkorea.or.kr/cms/resource/01/3033301_image2_1.JPG";"http://tong.visitkorea.or.kr/cms/resource/01/3033301_image3_1.JPG";"Type3";"127.4545991589";"36.2021449168";"6";"20231107135312";"2";"";"만인산푸른학습원";"34712";0
"횡성군 우천면 전재로90번길 49";"";"32";"0";"A02";"A0204";"A02040800";"125435";"12";"20030612090000";"http://tong.visitkorea.or.kr/cms/resource/89/1583989_image2_1.jpg";"http://tong.visitkorea.or.kr/cms/resource/89/1583989_image3_1.jpg";"Type3";"128.0805414649";"37.4374977468";"6";"20230703075730";"18";"";"새말관광농원";"25250";0
"보령시 주교면 문화마을길 178-58";"";"34";"0";"A02";"A0204";"A02040800";"125437";"12";"20021203090000";"http://tong.visitkorea.or.kr/cms/resource/14/1947314_image2_1.jpg";"http://tong.visitkorea.or.kr/cms/resource/14/1947314_image3_1.jpg";"Type3";"126.5917719982";"36.3698162223";"6";"20231113113559";"5";"";"대천오토캠핑장";"33446";0
"제주시 한경면 녹차분재로 675";"(한경면)";"39";"0";"A01";"A0101";"A01010700";"125445";"12";"20031212090000";"http://tong.visitkorea.or.kr/cms/resource/20/3027020_image2_1.jpg";"http://tong.visitkorea.or.kr/cms/resource/20/3027020_image3_1.jpg";"Type3";"126.2551753838";"33.3254009536";"6";"20231027172524";"4";"";"생각하는 정원";"63005";0
"고창군 공음면 학원농장길 158-6";"";"37";"0";"A02";"A0204";"A02040800";"125447";"12";"20030731090000";"http://tong.visitkorea.or.kr/cms/resource/18/3083118_image2_1.jpg";"http://tong.visitkorea.or.kr/cms/resource/18/3083118_image3_1.jpg";"Type3";"126.5436322760";"35.3761454219";"6";"20240418163659";"1";"";"보리나라 학원농장";"56462";0
"포천시 이동면";", 영북면";"31";"0";"A01";"A0101";"A01010400";"125455";"12";"20031124090000";"http://tong.visitkorea.or.kr/cms/resource/88/1955788_image2_1.jpg";"http://tong.visitkorea.or.kr/cms/resource/88/1955788_image3_1.jpg";"Type3";"127.3111023223";"38.0285731445";"6";"20231107094724";"29";"";"관음산";"11112";0
"가평군 북면";"";"31";"0";"A01";"A0101";"A01010400";"125462";"12";"20030331090000";"http://tong.visitkorea.or.kr/cms/resource/23/1900123_image2_1.jpg";"http://tong.visitkorea.or.kr/cms/resource/23/1900123_image3_1.jpg";"Type3";"127.5683098007";"37.9202321907";"6";"20231109162251";"1";"";"가덕산";"477-840,1";0
"포천시 이동면 장암리";"";"31";"0";"A01";"A0101";"A01010400";"125463";"12";"20030725090000";"http://tong.visitkorea.or.kr/cms/resource/29/1900129_image2_1.jpg";"http://tong.visitkorea.or.kr/cms/resource/29/1900129_image3_1.jpg";"Type3";"127.4028046120";"38.0433008935";"6";"20231107095627";"29";"";"가리산(포천)";"11111";0
"이천시 마장면 서이천로";"";"31";"0";"A01";"A0101";"A01010400";"125465";"12";"20030502090000";"http://tong.visitkorea.or.kr/cms/resource/40/3060440_image2_1.jpg";"http://tong.visitkorea.or.kr/cms/resource/40/3060440_image3_1.jpg";"Type3";"127.3925641313";"37.2670047754";"6";"20231206105821";"26";"";"도드람산(저명산)";"17384";0
"가평군 가평읍 두밀리";", 하면 현리";"31";"0";"A01";"A0101";"A01010400";"125467";"12";"20030331090000";"http://tong.visitkorea.or.kr/cms/resource/33/1900133_image2_1.jpg";"http://tong.visitkorea.or.kr/cms/resource/33/1900133_image3_1.jpg";"Type3";"127.4363222043";"37.8130533403";"6";"20231025134839";"1";"";"대금산(경기)";"477-806,2";0
"강화군 강화읍 해안동로1366번길 18";"";"2";"0";"A02";"A0201";"A02010200";"1254680";"12";"20110412020054";"http://tong.visitkorea.or.kr/cms/resource/72/1579072_image2_1.jpg";"http://tong.visitkorea.or.kr/cms/resource/72/1579072_image3_1.jpg";"Type3";"126.5171140395";"37.7335377029";"6";"20240408103143";"1";"";"갑곶돈대";"23027";0
"포천시 이동면 도평리";"";"31";"0";"A01";"A0101";"A01010400";"125469";"12";"20030725090000";"http://tong.visitkorea.or.kr/cms/resource/60/2632160_image2_1.jpg";"http://tong.visitkorea.or.kr/cms/resource/60/2632160_image3_1.jpg";"Type3";"127.3504217471";"38.0956743687";"6";"20231116171100";"29";"";"명성산";"11103";0
"포천시 이동면 포화로 236-73";"강원특별자치도 화천군 사내면 광덕리";"31";"0";"A01";"A0101";"A01010400";"125471";"12";"20031125090000";"http://tong.visitkorea.or.kr/cms/resource/84/3024484_image2_1.jpg";"http://tong.visitkorea.or.kr/cms/resource/84/3024484_image3_1.jpg";"Type3";"127.4103614172";"38.0716171728";"6";"20231025105503";"29";"";"백운산(포천)";"11110";0
"가평군 북면 화악리";"";"31";"0";"A01";"A0101";"A01010400";"125483";"12";"20031125090000";"http://tong.visitkorea.or.kr/cms/resource/55/1900155_image2_1.jpg";"http://tong.visitkorea.or.kr/cms/resource/55/1900155_image3_1.jpg";"Type3";"127.6030556042";"37.9549704564";"6";"20231109162340";"1";"";"몽덕산";"12402";0
"남양주시 수동면 내방리";"(수동관광지 내)";"31";"0";"A01";"A0101";"A01010900";"125489";"12";"20030806090000";"http://tong.visitkorea.or.kr/cms/resource/05/3077105_image2_1.jpg";"http://tong.visitkorea.or.kr/cms/resource/05/3077105_image3_1.jpg";"Type3";"127.2769577910";"37.7575402135";"6";"20231229145706";"9";"";"비금계곡";"472-850,1";0
"가평군 북면 적목리";"산 45";"31";"0";"A01";"A0101";"A01010900";"125493";"12";"20060608090000";"http://tong.visitkorea.or.kr/cms/resource/93/1942593_image2_1.jpg";"http://tong.visitkorea.or.kr/cms/resource/93/1942593_image3_1.jpg";"Type3";"127.4777426257";"37.9350371234";"6";"20240124100925";"1";"";"명지계곡";"477-841,1";0
"강화군 강화읍 강화대로";"";"2";"0";"A01";"A0101";"A01011300";"125502";"12";"20060302090000";"http://tong.visitkorea.or.kr/cms/resource/73/1924973_image2_1.jpg";"http://tong.visitkorea.or.kr/cms/resource/73/1924973_image3_1.jpg";"Type3";"126.4877441465";"37.7465023392";"6";"20231013170319";"1";"";"강화도";"23031";0
"옹진군 백령면 백령로";"일대";"2";"0";"A01";"A0101";"A01011300";"125505";"12";"20030908090000";"http://tong.visitkorea.or.kr/cms/resource/72/1824172_image2_1.jpg";"http://tong.visitkorea.or.kr/cms/resource/72/1824172_image3_1.jpg";"Type3";"124.6766833194";"37.9644016397";"6";"20230824173602";"9";"";"백령도";"23103";0
"가평군 상면 덕현산장길 74";"(상면)";"31";"0";"A02";"A0202";"A02020200";"125513";"12";"20031028090000";"http://tong.visitkorea.or.kr/cms/resource/90/3077290_image2_1.jpg";"http://tong.visitkorea.or.kr/cms/resource/90/3077290_image3_1.jpg";"Type3";"127.4135593243";"37.7543291982";"6";"20240117153242";"1";"";"산장관광지";"12446";0
"포천시 소흘읍 죽엽산로 452";"";"31";"0";"A01";"A0101";"A01011800";"125521";"12";"20020430090000";"http://tong.visitkorea.or.kr/cms/resource/94/765594_image2_1.jpg";"http://tong.visitkorea.or.kr/cms/resource/94/765594_image3_1.jpg";"Type3";"127.1638252451";"37.7990722068";"6";"20231026112512";"29";"";"고모저수지";"11185";0
"포천시 영중면 호국로 2671-22";"";"31";"0";"A02";"A0202";"A02020700";"125522";"12";"20031106090000";"http://tong.visitkorea.or.kr/cms/resource/43/738943_image2_1.jpg";"http://tong.visitkorea.or.kr/cms/resource/43/738943_image3_1.jpg";"Type3";"127.2417961429";"37.9818662117";"6";"20231122112847";"29";"";"백로주유원지";"11131";0
"안성시 낙원길 78";"";"31";"0";"A02";"A0202";"A02020700";"125524";"12";"20031106090000";"http://tong.visitkorea.or.kr/cms/resource/08/2480308_image2_1.jpg";"http://tong.visitkorea.or.kr/cms/resource/08/2480308_image2_1.jpg";"Type3";"127.2732572764";"37.0054133917";"6";"20230725095320";"16";"";"낙원역사공원";"17592";0
"강화군 삼산남로828번길 44 보문사";"";"2";"0";"A02";"A0201";"A02010800";"125533";"12";"20060302090000";"http://tong.visitkorea.or.kr/cms/resource/48/1990048_image2_1.jpg";"http://tong.visitkorea.or.kr/cms/resource/48/1990048_image3_1.jpg";"Type3";"126.3209693887";"37.6883423069";"6";"20240319155511";"1";"";"보문사(강화)";"23007";0
"양평군 용문면 상원사길 292";"";"31";"0";"A02";"A0201";"A02010800";"125539";"12";"20031028090000";"http://tong.visitkorea.or.kr/cms/resource/36/2627336_image2_1.jpg";"http://tong.visitkorea.or.kr/cms/resource/36/2627336_image3_1.jpg";"Type3";"127.5530887291";"37.5485639894";"6";"20230413094600";"19";"";"상원사(용문산)";"12509";0
"양주시 장흥면 권율로 223";"";"31";"0";"A02";"A0201";"A02010700";"125547";"12";"20020510090000";"http://tong.visitkorea.or.kr/cms/resource/83/3067583_image2_1.jpg";"http://tong.visitkorea.or.kr/cms/resource/83/3067583_image3_1.jpg";"Type3";"126.9496050221";"37.7335842928";"6";"20231213135745";"18";"";"권율장군묘";"11519";0
"고양시 덕양구 벽제관로 34-16";"";"31";"0";"A02";"A0201";"A02010700";"125549";"12";"20020510090000";"http://tong.visitkorea.or.kr/cms/resource/83/720483_image2_1.jpg";"http://tong.visitkorea.or.kr/cms/resource/83/720483_image3_1.jpg";"Type3";"126.9003436904";"37.7042646003";"6";"20240125110711";"2";"";"고양 벽제관지";"10274";0
"김포시 북변중로25번길 38";"(북변동)";"31";"0";"A02";"A0201";"A02010700";"125558";"12";"20021202090000";"http://tong.visitkorea.or.kr/cms/resource/91/1591691_image2_1.jpg";"http://tong.visitkorea.or.kr/cms/resource/91/1591691_image3_1.jpg";"Type3";"126.7099244456";"37.6247287950";"6";"20240126105157";"8";"";"김포향교";"10106";0
"강화군 강화읍 국화리 산3번지";"국화리, 신문리, 관청리, 남산리";"2";"1";"A02";"A0201";"A02010200";"125564";"12";"20060302090000";"http://tong.visitkorea.or.kr/cms/resource/34/1579234_image2_1.jpg";"http://tong.visitkorea.or.kr/cms/resource/34/1579234_image3_1.jpg";"Type3";"126.4838970101";"37.7560400476";"6";"20231117102300";"1";"";"강화산성";"417-800,1";0
"강화군 강화읍 해안동로1366번길 18";"";"2";"0";"A02";"A0201";"A02010200";"125567";"12";"20060302090000";"http://tong.visitkorea.or.kr/cms/resource/19/688619_image2_1.jpg";"http://tong.visitkorea.or.kr/cms/resource/19/688619_image3_1.jpg";"Type3";"126.5160196946";"37.7335599037";"6";"20231116115215";"1";"";"강화전적지";"23027";0
"이천시 관고동";"산 66-2 (일대)";"31";"0";"A01";"A0101";"A01010400";"125568";"12";"20030502090000";"http://tong.visitkorea.or.kr/cms/resource/54/3058354_image2_1.jpg";"http://tong.visitkorea.or.kr/cms/resource/54/3058354_image3_1.jpg";"Type3";"127.4134840534";"37.2813146113";"6";"20231205160239";"26";"";"설봉산";"17379";0
"안성시 서운면 산평리";"";"31";"0";"A02";"A0201";"A02010200";"125571";"12";"20020402090000";"http://tong.visitkorea.or.kr/cms/resource/60/2736260_image2_1.jpg";"http://tong.visitkorea.or.kr/cms/resource/60/2736260_image2_1.jpg";"Type3";"127.2668266570";"36.9287443380";"6";"20230718133812";"16";"";"서운산성";"17609";0
"강릉시 사천면 산284-1";"";"32";"0";"A01";"A0101";"A01010200";"125588";"12";"20040203090000";"http://tong.visitkorea.or.kr/cms/resource/06/3024906_image2_1.jpg";"http://tong.visitkorea.or.kr/cms/resource/06/3024906_image3_1.jpg";"Type3";"128.8807685966";"37.8274012786";"6";"20231114143134";"1";"";"경포도립공원";"25460";0
"양양군 강현면 일출로 42";"";"32";"0";"A01";"A0101";"A01010200";"125589";"12";"20031014090000";"http://tong.visitkorea.or.kr/cms/resource/45/3045745_image2_1.jpg";"http://tong.visitkorea.or.kr/cms/resource/45/3045745_image3_1.jpg";"Type3";"128.6313821755";"38.1161018139";"6";"20231122100443";"7";"033-670-2418";"낙산도립공원";"25009";0
"홍천군 두촌면 가리산길 260-9";"(두촌면)";"32";"0";"A01";"A0101";"A01010400";"125593";"12";"20030327090000";"http://tong.visitkorea.or.kr/cms/resource/86/609386_image2_1.jpg";"http://tong.visitkorea.or.kr/cms/resource/86/609386_image3_1.jpg";"Type3";"127.9566453426";"37.8716589858";"6";"20231117175929";"16";"";"가리산(홍천)";"25164";0
"평창군 평창읍 원당리";"";"32";"0";"A01";"A0101";"A01010400";"125596";"12";"20030302090000";"http://tong.visitkorea.or.kr/cms/resource/88/2535788_image2_1.jpg";"http://tong.visitkorea.or.kr/cms/resource/88/2535788_image2_1.jpg";"Type3";"128.2897589983";"37.4277639186";"6";"20230705132724";"15";"";"백덕산(평창)";"232-801,21";0
"삼척시 하장면 두타로";"";"32";"0";"A01";"A0101";"A01010400";"125597";"12";"20040226090000";"http://tong.visitkorea.or.kr/cms/resource/68/3070668_image2_1.jpg";"http://tong.visitkorea.or.kr/cms/resource/68/3070668_image3_1.jpg";"Type3";"129.0218137134";"37.3936041065";"6";"20231215121440";"4";"";"두타산";"25901";0
"원주시 신림면 황둔리";"";"32";"0";"A01";"A0101";"A01010400";"125600";"12";"20030430090000";"http://tong.visitkorea.or.kr/cms/resource/73/1536673_image2_1.jpg";"http://tong.visitkorea.or.kr/cms/resource/73/1536673_image3_1.jpg";"Type3";"128.1500300952";"37.2330309839";"6";"20231122113330";"9";"";"감악산(원주)";"27108";0
"춘천시 서면 경춘로 1401-25";"";"32";"0";"A01";"A0101";"A01010400";"125604";"12";"20021216090000";"http://tong.visitkorea.or.kr/cms/resource/87/2742887_image2_1.jpg";"http://tong.visitkorea.or.kr/cms/resource/87/2742887_image3_1.jpg";"Type3";"127.6593320769";"37.8257698724";"6";"20230703082258";"13";"";"삼악산(춘천)";"24462";0
"춘천시 남산면 일원";"";"32";"0";"A02";"A0202";"A02020700";"125605";"12";"20031107090000";"http://tong.visitkorea.or.kr/cms/resource/22/2739722_image2_1.jpg";"http://tong.visitkorea.or.kr/cms/resource/22/2739722_image3_1.jpg";"Type3";"127.6325486998";"37.8157038798";"6";"20230725164614";"13";"";"강촌유원지";"24465";0
"평창군 용평면 운두령로 1243";"";"32";"0";"A01";"A0101";"A01010400";"125612";"12";"20031209090000";"http://tong.visitkorea.or.kr/cms/resource/63/1172063_image2_1.jpg";"http://tong.visitkorea.or.kr/cms/resource/63/1172063_image3_1.jpg";"Type3";"128.4445449860";"37.7071512180";"6";"20231109173904";"15";"";"계방산(평창)";"25312";0
"양양군 서면 오색리";"";"32";"0";"A01";"A0101";"A01010400";"125621";"12";"20021216090000";"http://tong.visitkorea.or.kr/cms/resource/61/2746861_image2_1.jpg";"http://tong.visitkorea.or.kr/cms/resource/61/2746861_image3_1.jpg";"Type3";"128.4588238001";"38.0849548701";"6";"20240229094150";"7";"";"설악산 대청봉";"";0
"철원군 동송읍";"";"32";"0";"A01";"A0101";"A01010900";"125625";"12";"20040227090000";"http://tong.visitkorea.or.kr/cms/resource/75/3040675_image2_1.jpg";"http://tong.visitkorea.or.kr/cms/resource/75/3040675_image3_1.jpg";"Type3";"127.1885986811";"38.1561782110";"6";"20231115175652";"12";"";"담터계곡";"24026";0
"인제군 서화면 서흥리";"";"32";"0";"A01";"A0101";"A01010900";"125630";"12";"20030826090000";"http://tong.visitkorea.or.kr/cms/resource/15/182115_image2_1.jpg";"http://tong.visitkorea.or.kr/cms/resource/15/182115_image3_1.jpg";"Type3";"128.1578055727";"38.2129508491";"6";"20231120161546";"10";"";"고원통계곡";"24608";0
"인제군 북면 용대리";"";"32";"0";"A01";"A0101";"A01010900";"125631";"12";"20030826090000";"http://tong.visitkorea.or.kr/cms/resource/45/1813545_image2_1.jpg";"http://tong.visitkorea.or.kr/cms/resource/45/1813545_image3_1.jpg";"Type3";"128.3403395264";"38.1942037592";"6";"20231120164952";"10";"";"구만동계곡";"24606";0
"인제군 서화면 심적리";"";"32";"0";"A01";"A0101";"A01010900";"125633";"12";"20030813090000";"http://tong.visitkorea.or.kr/cms/resource/68/1841968_image2_1.jpg";"http://tong.visitkorea.or.kr/cms/resource/68/1841968_image3_1.jpg";"Type3";"128.1928734041";"38.2517414412";"6";"20240105180539";"10";"";"내심적계곡";"24600";0
"인제군 상남면 내린천로 1712";"";"32";"0";"A01";"A0101";"A01010900";"125634";"12";"20030826090000";"http://tong.visitkorea.or.kr/cms/resource/63/1841963_image2_1.jpg";"http://tong.visitkorea.or.kr/cms/resource/63/1841963_image3_1.jpg";"Type3";"128.3151962378";"37.8684661547";"6";"20230703181925";"10";"";"미산계곡";"24666";0
"강릉시 강동면 단경로 841";"(강동면)";"32";"0";"A02";"A0202";"A02020700";"125636";"12";"20040227090000";"http://tong.visitkorea.or.kr/cms/resource/34/3016134_image2_1.jpg";"http://tong.visitkorea.or.kr/cms/resource/34/3016134_image3_1.jpg";"Type3";"128.9164479523";"37.6724226769";"6";"20230926165030";"1";"";"단경골 휴양지";"25628";0
"평창군 평창읍 뇌운계곡로";"";"32";"0";"A01";"A0101";"A01010900";"125638";"12";"20030807090000";"http://tong.visitkorea.or.kr/cms/resource/17/754917_image2_1.jpg";"http://tong.visitkorea.or.kr/cms/resource/17/754917_image3_1.jpg";"Type3";"128.3807372883";"37.4152559729";"6";"20231108143603";"15";"";"뇌운계곡";"25368";0
"삼척시 근덕면 내평길";"";"32";"0";"A01";"A0101";"A01010900";"125639";"12";"20040224090000";"http://tong.visitkorea.or.kr/cms/resource/46/3070946_image2_1.jpg";"http://tong.visitkorea.or.kr/cms/resource/46/3070946_image3_1.jpg";"Type3";"129.2144540958";"37.3263461536";"6";"20231215140638";"4";"033-572-2011";"내평계곡";"25936";0
"삼척시 가곡면 가곡천로";"";"32";"0";"A01";"A0101";"A01010900";"125640";"12";"20040224090000";"http://tong.visitkorea.or.kr/cms/resource/58/1955358_image2_1.jpg";"http://tong.visitkorea.or.kr/cms/resource/58/1955358_image3_1.jpg";"Type3";"129.1290670175";"37.1523839142";"6";"20231115102738";"4";"";"동활계곡";"25953";0
"화천군 사내면 포화로 582";"";"32";"0";"A01";"A0101";"A01010900";"125642";"12";"20030901090000";"http://tong.visitkorea.or.kr/cms/resource/95/172295_image2_1.jpg";"http://tong.visitkorea.or.kr/cms/resource/95/172295_image3_1.jpg";"Type3";"127.4817103088";"38.0763151672";"6";"20231120162828";"17";"";"광덕계곡";"24150";0
"원주시 고문골길 169 (행구동)";"";"32";"0";"A01";"A0101";"A01010900";"125645";"12";"20030827090000";"http://tong.visitkorea.or.kr/cms/resource/29/3045629_image2_1.jpg";"http://tong.visitkorea.or.kr/cms/resource/29/3045629_image3_1.jpg";"Type3";"128.0141255047";"37.3336557250";"6";"20231122180716";"9";"";"관음사·국형사계곡";"26455";0
"횡성군 갑천면 병지방리";"";"32";"0";"A01";"A0101";"A01010900";"125646";"12";"20031209090000";"http://tong.visitkorea.or.kr/cms/resource/46/485646_image2_1.jpg";"http://tong.visitkorea.or.kr/cms/resource/46/485646_image3_1.jpg";"Type3";"128.0635938075";"37.5979344218";"6";"20231117101311";"18";"";"병지방계곡";"25251";0
"영월군 김삿갓면 내리계곡로";"";"32";"0";"A01";"A0101";"A01010900";"125649";"12";"20060509090000";"http://tong.visitkorea.or.kr/cms/resource/53/1955353_image2_1.jpg";"http://tong.visitkorea.or.kr/cms/resource/53/1955353_image3_1.jpg";"Type3";"128.6719841833";"37.1078163555";"6";"20231115155038";"8";"";"내리계곡";"26247";0
"양양군 강현면 둔전리";"";"32";"0";"A01";"A0101";"A01010900";"125650";"12";"20030827090000";"http://tong.visitkorea.or.kr/cms/resource/55/3077255_image2_1.jpg";"http://tong.visitkorea.or.kr/cms/resource/55/3077255_image3_1.jpg";"Type3";"128.5506449313";"38.1201275561";"6";"20231229162413";"7";"";"둔전계곡";"25006";0
"양양군 서면 공수전리";"";"32";"0";"A01";"A0101";"A01010900";"125651";"12";"20030827090000";"http://tong.visitkorea.or.kr/cms/resource/96/3045896_image2_1.jpg";"http://tong.visitkorea.or.kr/cms/resource/96/3045896_image3_1.jpg";"Type3";"128.5611022078";"38.0340155463";"6";"20231122103904";"7";"";"공수전계곡";"25037";0
"춘천시 서면 경춘로 1401-30";"";"32";"0";"A01";"A0101";"A01010800";"125655";"12";"20021216090000";"http://tong.visitkorea.or.kr/cms/resource/97/2742797_image2_1.jpg";"http://tong.visitkorea.or.kr/cms/resource/97/2742797_image3_1.jpg";"Type3";"127.6596487065";"37.8260420693";"6";"20230703163530";"13";"033-244-2331";"등선폭포(삼악산)";"24462";0
"홍천군 내촌면 와야리";"";"32";"0";"A01";"A0101";"A01010800";"125658";"12";"20030806090000";"http://tong.visitkorea.or.kr/cms/resource/55/1842055_image2_1.jpg";"http://tong.visitkorea.or.kr/cms/resource/55/1842055_image3_1.jpg";"Type3";"128.1601919204";"37.8328951114";"7";"20231117163615";"16";"";"가령폭포";"250-863,3";0
"양양군 서면 약수길";"";"32";"0";"A01";"A0101";"A01010900";"125668";"12";"20031014090000";"http://tong.visitkorea.or.kr/cms/resource/91/2746891_image2_1.jpg";"http://tong.visitkorea.or.kr/cms/resource/91/2746891_image3_1.jpg";"Type3";"128.4264574584";"38.0796465308";"6";"20240229095029";"7";"033-672-2883";"설악산 오색주전골";"25033";0
"강릉시 연곡면 소금강길 500";"";"32";"0";"A01";"A0101";"A01010800";"125669";"12";"20040203090000";"http://tong.visitkorea.or.kr/cms/resource/42/3029842_image2_1.jpg";"http://tong.visitkorea.or.kr/cms/resource/42/3029842_image3_1.jpg";"Type3";"128.6835093795";"37.8026919730";"6";"20231102095103";"1";"";"구룡폭포(소금강)";"25400";0
"속초시 설악산로";"(설악동)";"32";"0";"A01";"A0101";"A01010800";"125671";"12";"20031120090000";"http://tong.visitkorea.or.kr/cms/resource/10/2733310_image2_1.jpg";"http://tong.visitkorea.or.kr/cms/resource/10/2733310_image3_1.jpg";"Type3";"128.4855626441";"38.1872907018";"6";"20230703144342";"5";"033-636-7700";"비룡폭포";"24903";0
"동해시 삼화로 538";"(삼화동)";"32";"0";"A01";"A0101";"A01010900";"125677";"12";"20031014090000";"http://tong.visitkorea.or.kr/cms/resource/99/2741899_image2_1.jpg";"http://tong.visitkorea.or.kr/cms/resource/99/2741899_image3_1.jpg";"Type3";"129.0158009877";"37.4640430993";"6";"20240315152030";"3";"";"무릉계곡";"25746";0
"양양군 현남면 북분리";"산21-1";"32";"0";"A01";"A0101";"A01011200";"125682";"12";"20030710090000";"http://tong.visitkorea.or.kr/cms/resource/15/3076915_image2_1.jpg";"http://tong.visitkorea.or.kr/cms/resource/15/3076915_image3_1.jpg";"Type3";"128.7500032296";"37.9869302382";"6";"20231229120811";"7";"";"북분리해수욕장";"215-842,3";0
"고성군 현내면";"(현내면)";"32";"0";"A01";"A0101";"A01011200";"125683";"12";"20030710090000";"http://tong.visitkorea.or.kr/cms/resource/68/3006868_image2_1.jpg";"http://tong.visitkorea.or.kr/cms/resource/68/3006868_image3_1.jpg";"Type3";"128.4191502277";"38.5111266363";"6";"20230905185853";"2";"";"마차진해변";"24706";0
"양양군 현남면 동산리";"";"32";"0";"A01";"A0101";"A01011200";"125685";"12";"20030710090000";"http://tong.visitkorea.or.kr/cms/resource/43/3076843_image2_1.jpg";"http://tong.visitkorea.or.kr/cms/resource/43/3076843_image3_1.jpg";"Type3";"128.7570277424";"37.9821559287";"6";"20231229114509";"7";"";"동산포해변";"25053";0
"삼척시 근덕면 상맹방길";"";"32";"0";"A01";"A0101";"A01011200";"125687";"12";"20030707090000";"http://tong.visitkorea.or.kr/cms/resource/87/3071087_image2_1.jpg";"http://tong.visitkorea.or.kr/cms/resource/87/3071087_image3_1.jpg";"Type3";"129.2122186263";"37.4024179175";"6";"20231215142800";"4";"";"상맹방해변";"25932";0
"양양군 강현면 해맞이길 59";"";"32";"0";"A01";"A0101";"A01011200";"125702";"12";"20030909090000";"http://tong.visitkorea.or.kr/cms/resource/31/2745231_image2_1.jpg";"http://tong.visitkorea.or.kr/cms/resource/31/2745231_image3_1.jpg";"Type3";"128.6336291424";"38.1177544435";"6";"20240419160155";"7";"";"낙산 해수욕장";"25009";0
"양양군 강현면 하복리";"";"32";"0";"A01";"A0101";"A01011200";"125703";"12";"20031226090000";"http://tong.visitkorea.or.kr/cms/resource/74/3045774_image2_1.jpg";"http://tong.visitkorea.or.kr/cms/resource/74/3045774_image3_1.jpg";"Type3";"128.6231630354";"38.1302666737";"6";"20231122101642";"7";"";"설악해변";"25005";0
"삼척시 테마타운길 76";"(갈천동)";"32";"1";"A01";"A0101";"A01011200";"125705";"12";"20060406090000";"http://tong.visitkorea.or.kr/cms/resource/55/2716455_image2_1.jpg";"http://tong.visitkorea.or.kr/cms/resource/55/2716455_image3_1.jpg";"Type3";"129.1683621836";"37.4684816769";"6";"20230703201759";"4";"";"삼척해변";"25909";0
"동해시 동해대로 6270-10";"(망상동)";"32";"0";"A01";"A0101";"A01011200";"125713";"12";"20031013090000";"http://tong.visitkorea.or.kr/cms/resource/40/2671440_image2_1.jpg";"http://tong.visitkorea.or.kr/cms/resource/40/2671440_image3_1.jpg";"Type3";"129.0896709728";"37.5922686461";"6";"20240105151516";"3";"";"망상해변";"25700";0
"고성군 거진읍 거진1리";"(거진읍)";"32";"0";"A01";"A0101";"A01011200";"125714";"12";"20030710090000";"http://tong.visitkorea.or.kr/cms/resource/47/176147_image2_1.jpg";"http://tong.visitkorea.or.kr/cms/resource/47/176147_image3_1.jpg";"Type3";"128.4547464127";"38.4408494282";"6";"20230906162704";"2";"";"거진1리해변";"24712";0
"고성군 토성면";"(교암리)";"32";"0";"A01";"A0101";"A01011200";"125715";"12";"20030710090000";"http://tong.visitkorea.or.kr/cms/resource/81/3070081_image2_1.jpg";"http://tong.visitkorea.or.kr/cms/resource/81/3070081_image3_1.jpg";"Type3";"128.5471704750";"38.2909131613";"6";"20231215104756";"2";"";"교암해변";"24755";0
"양양군 손양면 동호리 141-26";"";"32";"0";"A01";"A0101";"A01011200";"125716";"12";"20031204090000";"http://tong.visitkorea.or.kr/cms/resource/48/2745248_image2_1.jpg";"http://tong.visitkorea.or.kr/cms/resource/48/2745248_image3_1.jpg";"Type3";"128.6831348679";"38.0573985323";"6";"20230703081927";"7";"";"동호해변(양양)";"25042";0
"삼척시 근덕면 덕산해변길 114";"";"32";"0";"A01";"A0101";"A01011200";"125717";"12";"20030707090000";"http://tong.visitkorea.or.kr/cms/resource/82/608382_image2_1.jpg";"http://tong.visitkorea.or.kr/cms/resource/82/608382_image3_1.jpg";"Type3";"129.2409610100";"37.3858676065";"6";"20230703144956";"4";"";"덕산해변";"25934";0
"동해시 동해대로 6218 (망상동)";"";"32";"0";"A01";"A0101";"A01011200";"125718";"12";"20030714090000";"http://tong.visitkorea.or.kr/cms/resource/43/3070143_image2_1.jpg";"http://tong.visitkorea.or.kr/cms/resource/43/3070143_image3_1.jpg";"Type3";"129.0956316101";"37.5902995454";"6";"20231215110617";"3";"";"노봉해변";"25700";0
"부천시 부광로16번길 33";"(괴안동,유영연립)";"31";"";"A04";"A0401";"A04010200";"1257204";"38";"20110415010954";"http://tong.visitkorea.or.kr/cms/resource/52/1941752_image2_1.jpg";"http://tong.visitkorea.or.kr/cms/resource/52/1941752_image3_1.jpg";"Type3";"126.8115497112";"37.4825804644";"6";"20231113130955";"11";"032-343-9655";"부천 역곡남부시장";"14681";0
"인제군 남면 남전리 산 145 일원";"";"32";"0";"A01";"A0101";"A01011000";"125721";"12";"20030813090000";"http://tong.visitkorea.or.kr/cms/resource/18/182118_image2_1.jpg";"http://tong.visitkorea.or.kr/cms/resource/18/182118_image3_1.jpg";"Type3";"128.1354549435";"38.0274359206";"6";"20230702190354";"10";"";"남전약수";"252-813,1";0
"인제군 기린면 방동약수로 89-59";"";"32";"0";"A01";"A0101";"A01011000";"125723";"12";"20030813090000";"http://tong.visitkorea.or.kr/cms/resource/11/2616611_image2_1.jpg";"http://tong.visitkorea.or.kr/cms/resource/11/2616611_image3_1.jpg";"Type3";"128.3962310388";"37.9438728399";"6";"20231117104445";"10";"";"방동약수";"24656";0
"평창군 진부면 척천리";"산65";"32";"0";"A01";"A0101";"A01011000";"125729";"12";"20031209090000";"http://tong.visitkorea.or.kr/cms/resource/60/3033960_image2_1.jpg";"http://tong.visitkorea.or.kr/cms/resource/60/3033960_image3_1.jpg";"Type3";"128.5050260116";"37.6947538117";"6";"20231108103230";"15";"033-332-6417";"방아다리약수터";"25320";0
"속초시 설악산로 1091";"(설악동)";"32";"0";"A01";"A0101";"A01011900";"125730";"12";"20021216090000";"http://tong.visitkorea.or.kr/cms/resource/37/1966637_image2_1.jpg";"http://tong.visitkorea.or.kr/cms/resource/37/1966637_image3_1.jpg";"Type3";"128.4884989154";"38.1735618013";"6";"20240123135606";"5";"";"금강굴";"24903";0
"홍천군 서면 마곡리";"";"32";"0";"A02";"A0202";"A02020700";"125733";"12";"20031106090000";"http://tong.visitkorea.or.kr/cms/resource/87/2494387_image2_1.jpg";"http://tong.visitkorea.or.kr/cms/resource/87/2494387_image2_1.jpg";"Type3";"127.5904858214";"37.7224528283";"6";"20230703181236";"16";"";"마곡유원지";"25100";0
"홍천군 내촌면 물걸리";"";"32";"0";"A02";"A0202";"A02020700";"125736";"12";"20031107090000";"http://tong.visitkorea.or.kr/cms/resource/03/2494203_image2_1.jpg";"http://tong.visitkorea.or.kr/cms/resource/03/2494203_image2_1.jpg";"Type3";"128.1463918499";"37.7845254643";"6";"20230703144558";"16";"";"기미만세공원";"25162";0
"강릉시 성산면 구산안길";"";"32";"0";"A01";"A0101";"A01011800";"125748";"12";"20021127090000";"http://tong.visitkorea.or.kr/cms/resource/78/177478_image2_1.jpg";"http://tong.visitkorea.or.kr/cms/resource/78/177478_image3_1.jpg";"Type3";"128.8263881088";"37.7141161060";"6";"20230703185216";"1";"";"남대천(강릉)";"25450";0
"원주시 고문골길 155";"(행구동)";"32";"0";"A02";"A0201";"A02010800";"125757";"12";"20030121090000";"http://tong.visitkorea.or.kr/cms/resource/08/3045308_image2_1.jpg";"http://tong.visitkorea.or.kr/cms/resource/08/3045308_image3_1.jpg";"Type3";"128.0135005410";"37.3343389676";"6";"20231122181202";"9";"";"국형사";"26455";0
"원주시 신림면 성남로 930";"(신림면)";"32";"0";"A02";"A0201";"A02010800";"125760";"12";"20031226090000";"http://tong.visitkorea.or.kr/cms/resource/02/2373402_image2_1.JPG";"http://tong.visitkorea.or.kr/cms/resource/02/2373402_image2_1.JPG";"Type3";"128.0538449366";"37.3066290306";"6";"20230703081716";"9";"";"상원사(원주)";"26506";0
"원주시 소초면 구룡사로 500";"";"32";"0";"A02";"A0201";"A02010800";"125761";"12";"20031014090000";"http://tong.visitkorea.or.kr/cms/resource/53/2391453_image2_1.jpg";"http://tong.visitkorea.or.kr/cms/resource/53/2391453_image3_1.jpg";"Type3";"128.0498675732";"37.3995043418";"6";"20231005152910";"9";"";"구룡사";"26304";0
"강릉시 강동면 괘방산길 16";"";"32";"0";"A02";"A0201";"A02010800";"125766";"12";"20021127090000";"http://tong.visitkorea.or.kr/cms/resource/87/177587_image2_1.jpg";"http://tong.visitkorea.or.kr/cms/resource/87/177587_image3_1.jpg";"Type3";"129.0068052775";"37.7116837926";"6";"20240123120908";"1";"";"등명낙가사(강릉)";"25631";0
"강릉시 구정면 학산리";"";"32";"0";"A02";"A0201";"A02010700";"125769";"12";"20021127090000";"http://tong.visitkorea.or.kr/cms/resource/22/3025022_image2_1.jpg";"http://tong.visitkorea.or.kr/cms/resource/22/3025022_image3_1.jpg";"Type3";"128.8918046506";"37.7072681694";"6";"20231026213042";"1";"";"강릉 굴산사지";"25623";0
"강릉시 연곡면 소금강길 670";"(연곡면)";"32";"0";"A02";"A0201";"A02010800";"125770";"12";"20021129090000";"http://tong.visitkorea.or.kr/cms/resource/25/3069925_image2_1.jpg";"http://tong.visitkorea.or.kr/cms/resource/25/3069925_image3_1.jpg";"Type3";"128.6909752621";"37.8062833683";"6";"20231215095505";"1";"";"금강사(강릉)";"25400";0
"평창군 진부면 오대산로 1211-50";"";"32";"0";"A02";"A0201";"A02010800";"125771";"12";"20040216090000";"http://tong.visitkorea.or.kr/cms/resource/06/1984506_image2_1.jpg";"http://tong.visitkorea.or.kr/cms/resource/06/1984506_image3_1.jpg";"Type3";"128.5563466100";"37.7783312300";"6";"20231108135348";"15";"";"상원사(오대산)";"25318";0
"양양군 강현면 낙산사로 100";"";"32";"0";"A02";"A0201";"A02010800";"125773";"12";"20031021090000";"http://tong.visitkorea.or.kr/cms/resource/56/2739156_image2_1.jpg";"http://tong.visitkorea.or.kr/cms/resource/56/2739156_image3_1.jpg";"Type3";"128.6273544905";"38.1248562734";"6";"20240315155110";"7";"";"낙산사";"25008";0
"철원군 근남면 잠곡리 222-5";"";"32";"0";"A01";"A0101";"A01010800";"125775";"12";"20030827090000";"http://tong.visitkorea.or.kr/cms/resource/82/2567182_image2_1.jpg";"http://tong.visitkorea.or.kr/cms/resource/82/2567182_image3_1.jpg";"Type3";"127.4768433340";"38.1950151047";"6";"20230802210245";"12";"";"매월대폭포";"24065";0
"정선군 임계면 봉산리";"";"32";"0";"A02";"A0201";"A02010700";"125776";"12";"20020510090000";"http://tong.visitkorea.or.kr/cms/resource/16/3044516_image2_1.jpg";"http://tong.visitkorea.or.kr/cms/resource/16/3044516_image3_1.jpg";"Type3";"128.8263954774";"37.4732355895";"6";"20231120175127";"11";"";"구미정";"26109";0
"철원군 동송읍 태봉로 1825";"";"32";"0";"A02";"A0202";"A02020200";"125782";"12";"20040227090000";"http://tong.visitkorea.or.kr/cms/resource/99/2567099_image2_1.jpg";"http://tong.visitkorea.or.kr/cms/resource/99/2567099_image3_1.jpg";"Type3";"127.2869221163";"38.1860265295";"6";"20240315162018";"12";"";"고석정국민관광지";"24023";0
"강릉시 임영로131번길 6";"(용강동)";"32";"0";"A02";"A0201";"A02010100";"125788";"12";"20040227090000";"http://tong.visitkorea.or.kr/cms/resource/53/2480153_image2_1.jpg";"http://tong.visitkorea.or.kr/cms/resource/53/2480153_image2_1.jpg";"Type3";"128.8917699042";"37.7531378647";"6";"20230703075621";"1";"";"강릉 임영관 삼문";"25534";0
"강릉시 율곡로3139번길 24";"";"32";"0";"A02";"A0201";"A02010400";"125789";"12";"20070910090000";"http://tong.visitkorea.or.kr/cms/resource/69/2688069_image2_1.jpg";"http://tong.visitkorea.or.kr/cms/resource/69/2688069_image3_1.jpg";"Type3";"128.8776814918";"37.7787651808";"6";"20240418160533";"1";"";"강릉 오죽헌";"25465";0
"강릉시 경포로 365";"(저동)";"32";"0";"A02";"A0201";"A02010700";"125790";"12";"20040203090000";"http://tong.visitkorea.or.kr/cms/resource/86/2596286_image2_1.jpg";"http://tong.visitkorea.or.kr/cms/resource/86/2596286_image3_1.jpg";"Type3";"128.8965126086";"37.7955691591";"6";"20240318102217";"1";"";"강릉 경포대";"25461";0
"동해시 삼화로 538 (삼화동)";"";"32";"0";"A02";"A0201";"A02010200";"125792";"12";"20021203090000";"http://tong.visitkorea.or.kr/cms/resource/16/2371216_image2_1.jpg";"http://tong.visitkorea.or.kr/cms/resource/16/2371216_image2_1.jpg";"Type3";"129.0194506792";"37.4634293524";"6";"20231221102222";"3";"";"두타산성";"25746";0
"화천군 사내면 천문대길 2";"";"32";"";"B02";"B0201";"B02010900";"1257924";"32";"20110416022148";"http://tong.visitkorea.or.kr/cms/resource/26/1849326_image2_1.jpg";"http://tong.visitkorea.or.kr/cms/resource/26/1849326_image3_1.jpg";"Type3";"127.4442074124";"38.1023003280";"6";"20230702183032";"17";"033-441-8558";"산이야기";"24150";0
"동해시 공단4로";"";"32";"0";"A02";"A0201";"A02010700";"125793";"12";"20030929090000";"http://tong.visitkorea.or.kr/cms/resource/12/3070412_image2_1.jpg";"http://tong.visitkorea.or.kr/cms/resource/12/3070412_image3_1.jpg";"Type3";"129.1366227835";"37.4871761244";"6";"20231215114443";"3";"";"만경대";"25791";0
"양양군 강현면 낙산사로 100";"";"32";"0";"A02";"A0201";"A02010700";"125795";"12";"20020514090000";"http://tong.visitkorea.or.kr/cms/resource/15/2739115_image2_1.jpg";"http://tong.visitkorea.or.kr/cms/resource/15/2739115_image3_1.jpg";"Type3";"128.6307430562";"38.1253701685";"6";"20230703083249";"7";"";"낙산사 의상대";"25008";0
"삼척시 향교길 34";"(교동)";"32";"0";"A02";"A0201";"A02010700";"125797";"12";"20040224090000";"http://tong.visitkorea.or.kr/cms/resource/48/3071248_image2_1.jpg";"http://tong.visitkorea.or.kr/cms/resource/48/3071248_image3_1.jpg";"Type3";"129.1675489311";"37.4501809896";"6";"20231215151650";"4";"";"삼척향교";"25915";0
"삼척시 죽서루길 37";"(성내동)";"32";"0";"A02";"A0201";"A02010700";"125799";"12";"20061024090000";"http://tong.visitkorea.or.kr/cms/resource/73/2654473_image2_1.jpg";"http://tong.visitkorea.or.kr/cms/resource/73/2654473_image3_1.jpg";"Type3";"129.1604665182";"37.4408708123";"6";"20240105095452";"4";"";"삼척 죽서루";"25917";0
"강릉시 운정길 63";"(운정동)";"32";"0";"A02";"A0201";"A02010400";"125800";"12";"20031014090000";"http://tong.visitkorea.or.kr/cms/resource/93/2687993_image2_1.jpg";"http://tong.visitkorea.or.kr/cms/resource/93/2687993_image3_1.jpg";"Type3";"128.8850778068";"37.7865588677";"6";"20230703200816";"1";"";"강릉 선교장";"25464";0
"인제군 상남면 하남리 882";"";"32";"0";"A02";"A0203";"A02030100";"125803";"12";"20020502090000";"http://tong.visitkorea.or.kr/cms/resource/18/1842018_image2_1.jpg";"http://tong.visitkorea.or.kr/cms/resource/18/1842018_image3_1.jpg";"Type3";"128.2762488349";"37.8992007318";"6";"20231120170229";"10";"";"광주동솔밭";"24665";0
"고성군 왕곡마을길 41";"";"32";"0";"A02";"A0201";"A02010600";"125804";"12";"20031001090000";"http://tong.visitkorea.or.kr/cms/resource/92/2654792_image2_1.jpg";"http://tong.visitkorea.or.kr/cms/resource/92/2654792_image3_1.jpg";"Type3";"128.4995815837";"38.3405981100";"6";"20230703075647";"2";"";"고성 왕곡마을";"24746";0
"속초시 설악산로 1091";"";"32";"0";"A01";"A0102";"A01020200";"125805";"12";"20031014090000";"http://tong.visitkorea.or.kr/cms/resource/00/2733300_image2_1.jpg";"http://tong.visitkorea.or.kr/cms/resource/00/2733300_image3_1.jpg";"Type3";"128.4664782790";"38.1869348183";"6";"20230703084809";"5";"";"설악산 울산바위";"24903";0
"속초시 설악산로";"(설악동)";"32";"0";"A01";"A0102";"A01020200";"125806";"12";"20031226090000";"http://tong.visitkorea.or.kr/cms/resource/88/2733288_image2_1.jpg";"http://tong.visitkorea.or.kr/cms/resource/88/2733288_image3_1.jpg";"Type3";"128.4661629115";"38.1459895779";"6";"20230703080929";"5";"";"설악 흔들바위";"24903";0
"예산군 덕산면";"";"34";"0";"A01";"A0101";"A01010200";"125815";"12";"20030804090000";"http://tong.visitkorea.or.kr/cms/resource/92/3055992_image2_1.jpg";"http://tong.visitkorea.or.kr/cms/resource/92/3055992_image3_1.jpg";"Type3";"126.6225054620";"36.6801283021";"6";"20231204102306";"11";"";"덕산도립공원";"32407";0
"공주시 반포면 동학사1로 327-6";"";"34";"1";"A01";"A0101";"A01010100";"125817";"12";"20040217090000";"http://tong.visitkorea.or.kr/cms/resource/77/1600077_image2_1.jpg";"http://tong.visitkorea.or.kr/cms/resource/77/1600077_image3_1.jpg";"Type3";"127.2324620609";"36.3568732990";"6";"20230925114028";"1";"";"계룡산국립공원";"32626";0
"서산시 해미면 산수리";"";"34";"0";"A01";"A0101";"A01010400";"125822";"12";"20030930090000";"http://tong.visitkorea.or.kr/cms/resource/00/1961100_image2_1.jpg";"http://tong.visitkorea.or.kr/cms/resource/00/1961100_image3_1.jpg";"Type3";"126.6091060355";"36.7039864327";"6";"20231208172509";"7";"";"가야산(서산)";"31961";0
"청주시 청원구 내수읍 초정리";", 상당구 미원면";"33";"0";"A01";"A0101";"A01010400";"125823";"12";"20030407090000";"http://tong.visitkorea.or.kr/cms/resource/57/1851957_image2_1.jpg";"http://tong.visitkorea.or.kr/cms/resource/57/1851957_image3_1.jpg";"Type3";"127.6133490531";"36.7008712236";"6";"20231117122144";"10";"";"구녀산";"28148";0
"제천시 백운면 화당로2길 19";"(백운면)";"33";"0";"A01";"A0101";"A01010900";"125828";"12";"20030826090000";"http://tong.visitkorea.or.kr/cms/resource/31/3062631_image2_1.JPG";"http://tong.visitkorea.or.kr/cms/resource/31/3062631_image3_1.JPG";"Type3";"127.9878464609";"37.1721349831";"6";"20231208102647";"7";"";"덕동계곡";"27100";0
"보은군 속리산면 만수길 136";"";"33";"0";"A01";"A0101";"A01010900";"125829";"12";"20030929090000";"http://tong.visitkorea.or.kr/cms/resource/45/2670745_image2_1.jpg";"http://tong.visitkorea.or.kr/cms/resource/45/2670745_image3_1.jpg";"Type3";"127.8678097879";"36.4953410524";"6";"20240202182928";"3";"";"만수계곡";"28909";0
"아산시 송악면 강당리 강당골";"일원";"34";"0";"A01";"A0101";"A01010900";"125831";"12";"20031209090000";"http://tong.visitkorea.or.kr/cms/resource/78/3048778_image2_1.jpg";"http://tong.visitkorea.or.kr/cms/resource/78/3048778_image3_1.jpg";"Type3";"127.0221465167";"36.7053240494";"6";"20231209162012";"9";"";"강당골계곡";"31557";0
"공주시 계룡면 갑사로 225";"";"34";"0";"A01";"A0101";"A01010900";"125833";"12";"20020603090000";"http://tong.visitkorea.or.kr/cms/resource/66/3057366_image2_1.JPG";"http://tong.visitkorea.or.kr/cms/resource/66/3057366_image3_1.JPG";"Type3";"127.1822106747";"36.3691793379";"6";"20231204150127";"1";"";"갑사계곡";"32615";0
"영동군 상촌면";"(상촌면)";"33";"0";"A01";"A0101";"A01010900";"125839";"12";"20030213090000";"http://tong.visitkorea.or.kr/cms/resource/86/764686_image2_1.jpg";"http://tong.visitkorea.or.kr/cms/resource/86/764686_image3_1.jpg";"Type3";"127.8730686140";"36.0576133105";"6";"20240117114748";"4";"";"물한계곡";"29126";0
"보령시 웅천읍 열린바다1길 10";"";"34";"0";"A01";"A0101";"A01011200";"125841";"12";"20031205090000";"http://tong.visitkorea.or.kr/cms/resource/40/2022140_image2_1.jpg";"http://tong.visitkorea.or.kr/cms/resource/40/2022140_image3_1.jpg";"Type3";"126.5365469039";"36.2445351993";"6";"20230707091853";"5";"";"무창포해수욕장";"33508";0
"태안군 소원면 만리포2길 138";"";"34";"0";"A01";"A0101";"A01011200";"125842";"12";"20031205090000";"http://tong.visitkorea.or.kr/cms/resource/35/2653435_image2_1.jpg";"http://tong.visitkorea.or.kr/cms/resource/35/2653435_image3_1.jpg";"Type3";"126.1422683553";"36.7858023228";"6";"20240417173727";"14";"";"만리포해수욕장";"32123";0
"보령시 오천면 삽시도";"(오천면)";"34";"0";"A01";"A0101";"A01011300";"125844";"12";"20021203090000";"http://tong.visitkorea.or.kr/cms/resource/27/2024327_image2_1.jpg";"http://tong.visitkorea.or.kr/cms/resource/27/2024327_image2_1.jpg";"Type3";"126.3564300711";"36.3400739524";"6";"20230629141849";"5";"";"삽시도";"33411";0
"태안군 안면읍";"창기6리";"34";"0";"A01";"A0101";"A01011200";"125846";"12";"20030701090000";"http://tong.visitkorea.or.kr/cms/resource/46/2716446_image2_1.jpg";"http://tong.visitkorea.or.kr/cms/resource/46/2716446_image3_1.jpg";"Type3";"126.3166915347";"36.5707384237";"6";"20230707130808";"14";"";"삼봉해수욕장";"32162";0
"당진시 석문면 난지1길 67";"";"34";"0";"A01";"A0101";"A01011200";"125849";"12";"20060809090000";"http://tong.visitkorea.or.kr/cms/resource/20/1932520_image2_1.jpg";"http://tong.visitkorea.or.kr/cms/resource/20/1932520_image2_1.jpg";"Type3";"126.4241913673";"37.0470102889";"6";"20230627113645";"4";"";"난지섬해수욕장";"31708";0
"단양군 영춘면 온달로 23";"";"33";"0";"A01";"A0101";"A01011900";"125854";"12";"20031007090000";"http://tong.visitkorea.or.kr/cms/resource/25/2534325_image2_1.jpg";"http://tong.visitkorea.or.kr/cms/resource/25/2534325_image3_1.jpg";"Type3";"128.4821998301";"37.0590489161";"6";"20230911155402";"2";"";"단양 온달동굴";"27020";0
"예산군 덕산면";"";"34";"0";"A02";"A0202";"A02020300";"125859";"12";"20031205090000";"http://tong.visitkorea.or.kr/cms/resource/76/3055376_image2_1.jpg";"http://tong.visitkorea.or.kr/cms/resource/76/3055376_image3_1.jpg";"Type3";"126.6534911435";"36.6954437417";"6";"20240418105512";"11";"";"덕산온천지구";"32406";0
"단양군 단양읍 천동2길";"";"33";"0";"A01";"A0101";"A01011900";"125863";"12";"20020502090000";"http://tong.visitkorea.or.kr/cms/resource/97/2366297_image2_1.jpg";"http://tong.visitkorea.or.kr/cms/resource/97/2366297_image3_1.jpg";"Type3";"128.4187274773";"36.9729437219";"6";"20240315145913";"2";"";"단양 천동동굴";"27024";0
"단양군 단양읍 소백산등산길 12";"";"33";"0";"A02";"A0202";"A02020200";"125865";"12";"20031126090000";"http://tong.visitkorea.or.kr/cms/resource/68/3081068_image2_1.jpg";"http://tong.visitkorea.or.kr/cms/resource/68/3081068_image3_1.jpg";"Type3";"128.4208025284";"36.9648335809";"6";"20240115140903";"2";"";"단양 다리안관광지";"27024";0
"제천시 금성면 청풍호로39길 285";"";"33";"0";"A02";"A0201";"A02010800";"125877";"12";"20020408090000";"http://tong.visitkorea.or.kr/cms/resource/54/176554_image2_1.jpg";"http://tong.visitkorea.or.kr/cms/resource/54/176554_image3_1.jpg";"Type3";"128.2055421151";"37.0307025377";"6";"20231206142033";"7";"";"무암사";"27211";0
"천안시 동남구 각원사길 245";"(안서동)";"34";"0";"A02";"A0201";"A02010800";"125885";"12";"20031205090000";"http://tong.visitkorea.or.kr/cms/resource/87/2648687_image2_1.jpg";"http://tong.visitkorea.or.kr/cms/resource/87/2648687_image3_1.jpg";"Type3";"127.1970050154";"36.8340789963";"6";"20230725095840";"12";"";"각원사";"31066";0
"공주시 계룡면 갑사로 567-3";"(계룡면)";"34";"0";"A02";"A0201";"A02010800";"125891";"12";"20031205090000";"http://tong.visitkorea.or.kr/cms/resource/21/2675821_image2_1.jpg";"http://tong.visitkorea.or.kr/cms/resource/21/2675821_image2_1.jpg";"Type3";"127.1873853143";"36.3653437567";"6";"20231209111345";"1";"";"갑사";"32615";0
"제천시 한수면 미륵송계로2길 87";"(한수면)";"33";"0";"A02";"A0201";"A02010800";"125892";"12";"20020408090000";"http://tong.visitkorea.or.kr/cms/resource/94/2550994_image2_1.bmp";"http://tong.visitkorea.or.kr/cms/resource/94/2550994_image2_1.bmp";"Type3";"128.0986787808";"36.8619616062";"6";"20230714132940";"7";"";"덕주사(제천)";"27226";0
"논산시 연산면 계백로 2614-11";"(연산면)";"34";"0";"A02";"A0201";"A02010800";"125899";"12";"20040219090000";"http://tong.visitkorea.or.kr/cms/resource/77/3050177_image2_1.JPG";"http://tong.visitkorea.or.kr/cms/resource/77/3050177_image3_1.JPG";"Type3";"127.2293710155";"36.2407281973";"6";"20231209160804";"3";"";"개태사(논산)";"32910";0
"전의면 비암사길 137";"(전의면)";"8";"0";"A02";"A0201";"A02010800";"125902";"12";"20040224090000";"http://tong.visitkorea.or.kr/cms/resource/43/3027743_image2_1.jpg";"http://tong.visitkorea.or.kr/cms/resource/43/3027743_image3_1.jpg";"Type3";"127.1920532311";"36.6114045131";"6";"20240320144346";"1";"";"비암사(세종)";"30008";0
"서산시 운산면 개심사로 321-86";"";"34";"0";"A02";"A0201";"A02010800";"125908";"12";"20020508090000";"http://tong.visitkorea.or.kr/cms/resource/48/2562948_image2_1.jpg";"http://tong.visitkorea.or.kr/cms/resource/48/2562948_image3_1.jpg";"Type3";"126.5901482688";"36.7469061582";"6";"20240318154728";"7";"";"개심사(서산)";"31949";0
"단양군 매포읍 삼봉로 644";"(매포읍)";"33";"0";"A01";"A0101";"A01010400";"125913";"12";"20030917090000";"http://tong.visitkorea.or.kr/cms/resource/67/2618367_image2_1.jpg";"http://tong.visitkorea.or.kr/cms/resource/67/2618367_image3_1.jpg";"Type3";"128.3448249603";"37.0003447435";"6";"20240321154151";"2";"";"도담삼봉";"27009";0
"단양군 단성면 하방리 산3-1";"";"33";"0";"A02";"A0201";"A02010200";"125922";"12";"20020402090000";"http://tong.visitkorea.or.kr/cms/resource/07/3064007_image2_1.JPG";"http://tong.visitkorea.or.kr/cms/resource/07/3064007_image3_1.JPG";"Type3";"128.3217091917";"36.9451117651";"6";"20231210101219";"2";"";"단양 적성";"27025";0
"예산군 덕산면 상가리";"";"34";"0";"A02";"A0201";"A02010700";"125937";"12";"20020513090000";"http://tong.visitkorea.or.kr/cms/resource/84/3055984_image2_1.jpg";"http://tong.visitkorea.or.kr/cms/resource/84/3055984_image3_1.jpg";"Type3";"126.6236265560";"36.7185655605";"6";"20231204102254";"11";"";"남연군의 묘";"32407";0
"단양군 단성면 하방3길";"";"33";"0";"A02";"A0205";"A02050200";"125979";"12";"20020513090000";"http://tong.visitkorea.or.kr/cms/resource/12/567012_image2_1.jpg";"http://tong.visitkorea.or.kr/cms/resource/12/567012_image3_1.jpg";"Type3";"128.3216675591";"36.9440702172";"6";"20231213114238";"2";"";"단양 신라 적성비";"27025";0
"제천시 봉양읍 배론성지길 296";"(봉양읍)";"33";"0";"A02";"A0201";"A02010900";"125982";"12";"20031106090000";"http://tong.visitkorea.or.kr/cms/resource/63/1822963_image2_1.jpg";"http://tong.visitkorea.or.kr/cms/resource/63/1822963_image3_1.jpg";"Type3";"128.0837937022";"37.1612158025";"6";"20240319102134";"7";"";"배론성지";"27110";0
"괴산군 괴산읍 제월리";"";"33";"0";"A01";"A0101";"A01010500";"126005";"12";"20030813090000";"http://tong.visitkorea.or.kr/cms/resource/06/731506_image2_1.jpg";"http://tong.visitkorea.or.kr/cms/resource/06/731506_image3_1.jpg";"Type3";"127.8327261115";"36.8172201853";"6";"20231113102949";"1";"";"고산 9경";"28023";0
"군산시 성산면 철새로 120";"";"37";"0";"A01";"A0101";"A01011800";"126011";"12";"20031114090000";"http://tong.visitkorea.or.kr/cms/resource/34/1576234_image2_1.jpg";"http://tong.visitkorea.or.kr/cms/resource/34/1576234_image3_1.jpg";"Type3";"126.7496865132";"36.0159483282";"6";"20240118112409";"2";"";"금강하구둑(군산)";"54045";0
"문경시 문경읍 새재로 932";"(문경읍)";"35";"0";"A01";"A0101";"A01010200";"126017";"12";"20040213090000";"http://tong.visitkorea.or.kr/cms/resource/61/3009761_image2_1.jpg";"http://tong.visitkorea.or.kr/cms/resource/61/3009761_image3_1.jpg";"Type3";"128.0770030316";"36.7616532703";"6";"20230912142647";"7";"";"문경새재도립공원";"36919";0
"함양군 안의면,";"경상남도 거창군";"36";"0";"A01";"A0101";"A01010400";"126033";"12";"20040206090000";"http://tong.visitkorea.or.kr/cms/resource/93/1612693_image2_1.jpg";"http://tong.visitkorea.or.kr/cms/resource/93/1612693_image3_1.jpg";"Type3";"127.7632188894";"35.6874394914";"6";"20231114174659";"20";"";"기백산";"50005";0
"상주시 내서면 북장리";"";"35";"0";"A01";"A0101";"A01010400";"126035";"12";"20030401090000";"http://tong.visitkorea.or.kr/cms/resource/62/1967462_image2_1.jpg";"http://tong.visitkorea.or.kr/cms/resource/62/1967462_image3_1.jpg";"Type3";"128.0926802080";"36.4386627454";"6";"20231102175713";"9";"";"노음산";"37163";0
"울주군 언양읍";", 상북면, 두서면 / 경북 경주시 산내면";"7";"0";"A01";"A0101";"A01010400";"126039";"12";"20030331090000";"http://tong.visitkorea.or.kr/cms/resource/15/3057715_image2_1.jpg";"http://tong.visitkorea.or.kr/cms/resource/15/3057715_image3_1.jpg";"Type3";"129.1150012809";"35.6396001019";"6";"20231204171913";"5";"";"고헌산(울산)";"44913";0
"울진군 온정면";", 영양군 수비면 죽파리";"35";"0";"A01";"A0101";"A01010400";"126044";"12";"20040218090000";"http://tong.visitkorea.or.kr/cms/resource/72/1979172_image2_1.jpg";"http://tong.visitkorea.or.kr/cms/resource/72/1979172_image3_1.jpg";"Type3";"129.2996538496";"36.7164593155";"6";"20231206173102";"18";"";"백암산(울진)";"767-840,1";0
"함양군 안의면";"";"36";"0";"A02";"A0202";"A02020700";"126052";"12";"20040206090000";"http://tong.visitkorea.or.kr/cms/resource/38/3077238_image2_1.jpg";"http://tong.visitkorea.or.kr/cms/resource/38/3077238_image3_1.jpg";"Type3";"127.7822217012";"35.6231082262";"6";"20231229155918";"20";"";"농월정 국민관광지";"50005";0
"문경시 가은읍 완장리";"";"35";"0";"A01";"A0101";"A01010900";"126056";"12";"20030917090000";"http://tong.visitkorea.or.kr/cms/resource/64/2367664_image2_1.jpg";"http://tong.visitkorea.or.kr/cms/resource/64/2367664_image3_1.jpg";"Type3";"127.9564217492";"36.6778467727";"6";"20230627175702";"7";"";"선유동계곡(문경)";"36993";0
"청송군 청송읍 달기폭포길";"";"35";"0";"A01";"A0101";"A01010800";"126059";"12";"20040219090000";"http://tong.visitkorea.or.kr/cms/resource/66/2754766_image2_1.jpg";"http://tong.visitkorea.or.kr/cms/resource/66/2754766_image2_1.jpg";"Type3";"129.1144894830";"36.4407788321";"6";"20230417101143";"21";"";"달기폭포";"37424";0
"창원시 의창구 북면 달천길 145";"";"36";"0";"A01";"A0101";"A01010900";"126062";"12";"20040204090000";"http://tong.visitkorea.or.kr/cms/resource/71/3070271_image2_1.JPG";"http://tong.visitkorea.or.kr/cms/resource/71/3070271_image3_1.JPG";"Type3";"128.5978896629";"35.2834695202";"6";"20231215112456";"16";"";"달천계곡(창원)";"51113";0
"산청군 단성면 백운로51번길";"";"36";"0";"A01";"A0101";"A01010900";"126072";"12";"20040202090000";"http://tong.visitkorea.or.kr/cms/resource/38/2775438_image2_1.jpg";"http://tong.visitkorea.or.kr/cms/resource/38/2775438_image2_1.jpg";"Type3";"127.8835964068";"35.2963413776";"6";"20230623144759";"9";"";"백운동계곡(산청)";"52245";0
"수영구 광안해변로 219";"(광안동)";"6";"0";"A01";"A0101";"A01011200";"126078";"12";"20030826090000";"http://tong.visitkorea.or.kr/cms/resource/75/2648975_image2_1.jpg";"http://tong.visitkorea.or.kr/cms/resource/75/2648975_image3_1.jpg";"Type3";"129.1184922375";"35.1537908369";"6";"20240307104626";"12";"";"광안리해수욕장";"48303";0
"울진군 근남면 망양정로 1016";"";"35";"0";"A01";"A0101";"A01011200";"126100";"12";"20030704090000";"http://tong.visitkorea.or.kr/cms/resource/76/3039176_image2_1.JPG";"http://tong.visitkorea.or.kr/cms/resource/76/3039176_image3_1.JPG";"Type3";"129.4125140305";"36.9687160298";"6";"20231114152731";"18";"";"망양정해수욕장";"36337";0
"울진군 기성면 기성로 108";"";"35";"0";"A01";"A0101";"A01011200";"126102";"12";"20030704090000";"http://tong.visitkorea.or.kr/cms/resource/70/3039170_image2_1.JPG";"http://tong.visitkorea.or.kr/cms/resource/70/3039170_image3_1.JPG";"Type3";"129.4674823321";"36.7533222575";"6";"20231114152223";"18";"";"구산해수욕장";"36354";0
"영덕군 영해면 영덕대게로 2840";"";"35";"0";"A01";"A0101";"A01011200";"126104";"12";"20030718090000";"http://tong.visitkorea.or.kr/cms/resource/38/3042738_image2_1.JPG";"http://tong.visitkorea.or.kr/cms/resource/38/3042738_image3_1.JPG";"Type3";"129.4266915867";"36.5645374176";"6";"20231117122051";"12";"";"대진해수욕장";"36417";0
"울릉군 울릉읍 독도이사부길 55";"";"35";"1";"A01";"A0101";"A01011300";"126106";"12";"20040210090000";"http://tong.visitkorea.or.kr/cms/resource/16/2653416_image2_1.jpg";"http://tong.visitkorea.or.kr/cms/resource/16/2653416_image3_1.jpg";"Type3";"131.8692557526";"37.2394438998";"6";"20240418171621";"17";"";"독도";"40240";0
"울진군 북면 덕구온천로 924";"";"35";"0";"A02";"A0202";"A02020300";"126114";"12";"20040218090000";"http://tong.visitkorea.or.kr/cms/resource/22/2395322_image2_1.jpg";"http://tong.visitkorea.or.kr/cms/resource/22/2395322_image2_1.jpg";"Type3";"129.2842331949";"37.0790592288";"6";"20240306134735";"18";"";"덕구온천스파월드";"36307";0
"울릉군 울릉읍 도동리";"";"35";"0";"A01";"A0101";"A01011000";"126116";"12";"20040210090000";"http://tong.visitkorea.or.kr/cms/resource/49/169649_image2_1.jpg";"http://tong.visitkorea.or.kr/cms/resource/49/169649_image3_1.jpg";"Type3";"130.9004271646";"37.4824151202";"6";"20240205110225";"17";"";"도동약수공원";"40225";0
"부산진구 새싹로 295";"";"6";"0";"A02";"A0202";"A02020700";"126119";"12";"20031215090000";"http://tong.visitkorea.or.kr/cms/resource/57/3016457_image2_1.jpg";"http://tong.visitkorea.or.kr/cms/resource/57/3016457_image3_1.jpg";"Type1";"129.0426784717";"35.1872579098";"6";"20240417180252";"7";"";"부산어린이대공원";"47100";0
"사하구 하단동";"";"6";"0";"A02";"A0202";"A02020700";"126120";"12";"20031111090000";"http://tong.visitkorea.or.kr/cms/resource/71/2504671_image2_1.jpg";"http://tong.visitkorea.or.kr/cms/resource/71/2504671_image2_1.jpg";"Type3";"128.9632291831";"35.1092346301";"6";"20230919133007";"10";"";"부산 에덴공원";"49309";0
"서구 송도해변로 100";"";"6";"0";"A01";"A0101";"A01011200";"126122";"12";"20031209090000";"http://tong.visitkorea.or.kr/cms/resource/86/2504686_image2_1.jpg";"http://tong.visitkorea.or.kr/cms/resource/86/2504686_image2_1.jpg";"Type3";"129.0164588470";"35.0739256715";"6";"20240311160033";"11";"";"부산 송도해수욕장";"49269";0
"동구 효동로2길 72";"(효목동)";"4";"0";"A02";"A0202";"A02020700";"126128";"12";"20031105090000";"http://tong.visitkorea.or.kr/cms/resource/56/2493956_image2_1.jpg";"http://tong.visitkorea.or.kr/cms/resource/56/2493956_image2_1.jpg";"Type3";"128.6546405629";"35.8782784742";"6";"20240320154117";"4";"";"동촌유원지";"41179";0
"중구 달성공원로 35";"(달성동)";"4";"0";"A02";"A0202";"A02020700";"126130";"12";"20031105090000";"http://tong.visitkorea.or.kr/cms/resource/47/1929247_image2_1.jpg";"http://tong.visitkorea.or.kr/cms/resource/47/1929247_image3_1.jpg";"Type3";"128.5759198549";"35.8734025733";"6";"20240321154412";"8";"";"대구 달성공원";"41924";0
"달서구 공원순환로 36";"";"4";"0";"A02";"A0202";"A02020700";"126131";"12";"20031105090000";"http://tong.visitkorea.or.kr/cms/resource/29/2370129_image2_1.jpg";"http://tong.visitkorea.or.kr/cms/resource/29/2370129_image3_1.jpg";"Type3";"128.5637104699";"35.8500105518";"6";"20230906140535";"2";"";"대구두류공원";"42672";0
"남구 동명로 57";"(용당동)";"6";"0";"A02";"A0201";"A02010800";"126147";"12";"20020404090000";"http://tong.visitkorea.or.kr/cms/resource/69/3070669_image2_1.JPG";"http://tong.visitkorea.or.kr/cms/resource/69/3070669_image3_1.JPG";"Type3";"129.1040277765";"35.1191749994";"6";"20231215121502";"4";"";"부산동명불원";"48520";0
"구미시 해평면 도리사로 526";"";"35";"0";"A02";"A0201";"A02010800";"126156";"12";"20040213090000";"http://tong.visitkorea.or.kr/cms/resource/31/3041831_image2_1.jpg";"http://tong.visitkorea.or.kr/cms/resource/31/3041831_image3_1.jpg";"Type3";"128.3997080718";"36.2554642817";"6";"20231116151845";"4";"";"도리사(구미)";"39105";0
"안동시 서후면 개목사길 362";"(서후면)";"35";"0";"A02";"A0201";"A02010800";"126157";"12";"20040216090000";"http://tong.visitkorea.or.kr/cms/resource/75/186975_image2_1.jpg";"http://tong.visitkorea.or.kr/cms/resource/75/186975_image3_1.jpg";"Type3";"128.6679949669";"36.6579122746";"6";"20240202103336";"11";"";"개목사(안동)";"36616";0
"경주시 양북면 기림로 437-17";"";"35";"0";"A02";"A0201";"A02010800";"126167";"12";"20031121090000";"http://tong.visitkorea.or.kr/cms/resource/93/179593_image2_1.jpg";"http://tong.visitkorea.or.kr/cms/resource/93/179593_image3_1.jpg";"Type3";"129.4031454455";"35.8377165388";"6";"20231205145331";"2";"";"기림사";"38120";0
"문경시 산북면 김용길 372";"";"35";"0";"A02";"A0201";"A02010800";"126168";"12";"20040213090000";"http://tong.visitkorea.or.kr/cms/resource/54/2367654_image2_1.jpg";"http://tong.visitkorea.or.kr/cms/resource/54/2367654_image3_1.jpg";"Type3";"128.2233072542";"36.7394279679";"6";"20230320201357";"7";"";"김룡사(문경)";"36906";0
"화천군 사내면 물안골길 12-64";"";"32";"";"B02";"B0201";"B02010700";"1261703";"32";"20110421202542";"http://tong.visitkorea.or.kr/cms/resource/71/1949071_image2_1.jpg";"http://tong.visitkorea.or.kr/cms/resource/71/1949071_image3_1.jpg";"Type3";"127.5516463254";"38.0513360461";"6";"20230702181433";"17";"033-441-2422";"물안골스머프펜션";"24161";0
"창원시 성산구 대암로 55";"(대방동)";"36";"0";"A02";"A0201";"A02010800";"126171";"12";"20040204090000";"http://tong.visitkorea.or.kr/cms/resource/33/3070233_image2_1.JPG";"http://tong.visitkorea.or.kr/cms/resource/33/3070233_image3_1.JPG";"Type3";"128.7016490906";"35.2159012201";"6";"20231215111920";"16";"";"불곡사(창원)";"51477";0
"포항시 북구 송라면 보경로 523";"";"35";"0";"A02";"A0201";"A02010800";"126179";"12";"20031204090000";"http://tong.visitkorea.or.kr/cms/resource/10/1615310_image2_1.jpg";"http://tong.visitkorea.or.kr/cms/resource/10/1615310_image3_1.jpg";"Type3";"129.3180214840";"36.2521208197";"6";"20230510171752";"23";"";"보경사";"37509";0
"사천시 곤명면 다솔사길 417";"(곤명면)";"36";"0";"A02";"A0201";"A02010800";"126182";"12";"20040202090000";"http://tong.visitkorea.or.kr/cms/resource/56/2372756_image2_1.JPG";"http://tong.visitkorea.or.kr/cms/resource/56/2372756_image2_1.JPG";"Type3";"127.9200793358";"35.0832187866";"6";"20230322111723";"8";"";"다솔사(경남)";"52503";0
"산청군 삼장면 평촌유평로 453";"";"36";"0";"A02";"A0201";"A02010800";"126183";"12";"20040202090000";"http://tong.visitkorea.or.kr/cms/resource/42/793142_image2_1.jpg";"http://tong.visitkorea.or.kr/cms/resource/42/793142_image3_1.jpg";"Type3";"127.8064933056";"35.3554028007";"6";"20230530130533";"9";"";"대원사(산청)";"52232";0
"울주군 상북면 석남로 557";"";"7";"0";"A02";"A0201";"A02010800";"126184";"12";"20021021090000";"http://tong.visitkorea.or.kr/cms/resource/60/3077960_image2_1.bmp";"http://tong.visitkorea.or.kr/cms/resource/60/3077960_image3_1.bmp";"Type3";"129.0324006938";"35.6211173075";"6";"20240325133340";"5";"";"석남사(울산)";"44901";0
"고령군 대가야로 1203 대가야박물관";"";"35";"0";"A02";"A0201";"A02010700";"126191";"12";"20040212090000";"http://tong.visitkorea.or.kr/cms/resource/66/2493166_image2_1.jpg";"http://tong.visitkorea.or.kr/cms/resource/66/2493166_image2_1.jpg";"Type3";"128.2585881041";"35.7220083530";"6";"20230616105545";"3";"";"고령 대가야유적지";"40138";0
"사천시 용현면 선진리";"770 일원";"36";"0";"A02";"A0201";"A02010200";"126197";"12";"20040202090000";"http://tong.visitkorea.or.kr/cms/resource/69/2603369_image2_1.jpg";"http://tong.visitkorea.or.kr/cms/resource/69/2603369_image3_1.jpg";"Type3";"128.0411086497";"35.0437198028";"6";"20231025140405";"8";"";"사천선진리왜성";"52537";0
"경주시 충효2길 44-7";"";"35";"1";"A02";"A0201";"A02010700";"126203";"12";"20040212090000";"http://tong.visitkorea.or.kr/cms/resource/41/3028641_image2_1.jpg";"http://tong.visitkorea.or.kr/cms/resource/41/3028641_image3_1.jpg";"Type3";"129.1923886866";"35.8453311317";"6";"20231117150411";"2";"";"경주 김유신묘";"38058";0
"밀양시 중앙로 324";"(내일동)";"36";"0";"A02";"A0201";"A02010700";"126206";"12";"20040130090000";"http://tong.visitkorea.or.kr/cms/resource/85/2589485_image2_1.bmp";"http://tong.visitkorea.or.kr/cms/resource/85/2589485_image2_1.bmp";"Type3";"128.7551396716";"35.4915656533";"6";"20240124100041";"7";"";"밀양 영남루";"50431";0
"경주시 첨성로 140-25";"";"35";"1";"A02";"A0201";"A02010700";"126207";"12";"20040212090000";"http://tong.visitkorea.or.kr/cms/resource/00/2656600_image2_1.jpg";"http://tong.visitkorea.or.kr/cms/resource/00/2656600_image3_1.jpg";"Type3";"129.2185644826";"35.8343745291";"6";"20240315110915";"2";"";"경주 첨성대";"38170";0
"경주시 노서동";"";"35";"0";"A02";"A0201";"A02010700";"126209";"12";"20020513090000";"http://tong.visitkorea.or.kr/cms/resource/52/182752_image2_1.jpg";"http://tong.visitkorea.or.kr/cms/resource/52/182752_image3_1.jpg";"Type3";"129.2098206119";"35.8411402671";"6";"20231205162146";"2";"";"금관총";"38158";0
"경주시 보문동";"산 79-2";"35";"0";"A02";"A0201";"A02010700";"126211";"12";"20040212090000";"http://tong.visitkorea.or.kr/cms/resource/39/3028739_image2_1.jpg";"http://tong.visitkorea.or.kr/cms/resource/39/3028739_image3_1.jpg";"Type3";"129.2427182250";"35.8237206325";"6";"20231117150821";"2";"";"경주 선덕여왕릉";"38175";0
"거제시 남부면 갈곶리";"";"36";"0";"A01";"A0101";"A01011300";"126224";"12";"20031027090000";"http://tong.visitkorea.or.kr/cms/resource/89/2612889_image2_1.jpg";"http://tong.visitkorea.or.kr/cms/resource/89/2612889_image3_1.jpg";"Type3";"128.6839246455";"34.7333354513";"6";"20240311142837";"1";"";"거제도 해금강";"53334";0
"사천시 굴항길 99";"(대방동)";"36";"0";"A02";"A0201";"A02010700";"126225";"12";"20040202090000";"http://tong.visitkorea.or.kr/cms/resource/71/2431671_image2_1.jpg";"http://tong.visitkorea.or.kr/cms/resource/71/2431671_image3_1.jpg";"Type3";"128.0564575091";"34.9293829022";"6";"20230503125606";"8";"";"대방진굴항";"52555";0
"경주시 신평동";"";"35";"0";"A02";"A0202";"A02020200";"126230";"12";"20031112090000";"http://tong.visitkorea.or.kr/cms/resource/07/2648907_image2_1.jpg";"http://tong.visitkorea.or.kr/cms/resource/07/2648907_image3_1.jpg";"Type3";"129.2869804444";"35.8437108802";"6";"20240308133302";"2";"";"경주 보문관광단지";"38117";0
"정읍시 내장호반로 328";"";"37";"1";"A01";"A0101";"A01010100";"126237";"12";"202401181743";"http://tong.visitkorea.or.kr/cms/resource/25/2616825_image2_1.jpg";"http://tong.visitkorea.or.kr/cms/resource/25/2616825_image3_1.jpg";"Type3";"126.8985701810";"35.4868694129";"6";"20240118174312";"13";"";"내장산국립공원";"56199";0
"부안군 변산면 방파제길 11";"";"37";"1";"A01";"A0101";"A01010100";"126239";"12";"202401181743";"http://tong.visitkorea.or.kr/cms/resource/35/2392335_image2_1.jpg";"http://tong.visitkorea.or.kr/cms/resource/35/2392335_image3_1.jpg";"Type3";"126.5797696087";"35.6418575196";"6";"20240118174312";"6";"";"변산반도국립공원";"56337";0
"영광군 불갑면 불갑사로 450";"";"38";"0";"A01";"A0101";"A01010200";"126248";"12";"20030122090000";"http://tong.visitkorea.or.kr/cms/resource/67/195267_image2_1.jpg";"http://tong.visitkorea.or.kr/cms/resource/67/195267_image3_1.jpg";"Type3";"126.5494666677";"35.2007737156";"6";"20231204152454";"16";"061-350-5804 (공원녹지과)";"불갑산도립공원";"57058";0
"고창군 아산면 선운사로 250";"";"37";"0";"A01";"A0101";"A01010900";"126262";"12";"20030923090000";"http://tong.visitkorea.or.kr/cms/resource/00/3018300_image2_1.jpg";"http://tong.visitkorea.or.kr/cms/resource/00/3018300_image3_1.jpg";"Type1";"126.5795288199";"35.4976850110";"6";"20240118095927";"1";"063-563-3450";"도솔계곡(선운산)";"56452";0
"남원시 주천면 구룡폭포길";"";"37";"0";"A01";"A0101";"A01010900";"126264";"12";"202401181743";"http://tong.visitkorea.or.kr/cms/resource/00/529600_image2_1.jpg";"http://tong.visitkorea.or.kr/cms/resource/00/529600_image3_1.jpg";"Type3";"127.4810627064";"35.3922568235";"6";"20240118174312";"4";"";"구룡계곡";"55720";0
"순천시 승주읍 죽학리";"";"38";"0";"A01";"A0101";"A01010900";"126267";"12";"20030925090000";"http://tong.visitkorea.or.kr/cms/resource/59/193259_image2_1.jpg";"http://tong.visitkorea.or.kr/cms/resource/59/193259_image3_1.jpg";"Type3";"127.3414158254";"34.9923189536";"6";"20231215100115";"11";"";"선암사계곡";"57909";0
"남원시 산내면 지리산로";"";"37";"0";"A01";"A0101";"A01010900";"126268";"12";"202401181743";"http://tong.visitkorea.or.kr/cms/resource/14/3067914_image2_1.jpg";"http://tong.visitkorea.or.kr/cms/resource/14/3067914_image3_1.jpg";"Type3";"127.5759326655";"35.3709025582";"6";"20240118174312";"4";"";"달궁계곡";"55805";0
"해남군 송지면 사구미길 20";"";"38";"0";"A01";"A0101";"A01011200";"126272";"12";"20030707090000";"http://tong.visitkorea.or.kr/cms/resource/88/1565488_image2_1.jpg";"http://tong.visitkorea.or.kr/cms/resource/88/1565488_image3_1.jpg";"Type3";"126.5791631257";"34.3208787542";"6";"20230503105712";"23";"";"사구미해변";"59066";0
"진도군 고군면 신비의바닷길 47";"(고군면)";"38";"0";"A01";"A0101";"A01011200";"126273";"12";"20031107090000";"http://tong.visitkorea.or.kr/cms/resource/36/3079736_image2_1.jpg";"http://tong.visitkorea.or.kr/cms/resource/36/3079736_image3_1.jpg";"Type3";"126.3547412438";"34.4354594945";"6";"20240110114813";"21";"";"가계해수욕장";"58911";0
"진도군 의신면 금갑길 206-6";"";"38";"0";"A01";"A0101";"A01011200";"126274";"12";"20031107090000";"http://tong.visitkorea.or.kr/cms/resource/30/1608030_image2_1.jpg";"http://tong.visitkorea.or.kr/cms/resource/30/1608030_image3_1.jpg";"Type3";"126.2773517639";"34.3957932468";"6";"20231208181947";"21";"";"금갑해변";"58939";0
"부안군 변산면 변산로 3210-16";"";"37";"0";"A01";"A0101";"A01011200";"126278";"12";"202401181743";"http://tong.visitkorea.or.kr/cms/resource/06/3067106_image2_1.jpg";"http://tong.visitkorea.or.kr/cms/resource/06/3067106_image3_1.jpg";"Type3";"126.4822571170";"35.6007494449";"6";"20240118174312";"6";"";"상록해수욕장";"56340";0
"여수시 삼산면 거문길 103";"";"38";"0";"A01";"A0101";"A01011300";"126283";"12";"20031216090000";"http://tong.visitkorea.or.kr/cms/resource/49/3027249_image2_1.jpg";"http://tong.visitkorea.or.kr/cms/resource/49/3027249_image3_1.jpg";"Type3";"127.3089480580";"34.0274901869";"6";"20231027185235";"13";"";"거문도";"59790";0
"고창군 해리면 동호리";"";"37";"0";"A01";"A0101";"A01011200";"126286";"12";"202401181743";"http://tong.visitkorea.or.kr/cms/resource/70/2023670_image2_1.jpg";"http://tong.visitkorea.or.kr/cms/resource/70/2023670_image3_1.jpg";"Type3";"126.4845145428";"35.5181949778";"6";"20240118174312";"1";"";"동호해수욕장";"56406";0
"영광군 홍농읍 가마미로 355";"";"38";"0";"A01";"A0101";"A01011200";"126289";"12";"20030707090000";"http://tong.visitkorea.or.kr/cms/resource/63/3018763_image2_1.jpg";"http://tong.visitkorea.or.kr/cms/resource/63/3018763_image3_1.jpg";"Type3";"126.4090769892";"35.3997293920";"6";"20231010121433";"16";"";"가마미해수욕장";"57000";0
"고창군 상하면 자룡리";"";"37";"0";"A01";"A0101";"A01011200";"126290";"12";"20030919090000";"http://tong.visitkorea.or.kr/cms/resource/75/2513775_image2_1.jpg";"http://tong.visitkorea.or.kr/cms/resource/75/2513775_image2_1.jpg";"Type3";"126.4362984068";"35.4463884377";"6";"20240118104150";"1";"";"구시포해수욕장";"56408";0
"전주시 덕진구 권삼득로 390";"";"37";"0";"A02";"A0202";"A02020700";"126320";"12";"20031105090000";"http://tong.visitkorea.or.kr/cms/resource/93/2366393_image2_1.jpg";"http://tong.visitkorea.or.kr/cms/resource/93/2366393_image3_1.jpg";"Type3";"127.1218687977";"35.8475156135";"6";"20240419161928";"12";"";"덕진공원";"54895";0
"담양군 금성면 금성산성길";"";"38";"0";"A01";"A0101";"A01011700";"126323";"12";"20021118090000";"http://tong.visitkorea.or.kr/cms/resource/86/2013986_image2_1.jpg";"http://tong.visitkorea.or.kr/cms/resource/86/2013986_image3_1.jpg";"Type3";"127.0118601360";"35.3776476077";"6";"20230817142348";"7";"";"담양호";"57301";0
"남구 사직길 49";"(사동)";"5";"0";"A02";"A0202";"A02020700";"126325";"12";"20031223090000";"http://tong.visitkorea.or.kr/cms/resource/67/1587467_image2_1.jpg";"http://tong.visitkorea.or.kr/cms/resource/67/1587467_image3_1.jpg";"Type3";"126.9121749221";"35.1413559608";"6";"20240308104141";"2";"";"사직공원(광주)";"61638";0
"나주시 다도면 방산리";"";"38";"0";"A01";"A0101";"A01011700";"126327";"12";"20020430090000";"http://tong.visitkorea.or.kr/cms/resource/86/3060686_image2_1.jpg";"http://tong.visitkorea.or.kr/cms/resource/86/3060686_image3_1.jpg";"Type3";"126.8636284818";"34.9474131270";"6";"20231206140539";"6";"";"나주호";"58231";0
"순창군 구림면 안심길 103-134";"";"37";"0";"A02";"A0201";"A02010800";"126336";"12";"20031112090000";"http://tong.visitkorea.or.kr/cms/resource/91/1839691_image2_1.jpg";"http://tong.visitkorea.or.kr/cms/resource/91/1839691_image3_1.jpg";"Type3";"127.1175924451";"35.4858371666";"6";"20240124121246";"7";"";"만일사(순창)";"56011";0
"완주군 용진읍 봉서안길 313";"";"37";"0";"A02";"A0201";"A02010800";"126338";"12";"20031114090000";"http://tong.visitkorea.or.kr/cms/resource/77/2710677_image2_1.jpg";"http://tong.visitkorea.or.kr/cms/resource/77/2710677_image2_1.jpg";"Type3";"127.2191390850";"35.9087325597";"6";"20240118105040";"8";"";"봉서사(완주)";"55349";0
"장성군 북하면 백양로 1239";"(북하면)";"38";"0";"A02";"A0201";"A02010800";"126341";"12";"20040203090000";"http://tong.visitkorea.or.kr/cms/resource/09/2516009_image2_1.jpg";"http://tong.visitkorea.or.kr/cms/resource/09/2516009_image2_1.jpg";"Type3";"126.8828255458";"35.4400716726";"6";"20240123134428";"19";"";"백양사";"57205";0
"진안군 마령면 마이산남로 217";"(마령면)";"37";"0";"A02";"A0201";"A02010800";"126344";"12";"202401181743";"http://tong.visitkorea.or.kr/cms/resource/75/1605775_image2_1.jpg";"http://tong.visitkorea.or.kr/cms/resource/75/1605775_image3_1.jpg";"Type3";"127.3974855339";"35.7580472554";"6";"20240118174312";"14";"";"금당사(진안)";"55450";0
"김제시 금산면 청도6길 40";"(금산면)";"37";"0";"A02";"A0201";"A02010800";"126345";"12";"202401181743";"http://tong.visitkorea.or.kr/cms/resource/91/3045391_image2_1.jpg";"http://tong.visitkorea.or.kr/cms/resource/91/3045391_image3_1.jpg";"Type3";"127.0470225669";"35.7453148338";"6";"20240118174312";"3";"";"귀신사(김제)";"54343";0
"부안군 상서면 개암로 248";"";"37";"0";"A02";"A0201";"A02010800";"126346";"12";"202401181743";"http://tong.visitkorea.or.kr/cms/resource/85/1604185_image2_1.jpg";"http://tong.visitkorea.or.kr/cms/resource/85/1604185_image3_1.jpg";"Type3";"126.6498267208";"35.6628507594";"6";"20240118174312";"6";"";"개암사";"56336";0
"순창군 팔덕면 강천산길 270";"";"37";"0";"A02";"A0201";"A02010800";"126347";"12";"202401181743";"http://tong.visitkorea.or.kr/cms/resource/60/1954560_image2_1.jpg";"http://tong.visitkorea.or.kr/cms/resource/60/1954560_image3_1.jpg";"Type3";"127.0555668463";"35.3984154482";"6";"20240118174312";"7";"";"강천사(순창)";"56020";0
"부안군 내소사로 191 내소사매표소";"";"37";"0";"A02";"A0201";"A02010800";"126352";"12";"202401181743";"http://tong.visitkorea.or.kr/cms/resource/36/2678636_image2_1.jpg";"http://tong.visitkorea.or.kr/cms/resource/36/2678636_image3_1.jpg";"Type3";"126.5894667158";"35.6122277197";"6";"20240118174312";"6";"";"내소사(부안)";"56344";0
"강진군 성전면 무위사로 308";"";"38";"0";"A02";"A0201";"A02010800";"126357";"12";"20021009090000";"http://tong.visitkorea.or.kr/cms/resource/60/1606660_image2_1.jpg";"http://tong.visitkorea.or.kr/cms/resource/60/1606660_image3_1.jpg";"Type3";"126.6847659578";"34.7418943841";"6";"20230519154916";"1";"";"무위사";"59201";0
"무주군 설천면 백련사길 580";"";"37";"0";"A02";"A0201";"A02010800";"126360";"12";"202401181743";"http://tong.visitkorea.or.kr/cms/resource/35/1248135_image2_1.jpg";"http://tong.visitkorea.or.kr/cms/resource/35/1248135_image3_1.jpg";"Type3";"127.7665945072";"35.8606393491";"6";"20240118174312";"5";"";"백련사(무주)";"55557";0
"남원시 운봉읍 가산화수길 84";"";"37";"0";"A02";"A0205";"A02050200";"126382";"12";"20020514090000";"http://tong.visitkorea.or.kr/cms/resource/76/1604076_image2_1.jpg";"http://tong.visitkorea.or.kr/cms/resource/76/1604076_image3_1.jpg";"Type3";"127.5617372032";"35.4579285861";"6";"20240118095752";"4";"";"남원 황산대첩비지";"55717";0
"고창군 고창읍 동리로 100";"(고창읍)";"37";"0";"A02";"A0201";"A02010400";"126391";"12";"20020607090000";"http://tong.visitkorea.or.kr/cms/resource/08/2625708_image2_1.jpg";"http://tong.visitkorea.or.kr/cms/resource/08/2625708_image2_1.jpg";"Type3";"126.7030639278";"35.4322000769";"6";"20240118101930";"1";"";"고창신재효고택";"56440";0
"부안군 보안면 유천리";"";"37";"0";"A02";"A0201";"A02010700";"126395";"12";"20020506090000";"http://tong.visitkorea.or.kr/cms/resource/13/2515013_image2_1.jpg";"http://tong.visitkorea.or.kr/cms/resource/13/2515013_image2_1.jpg";"Type3";"126.6534804034";"35.6143702230";"6";"20240118103939";"6";"";"부안 유천리 요지";"56330";0
"고창군 고창읍 모양성로 1";"";"37";"0";"A02";"A0201";"A02010200";"126398";"12";"20031210090000";"http://tong.visitkorea.or.kr/cms/resource/43/2723743_image2_1.png";"http://tong.visitkorea.or.kr/cms/resource/43/2723743_image2_1.png";"Type3";"126.7044055224";"35.4303280891";"6";"20240326130908";"1";"";"고창읍성";"56440";0
"나주시 반남면";"";"38";"0";"A02";"A0201";"A02010700";"126406";"12";"20020514090000";"http://tong.visitkorea.or.kr/cms/resource/41/3053741_image2_1.jpg";"http://tong.visitkorea.or.kr/cms/resource/41/3053741_image3_1.jpg";"Type3";"126.6472234506";"34.9121162677";"6";"20231206145027";"6";"";"나주 반남 고분군";"58301";0
"장수군 장수읍 논개사당길 41";"";"37";"0";"A02";"A0201";"A02010700";"126408";"12";"202401181743";"http://tong.visitkorea.or.kr/cms/resource/56/798156_image2_1.jpg";"http://tong.visitkorea.or.kr/cms/resource/56/798156_image3_1.jpg";"Type3";"127.5228440978";"35.6437929727";"6";"20240118174312";"11";"";"논개사당(의암사)";"55636";0
"남원시 만복사길 10-5 (왕정동)";"";"37";"0";"A02";"A0201";"A02010800";"126409";"12";"20031112090000";"http://tong.visitkorea.or.kr/cms/resource/40/219440_image2_1.jpg";"http://tong.visitkorea.or.kr/cms/resource/40/219440_image3_1.jpg";"Type3";"127.3679806319";"35.4076197879";"6";"20240118112500";"4";"";"남원 만복사지";"55746";0
"남원시 향교길 43";"";"37";"0";"A02";"A0201";"A02010700";"126410";"12";"202401181743";"http://tong.visitkorea.or.kr/cms/resource/07/1604107_image2_1.jpg";"http://tong.visitkorea.or.kr/cms/resource/07/1604107_image3_1.jpg";"Type3";"127.3830011522";"35.4220656371";"6";"20240118174312";"4";"";"남원향교";"55728";0
"나주시 금성관길 8";"";"38";"0";"A02";"A0201";"A02010100";"126412";"12";"20020506090000";"http://tong.visitkorea.or.kr/cms/resource/89/2515589_image2_1.jpg";"http://tong.visitkorea.or.kr/cms/resource/89/2515589_image2_1.jpg";"Type3";"126.7165671197";"35.0333954147";"6";"20231006165843";"6";"";"나주 금성관";"58257";0
"영광군 불갑면 강항로 101";"";"38";"0";"A02";"A0201";"A02010700";"126415";"12";"20030122090000";"http://tong.visitkorea.or.kr/cms/resource/44/1954544_image2_1.jpg";"http://tong.visitkorea.or.kr/cms/resource/44/1954544_image3_1.jpg";"Type3";"126.5172247764";"35.2131856640";"6";"20231204155900";"16";"";"내산서원";"57059";0
"동구 예술길 24";"";"5";"0";"A02";"A0203";"A02030600";"126429";"12";"20020419090000";"http://tong.visitkorea.or.kr/cms/resource/60/2364360_image2_1.jpg";"http://tong.visitkorea.or.kr/cms/resource/60/2364360_image3_1.jpg";"Type3";"126.9186491379";"35.1498078933";"6";"20240311164722";"3";"";"광주 예술의 거리";"61475";0
"남원시 양림길 43";"(어현동)";"37";"0";"A02";"A0202";"A02020200";"126431";"12";"20040131090000";"http://tong.visitkorea.or.kr/cms/resource/57/1604057_image2_1.jpg";"http://tong.visitkorea.or.kr/cms/resource/57/1604057_image3_1.jpg";"Type3";"127.3901038165";"35.4022068955";"6";"20240124110141";"4";"";"남원관광단지";"55795";0
"해남군 송지면 땅끝마을길 60-28";"";"38";"0";"A02";"A0202";"A02020200";"126432";"12";"20031201090000";"http://tong.visitkorea.or.kr/cms/resource/36/2367436_image2_1.jpg";"http://tong.visitkorea.or.kr/cms/resource/36/2367436_image3_1.jpg";"Type3";"126.5266488294";"34.2980165668";"6";"20230927094613";"23";"";"땅끝관광지";"59065";0
"제주시 사라봉동길 74";"";"39";"0";"A02";"A0202";"A02020700";"126454";"12";"20031111090000";"http://tong.visitkorea.or.kr/cms/resource/84/3026884_image2_1.jpg";"http://tong.visitkorea.or.kr/cms/resource/84/3026884_image3_1.jpg";"Type3";"126.5460485461";"33.5180620158";"6";"20231027170318";"4";"";"사라봉공원";"63284";0
"서귀포시 안덕면 산방로 218-12";"";"39";"0";"A02";"A0201";"A02010800";"126457";"12";"20021008090000";"http://tong.visitkorea.or.kr/cms/resource/39/1036539_image2_1.jpg";"http://tong.visitkorea.or.kr/cms/resource/39/1036539_image3_1.jpg";"Type3";"126.3133472902";"33.2372560486";"6";"20231110100321";"3";"";"산방굴사(제주)";"63528";0
"제주시 건입동";"1427-13";"39";"0";"A02";"A0201";"A02010700";"126459";"12";"20021213090000";"http://tong.visitkorea.or.kr/cms/resource/91/1618591_image2_1.jpg";"http://tong.visitkorea.or.kr/cms/resource/91/1618591_image3_1.jpg";"Type3";"126.5455208585";"33.5161427755";"6";"20231205174445";"4";"";"모충사";"63307";0
"제주시 관덕로 19";"(삼도이동)";"39";"0";"A02";"A0201";"A02010100";"126460";"12";"20021213090000";"http://tong.visitkorea.or.kr/cms/resource/75/2513575_image2_1.jpg";"http://tong.visitkorea.or.kr/cms/resource/75/2513575_image2_1.jpg";"Type3";"126.5219701925";"33.5132954930";"6";"20231208145246";"4";"";"관덕정(제주)";"63166";0
"제주시 516로 3041-24";"(아라일동)";"39";"0";"A01";"A0102";"A01020100";"126461";"12";"20021213090000";"http://tong.visitkorea.or.kr/cms/resource/26/1618526_image2_1.jpg";"http://tong.visitkorea.or.kr/cms/resource/26/1618526_image3_1.jpg";"Type3";"126.5547604989";"33.4476699442";"6";"20231209145836";"4";"";"산천단곰솔";"63244";0
"제주시 오라이동";"39-1";"39";"0";"A01";"A0101";"A01010900";"126468";"12";"20031114090000";"http://tong.visitkorea.or.kr/cms/resource/02/1802002_image2_1.jpg";"http://tong.visitkorea.or.kr/cms/resource/02/1802002_image3_1.jpg";"Type3";"126.5169053039";"33.4542936092";"6";"20230405094500";"4";"064-728-2742";"방선문";"63147";0
"제주시 구좌읍 비자숲길 55";"";"39";"0";"A01";"A0101";"A01010700";"126472";"12";"20040226090000";"http://tong.visitkorea.or.kr/cms/resource/66/2668266_image2_1.jpg";"http://tong.visitkorea.or.kr/cms/resource/66/2668266_image3_1.jpg";"Type3";"126.8074904603";"33.4862530625";"6";"20230829154118";"4";"";"비자림";"63351";0
"도봉구 도봉동";"";"1";"0";"A01";"A0101";"A01010400";"126481";"12";"20030929090000";"http://tong.visitkorea.or.kr/cms/resource/65/1894465_image2_1.jpg";"http://tong.visitkorea.or.kr/cms/resource/65/1894465_image3_1.jpg";"Type3";"127.0184192271";"37.6969870145";"6";"20231122111100";"10";"";"도봉산";"01318";0
"노원구 덕릉로130가길 22";"";"1";"0";"A01";"A0101";"A01010400";"126482";"12";"20040227090000";"http://tong.visitkorea.or.kr/cms/resource/86/739086_image2_1.jpg";"http://tong.visitkorea.or.kr/cms/resource/86/739086_image3_1.jpg";"Type3";"127.0882468880";"37.6725633390";"6";"20230512104101";"9";"";"불암산";"01642";0
"강남구 도산대로45길 20";"";"1";"0";"A01";"A0101";"A01010500";"126486";"12";"20031105090000";"http://tong.visitkorea.or.kr/cms/resource/60/2678560_image2_1.jpg";"http://tong.visitkorea.or.kr/cms/resource/60/2678560_image3_1.jpg";"Type3";"127.0338117034";"37.5214632538";"6";"20230824102520";"1";"";"도산공원";"06020";0
"성북구 개운사길 73";"";"1";"0";"A02";"A0201";"A02010800";"126501";"12";"20041230090000";"http://tong.visitkorea.or.kr/cms/resource/26/2690626_image2_1.jpg";"http://tong.visitkorea.or.kr/cms/resource/26/2690626_image3_1.jpg";"Type3";"127.0280213987";"37.5899857439";"6";"20230610060046";"17";"";"개운사(서울)";"02842";0
"서대문구 봉원사길 120";"(봉원동)";"1";"0";"A02";"A0201";"A02010800";"126503";"12";"20041230090000";"http://tong.visitkorea.or.kr/cms/resource/05/2017905_image2_1.jpg";"http://tong.visitkorea.or.kr/cms/resource/05/2017905_image3_1.jpg";"Type3";"126.9469959488";"37.5723974448";"6";"20231006135234";"14";"";"봉원사(서울)";"03721";0
"종로구 사직로 161";"";"1";"1";"A02";"A0201";"A02010100";"126508";"12";"20041230090000";"http://tong.visitkorea.or.kr/cms/resource/33/2678633_image2_1.jpg";"http://tong.visitkorea.or.kr/cms/resource/33/2678633_image3_1.jpg";"Type3";"126.9769930325";"37.5788222356";"6";"20240417160136";"23";"";"경복궁";"03045";5579905
"종로구 사직로 161";"";"1";"1";"A02";"A0201";"A02010300";"126512";"12";"20031027090000";"http://tong.visitkorea.or.kr/cms/resource/72/3069472_image2_1.JPG";"http://tong.visitkorea.or.kr/cms/resource/72/3069472_image3_1.JPG";"Type3";"126.9768042386";"37.5760725520";"6";"20240417181643";"23";"";"광화문";"03045";0
"강동구 올림픽로 875";"(암사동)";"1";"1";"A02";"A0201";"A02010700";"126519";"12";"20040227090000";"http://tong.visitkorea.or.kr/cms/resource/19/204019_image2_1.jpg";"http://tong.visitkorea.or.kr/cms/resource/19/204019_image3_1.jpg";"Type3";"127.1309239757";"37.5605132450";"6";"20231204165246";"2";"";"서울 암사동 유적";"05239";0
"송파구 풍납동";"";"1";"0";"A02";"A0201";"A02010200";"126520";"12";"20020402090000";"http://tong.visitkorea.or.kr/cms/resource/13/566413_image2_1.jpg";"http://tong.visitkorea.or.kr/cms/resource/13/566413_image3_1.jpg";"Type3";"127.1209255392";"37.5375629524";"6";"20230413021328";"18";"";"서울 풍납동 토성";"05512";0
"종로구 난계로27길 84";"";"1";"0";"A02";"A0201";"A02010700";"126522";"12";"20041230090000";"http://tong.visitkorea.or.kr/cms/resource/92/1984692_image2_1.jpg";"http://tong.visitkorea.or.kr/cms/resource/92/1984692_image3_1.jpg";"Type3";"127.0184394274";"37.5727625733";"6";"20231208121239";"23";"";"서울 동관왕묘";"03115";0
"용산구 이촌로 80-8";"";"1";"0";"A02";"A0201";"A02010900";"126529";"12";"20041230090000";"http://tong.visitkorea.or.kr/cms/resource/21/1985221_image2_1.jpg";"http://tong.visitkorea.or.kr/cms/resource/21/1985221_image3_1.jpg";"Type3";"126.9567186255";"37.5249586869";"6";"20231206180258";"21";"";"새남터기념성당";"04374";0
"종로구 대학로 104";"(동숭동)";"1";"0";"A02";"A0203";"A02030600";"126534";"12";"20020419090000";"http://tong.visitkorea.or.kr/cms/resource/86/1554786_image2_1.jpg";"http://tong.visitkorea.or.kr/cms/resource/86/1554786_image3_1.jpg";"Type3";"127.0022045820";"37.5802919622";"6";"20230610054020";"23";"";"대학로";"03087";0
"종로구 계동길 37";"(계동)";"1";"0";"A02";"A0201";"A02010600";"126537";"12";"20021120090000";"http://tong.visitkorea.or.kr/cms/resource/06/2512006_image2_1.jpg";"http://tong.visitkorea.or.kr/cms/resource/06/2512006_image3_1.jpg";"Type3";"126.9864254967";"37.5791612548";"6";"20240308150343";"23";"";"북촌한옥마을";"03059";0
"남양주시 진접읍 봉선사길 32";"(진접읍)";"31";"0";"A02";"A0201";"A02010800";"126539";"12";"20031128090000";"http://tong.visitkorea.or.kr/cms/resource/84/2678584_image2_1.jpg";"http://tong.visitkorea.or.kr/cms/resource/84/2678584_image3_1.jpg";"Type3";"127.1837471484";"37.7471036189";"6";"20230719134656";"9";"";"봉선사(경기)";"12001";0
"화천군 사내면 포화로 653-76";"";"32";"";"B02";"B0201";"B02010700";"1265425";"32";"20110427215649";"http://tong.visitkorea.or.kr/cms/resource/59/1849259_image2_1.jpg";"http://tong.visitkorea.or.kr/cms/resource/59/1849259_image3_1.jpg";"Type3";"127.4869317944";"38.0850420234";"6";"20230907101120";"17";"033-441-6066";"마음이머무는곳";"24150";0
"양주시 유양동";"일원";"31";"0";"A01";"A0101";"A01010400";"126545";"12";"20061220090000";"http://tong.visitkorea.or.kr/cms/resource/23/3067723_image2_1.jpg";"http://tong.visitkorea.or.kr/cms/resource/23/3067723_image2_1.jpg";"Type3";"127.0288986934";"37.7986448111";"6";"20231213151355";"18";"031-8082-6220";"불곡산";"11498";0
"공주시 우성면 성곡길 371";"";"34";"0";"A02";"A0201";"A02010800";"126546";"12";"20030128090000";"http://tong.visitkorea.or.kr/cms/resource/50/216650_image2_1.jpg";"http://tong.visitkorea.or.kr/cms/resource/50/216650_image3_1.jpg";"Type3";"127.0716696457";"36.5073226694";"6";"20231208103722";"1";"";"성곡사";"32531";0
"단양군 영춘면 남천계곡로 375";"(영춘면)";"33";"0";"A01";"A0101";"A01010900";"126561";"12";"20030901090000";"http://tong.visitkorea.or.kr/cms/resource/62/3064162_image2_1.jpg";"http://tong.visitkorea.or.kr/cms/resource/62/3064162_image3_1.jpg";"Type3";"128.5107838513";"37.0431012880";"6";"20231210110307";"2";"";"남천계곡";"27020";0
"문경시 가은읍 용추길 31-35";"";"35";"0";"A01";"A0101";"A01010400";"126569";"12";"20040213090000";"http://tong.visitkorea.or.kr/cms/resource/02/3041902_image2_1.jpg";"http://tong.visitkorea.or.kr/cms/resource/02/3041902_image3_1.jpg";"Type3";"127.9619992227";"36.6709532203";"6";"20231116153303";"7";"";"대야산";"36993";0
"양천구 남부순환로64길 20";"";"1";"0";"A02";"A0202";"A02020700";"1265735";"12";"20110428003448";"http://tong.visitkorea.or.kr/cms/resource/15/2611715_image2_1.bmp";"http://tong.visitkorea.or.kr/cms/resource/15/2611715_image2_1.bmp";"Type3";"126.8300634330";"37.5274172505";"6";"20230610074909";"19";"";"서서울호수공원";"07916";0
"창녕군 창녕읍 화왕산관룡사길 171";"(창녕읍)";"36";"0";"A02";"A0201";"A02010800";"126575";"12";"20040217090000";"http://tong.visitkorea.or.kr/cms/resource/28/2563128_image2_1.jpg";"http://tong.visitkorea.or.kr/cms/resource/28/2563128_image3_1.jpg";"Type3";"128.5534645773";"35.5319601845";"6";"20231120152505";"15";"";"관룡사";"50335";0
"거제시 남부면 명사해수욕장길";"";"36";"0";"A01";"A0101";"A01011200";"126577";"12";"20040119090000";"http://tong.visitkorea.or.kr/cms/resource/33/3077233_image2_1.jpg";"http://tong.visitkorea.or.kr/cms/resource/33/3077233_image3_1.jpg";"Type3";"128.6047816783";"34.7272513743";"6";"20231229155550";"1";"";"명사해수욕장";"53333";0
"밀양시 상동면 안인리";"";"36";"0";"A02";"A0202";"A02020700";"126599";"12";"20040130090000";"http://tong.visitkorea.or.kr/cms/resource/04/2486504_image2_1.jpg";"http://tong.visitkorea.or.kr/cms/resource/04/2486504_image2_1.jpg";"Type3";"128.7660123080";"35.5428239690";"6";"20230802203327";"7";"";"상동 빈지소";"50409";0
"영월군 엄둔길 38";"";"32";"0";"A01";"A0101";"A01010400";"126601";"12";"20060509090000";"http://tong.visitkorea.or.kr/cms/resource/91/175591_image2_1.jpg";"http://tong.visitkorea.or.kr/cms/resource/91/175591_image3_1.jpg";"Type3";"128.2361869928";"37.3017746722";"6";"20231115152652";"8";"";"구봉대산";"26201";0
"보성군 문덕면 죽산길 506-8";"(문덕면)";"38";"0";"A02";"A0201";"A02010800";"126612";"12";"20031107090000";"http://tong.visitkorea.or.kr/cms/resource/46/1609446_image2_1.jpg";"http://tong.visitkorea.or.kr/cms/resource/46/1609446_image3_1.jpg";"Type3";"127.1328210732";"34.9614272040";"6";"20230802211458";"10";"";"대원사(보성)";"59401";0
"무안군 해제면";"";"38";"0";"A01";"A0101";"A01011400";"126617";"12";"20060628090000";"http://tong.visitkorea.or.kr/cms/resource/91/824691_image2_1.jpg";"http://tong.visitkorea.or.kr/cms/resource/91/824691_image3_1.jpg";"Type3";"126.3464690952";"35.1566586763";"6";"20240123142600";"9";"";"도리포";"58503";0
"구례군 마산면 화엄사로 539";"";"38";"0";"A02";"A0202";"A02020200";"126632";"12";"20031111090000";"http://tong.visitkorea.or.kr/cms/resource/04/3016504_image2_1.jpg";"http://tong.visitkorea.or.kr/cms/resource/04/3016504_image2_1.jpg";"Type3";"127.4977425065";"35.2573140182";"6";"20230927113619";"5";"";"구례 관광특구";"57616";0
"인제군 북면 설악로";"";"32";"0";"A01";"A0101";"A01010400";"126643";"12";"20030929090000";"http://tong.visitkorea.or.kr/cms/resource/91/3042591_image2_1.jpg";"http://tong.visitkorea.or.kr/cms/resource/91/3042591_image3_1.jpg";"Type3";"128.3415306083";"38.1196152453";"6";"20231117113215";"10";"";"대승령과 대승폭포";"24607";0
"문경시 문경읍 온천2길 24";"";"35";"0";"A02";"A0202";"A02020300";"126647";"12";"20040213090000";"http://tong.visitkorea.or.kr/cms/resource/84/1958784_image2_1.jpg";"http://tong.visitkorea.or.kr/cms/resource/84/1958784_image3_1.jpg";"Type3";"128.1091343918";"36.7300491533";"6";"20231101164906";"7";"";"문경종합온천";"36918";0
"정읍시 덕천면 동학로 742";"";"37";"";"A02";"A0207";"A02070200";"1266490";"15";"20110428225912";"http://tong.visitkorea.or.kr/cms/resource/01/3112201_image2_1.png";"http://tong.visitkorea.or.kr/cms/resource/01/3112201_image3_1.png";"Type3";"126.8300531282";"35.6318490114";"6";"20240329170958";"13";"063-538-1894";"동학농민혁명기념제";"56149";0
"단양군 단성면 가산리";"(단성면)";"33";"0";"A01";"A0101";"A01010400";"126653";"12";"20030507090000";"http://tong.visitkorea.or.kr/cms/resource/22/176522_image2_1.jpg";"http://tong.visitkorea.or.kr/cms/resource/22/176522_image3_1.jpg";"Type3";"128.3131680804";"36.8564190057";"6";"20240201115759";"2";"";"도락산";"27026";0
"단양군 단성면 선암계곡로 1337";"";"33";"0";"A01";"A0101";"A01010900";"126654";"12";"20030901090000";"http://tong.visitkorea.or.kr/cms/resource/62/2671562_image2_1.jpg";"http://tong.visitkorea.or.kr/cms/resource/62/2671562_image3_1.jpg";"Type3";"128.3094058138";"36.9079769088";"6";"20240419163638";"2";"";"선암계곡(하선암)";"27026";0
"단양군 단양읍 다리안로 528-10";"";"33";"0";"A01";"A0101";"A01010900";"126655";"12";"20031106090000";"http://tong.visitkorea.or.kr/cms/resource/57/3081057_image2_1.jpg";"http://tong.visitkorea.or.kr/cms/resource/57/3081057_image3_1.jpg";"Type3";"128.4202192843";"36.9635587162";"6";"20240112174628";"2";"";"다리안계곡";"27024";0
"평창군 대화면 금당계곡로 766-2";"";"32";"0";"A01";"A0101";"A01010900";"126656";"12";"20030925090000";"http://tong.visitkorea.or.kr/cms/resource/45/1177245_image2_1.jpg";"http://tong.visitkorea.or.kr/cms/resource/45/1177245_image3_1.jpg";"Type3";"128.3942007364";"37.4824623569";"6";"20240123170741";"15";"";"금당계곡";"25357";0
"통영시 봉수돌샘길 115";"(봉평동)";"36";"0";"A01";"A0101";"A01010400";"126659";"12";"20030929090000";"http://tong.visitkorea.or.kr/cms/resource/88/2367588_image2_1.jpg";"http://tong.visitkorea.or.kr/cms/resource/88/2367588_image3_1.jpg";"Type3";"128.4155178715";"34.8219985169";"6";"20230703171951";"17";"";"미륵산(통영)";"53078";0
"부평구 부평대로 166 원평빌딩";"";"2";"";"A02";"A0207";"A02070100";"1266642";"15";"20110428235859";"http://tong.visitkorea.or.kr/cms/resource/88/2830088_image2_1.jpg";"http://tong.visitkorea.or.kr/cms/resource/88/2830088_image3_1.jpg";"Type3";"126.7216155851";"37.5061983460";"6";"20240206130654";"6";"032-509-7516";"부평풍물대축제";"21354";0
"남원시 운봉읍 바래봉길 196";"";"37";"0";"A01";"A0101";"A01010400";"126675";"12";"202401181743";"http://tong.visitkorea.or.kr/cms/resource/14/2617914_image2_1.jpg";"http://tong.visitkorea.or.kr/cms/resource/14/2617914_image3_1.jpg";"Type3";"127.5779950277";"35.4224551030";"6";"20240118174312";"4";"";"바래봉";"55717";0
"완주군 동상면 대아리";"";"37";"0";"A01";"A0101";"A01010900";"126684";"12";"202401181743";"http://tong.visitkorea.or.kr/cms/resource/84/3061384_image2_1.jpg";"http://tong.visitkorea.or.kr/cms/resource/84/3061384_image3_1.jpg";"Type3";"127.2860868374";"35.9783508013";"6";"20240118174312";"8";"";"동상운장산계곡";"55344";0
"태안군 안면읍 승언리";"";"34";"0";"A01";"A0101";"A01011200";"126695";"12";"20030701090000";"http://tong.visitkorea.or.kr/cms/resource/06/2649006_image2_1.jpg";"http://tong.visitkorea.or.kr/cms/resource/06/2649006_image3_1.jpg";"Type3";"126.3346639477";"36.5013661578";"6";"20240417174647";"14";"";"꽃지해수욕장";"32166";0
"인제군 기린면 현리";"";"32";"0";"A01";"A0101";"A01010900";"126697";"12";"20030812090000";"http://tong.visitkorea.or.kr/cms/resource/52/1841952_image2_1.jpg";"http://tong.visitkorea.or.kr/cms/resource/52/1841952_image3_1.jpg";"Type3";"128.3142607500";"37.9420131524";"6";"20231117120225";"10";"";"방동계곡";"24657";0
"옹진군 자월면 이작리";"";"2";"0";"A01";"A0101";"A01011300";"126700";"12";"20031208090000";"http://tong.visitkorea.or.kr/cms/resource/09/2661909_image2_1.jpg";"http://tong.visitkorea.or.kr/cms/resource/09/2661909_image2_1.jpg";"Type3";"126.2587835301";"37.1749176125";"6";"20230628180654";"9";"";"대이작도";"23128";0
"봉화군 석포면 백천길";"";"35";"0";"A01";"A0101";"A01010900";"126702";"12";"20040213090000";"http://tong.visitkorea.or.kr/cms/resource/51/221651_image2_1.jpg";"http://tong.visitkorea.or.kr/cms/resource/51/221651_image3_1.jpg";"Type3";"128.9835048018";"37.0668242488";"6";"20230922165011";"8";"";"백천계곡";"36271";0
"김포시 월곶면 문수산로 102-38";"";"31";"0";"A01";"A0101";"A01010600";"126703";"12";"20030609090000";"http://tong.visitkorea.or.kr/cms/resource/55/1589355_image2_1.jpg";"http://tong.visitkorea.or.kr/cms/resource/55/1589355_image3_1.jpg";"Type3";"126.5308515501";"37.7378152245";"6";"20240315130950";"8";"";"문수산산림욕장";"10000";0
"부천시 소향로 162";"";"31";"0";"A02";"A0202";"A02020700";"126704";"12";"20031106090000";"http://tong.visitkorea.or.kr/cms/resource/55/3077155_image2_1.jpg";"http://tong.visitkorea.or.kr/cms/resource/55/3077155_image3_1.jpg";"Type3";"126.7636924594";"37.5005914109";"6";"20240118163428";"11";"";"부천 중앙공원";"14584";0
"서산시 팔봉면 고파도2길 10";"";"34";"0";"A01";"A0101";"A01011300";"126706";"12";"20030723090000";"http://tong.visitkorea.or.kr/cms/resource/71/2537971_image2_1.jpg";"http://tong.visitkorea.or.kr/cms/resource/71/2537971_image2_1.jpg";"Type3";"126.3359808063";"36.9107356409";"6";"20230307155155";"7";"";"고파도";"31926";0
"화성시 장안면";"수촌리~우정읍 이화리";"31";"0";"A01";"A0101";"A01011700";"126707";"12";"20020430090000";"http://tong.visitkorea.or.kr/cms/resource/39/3031639_image2_1.JPG";"http://tong.visitkorea.or.kr/cms/resource/39/3031639_image3_1.JPG";"Type3";"126.8157344806";"37.0154818785";"6";"20231106120311";"31";"";"남양호(남양황라)";"445-940,1";0
"화성시 남양읍 남양성지로 112";"";"31";"0";"A02";"A0201";"A02010900";"126709";"12";"20031128090000";"http://tong.visitkorea.or.kr/cms/resource/07/2480807_image2_1.jpg";"http://tong.visitkorea.or.kr/cms/resource/07/2480807_image2_1.jpg";"Type3";"126.8167597346";"37.2049627571";"6";"20230927083401";"31";"";"남양성모성지";"18260";0
"남해군 남해읍 남해대로 2745";"";"36";"0";"A02";"A0206";"A02060200";"1267091";"14";"20110429193035";"http://tong.visitkorea.or.kr/cms/resource/03/2550603_image2_1.JPG";"http://tong.visitkorea.or.kr/cms/resource/03/2550603_image2_1.JPG";"Type3";"127.8992182207";"34.8319605048";"6";"20230119152908";"5";"";"남해유배문학관";"52427";0
"영월군 영월읍 정양리 451";"";"32";"0";"A01";"A0101";"A01010400";"126710";"12";"20060509090000";"http://tong.visitkorea.or.kr/cms/resource/06/1841606_image2_1.jpg";"http://tong.visitkorea.or.kr/cms/resource/06/1841606_image3_1.jpg";"Type3";"128.4969260372";"37.1618151571";"6";"20231115155929";"8";"";"계족산(영월)";"26231";0
"과천시 대공원광장로 102";"";"31";"0";"A02";"A0202";"A02020600";"126712";"12";"20031007090000";"http://tong.visitkorea.or.kr/cms/resource/93/2678593_image2_1.jpg";"http://tong.visitkorea.or.kr/cms/resource/93/2678593_image3_1.jpg";"Type3";"127.0171158655";"37.4278904825";"6";"20230912143622";"3";"";"서울대공원";"13829";1478902
"무주군 설천면 만선로 185";"(설천면)";"37";"0";"A02";"A0202";"A02020200";"126718";"12";"20031209090000";"http://tong.visitkorea.or.kr/cms/resource/66/2003266_image2_1.JPG";"http://tong.visitkorea.or.kr/cms/resource/66/2003266_image2_1.JPG";"Type3";"127.7313940660";"35.8897992986";"6";"20240118102534";"5";"";"무주덕유산리조트";"55556";0
"과천시 광명로 181";"(막계동)";"31";"0";"A02";"A0202";"A02020600";"126719";"12";"20031113090000";"http://tong.visitkorea.or.kr/cms/resource/51/2601251_image2_1.bmp";"http://tong.visitkorea.or.kr/cms/resource/51/2601251_image2_1.bmp";"Type3";"127.0188988734";"37.4336870644";"6";"20230919141441";"3";"";"서울랜드";"13829";1332898
"고성군 거진읍";"";"32";"0";"A01";"A0101";"A01011200";"126727";"12";"20030710090000";"http://tong.visitkorea.or.kr/cms/resource/92/3070092_image2_1.jpg";"http://tong.visitkorea.or.kr/cms/resource/92/3070092_image3_1.jpg";"Type3";"128.4628018416";"38.4215018437";"6";"20231215105212";"2";"";"반암해변";"24723";0
"서귀포시 성산읍 제성로";"";"39";"0";"A01";"A0101";"A01010400";"126731";"12";"20031114090000";"http://tong.visitkorea.or.kr/cms/resource/39/3023639_image2_1.jpg";"http://tong.visitkorea.or.kr/cms/resource/39/3023639_image3_1.jpg";"Type3";"126.8809960343";"33.4498916019";"6";"20231024143939";"3";"";"남제주 억새오름길";"63630";0
"양양군 현남면 매바위길 138";"";"32";"0";"A01";"A0101";"A01011400";"126738";"12";"20031117090000";"http://tong.visitkorea.or.kr/cms/resource/15/2746915_image2_1.jpg";"http://tong.visitkorea.or.kr/cms/resource/15/2746915_image3_1.jpg";"Type3";"128.7871622863";"37.9449469437";"6";"20230703083955";"7";"";"남애항";"25057";0
"중구 퇴계로34길 28";"(필동2가)";"1";"1";"A02";"A0201";"A02010600";"126747";"12";"20040216090000";"http://tong.visitkorea.or.kr/cms/resource/62/1946562_image2_1.jpg";"http://tong.visitkorea.or.kr/cms/resource/62/1946562_image3_1.jpg";"Type3";"126.9940059289";"37.5591248302";"6";"20240321172220";"24";"";"남산골한옥마을";"04626";1155773
"정선군 사북읍 지장천로 436-27";"(2코스), 남면, 영월군 중동면 직동리";"32";"0";"A01";"A0101";"A01010400";"126751";"12";"20040212090000";"http://tong.visitkorea.or.kr/cms/resource/95/2600795_image2_1.jpg";"http://tong.visitkorea.or.kr/cms/resource/95/2600795_image2_1.jpg";"Type3";"128.7541848542";"37.2112754783";"6";"20231122175850";"11";"";"두위봉";"26153";0
"제천시 수산면 능강리";"산30-4";"33";"0";"A01";"A0101";"A01010900";"126755";"12";"20070914090000";"http://tong.visitkorea.or.kr/cms/resource/68/3062568_image2_1.jpg";"http://tong.visitkorea.or.kr/cms/resource/68/3062568_image3_1.jpg";"Type3";"128.1975635304";"36.9873740369";"6";"20231208100612";"7";"";"능강계곡, 얼음골";"27218";0
"산청군 신안면 수월로";"";"36";"0";"A01";"A0101";"A01010900";"126758";"12";"20040202090000";"http://tong.visitkorea.or.kr/cms/resource/49/1611449_image2_1.jpg";"http://tong.visitkorea.or.kr/cms/resource/49/1611449_image3_1.jpg";"Type3";"127.9478470804";"35.3724978179";"6";"20231103161048";"9";"";"선유동계곡(산청)";"666-963,2";0
"단양군 매포읍 삼봉로 644-13";"";"33";"0";"A02";"A0205";"A02050300";"126766";"12";"20020422090000";"http://tong.visitkorea.or.kr/cms/resource/44/567044_image2_1.jpg";"http://tong.visitkorea.or.kr/cms/resource/44/567044_image3_1.jpg";"Type3";"128.3417752212";"37.0007696372";"6";"20230922150647";"2";"";"도담삼봉 음악분수";"27008";0
"구례군 마산면 사도리";"상사마을";"38";"0";"A01";"A0101";"A01011000";"126767";"12";"20030925090000";"http://tong.visitkorea.or.kr/cms/resource/08/169508_image2_1.jpg";"http://tong.visitkorea.or.kr/cms/resource/08/169508_image3_1.jpg";"Type3";"127.4994767741";"35.2151826888";"6";"20230724172039";"5";"";"당몰샘";"542-852,3";0
"무주군 무풍면 구천동로";"";"37";"0";"A01";"A0101";"A01011000";"126768";"12";"202401181743";"http://tong.visitkorea.or.kr/cms/resource/46/711846_image2_1.jpg";"http://tong.visitkorea.or.kr/cms/resource/46/711846_image3_1.jpg";"Type3";"127.8105208960";"35.8707862030";"6";"20240118174312";"5";"";"무주 신풍령약수터";"55563";0
"창원시 의창구 북면 마산길72번길";"일대";"36";"0";"A01";"A0101";"A01010400";"126769";"12";"20030103090000";"http://tong.visitkorea.or.kr/cms/resource/14/2043314_image2_1.jpg";"http://tong.visitkorea.or.kr/cms/resource/14/2043314_image3_1.jpg";"Type3";"128.6324519349";"35.3340894595";"6";"20231114114029";"16";"";"백월산";"51102";0
"충주시 노은면 보련골길 78";"";"33";"0";"A01";"A0101";"A01010400";"126772";"12";"20031106090000";"http://tong.visitkorea.or.kr/cms/resource/94/177794_image2_1.jpg";"http://tong.visitkorea.or.kr/cms/resource/94/177794_image3_1.jpg";"Type3";"127.7658532485";"37.0512698171";"6";"20231209160607";"11";"";"보련산";"27452";0
"의령군 궁류면 평촌리 산 62";"";"36";"0";"A01";"A0102";"A01020200";"126775";"12";"20031117090000";"http://tong.visitkorea.or.kr/cms/resource/92/2486192_image2_1.jpg";"http://tong.visitkorea.or.kr/cms/resource/92/2486192_image2_1.jpg";"Type3";"128.2414001529";"35.4352932050";"6";"20231120112349";"12";"";"봉황대(의령)";"52115";0
"고성군 현내면 한나루로4길 1";"";"32";"0";"A01";"A0101";"A01011200";"126778";"12";"20030710090000";"http://tong.visitkorea.or.kr/cms/resource/74/3006874_image2_1.jpg";"http://tong.visitkorea.or.kr/cms/resource/74/3006874_image3_1.jpg";"Type3";"128.4236806136";"38.5033887400";"6";"20230905185828";"2";"";"대진1리해변";"24703";0
"고성군 죽왕면";"공현진1리";"32";"0";"A01";"A0101";"A01011200";"126787";"12";"20030710090000";"http://tong.visitkorea.or.kr/cms/resource/27/3007927_image2_1.jpg";"http://tong.visitkorea.or.kr/cms/resource/27/3007927_image3_1.jpg";"Type1";"128.5106302561";"38.3508443520";"6";"20230906113646";"2";"";"공현진1리해변";"24745";0
"고성군 죽왕면";"(죽왕면)";"32";"0";"A01";"A0101";"A01011200";"126788";"12";"20030710090000";"http://tong.visitkorea.or.kr/cms/resource/61/174961_image2_1.jpg";"http://tong.visitkorea.or.kr/cms/resource/61/174961_image3_1.jpg";"Type3";"128.5465647526";"38.2979956575";"6";"20230703081116";"2";"";"문암2리해변";"24752";0
"여주시 명성로 71";"";"31";"0";"A02";"A0201";"A02010500";"126790";"12";"20040225090000";"http://tong.visitkorea.or.kr/cms/resource/98/2590998_image2_1.jpg";"http://tong.visitkorea.or.kr/cms/resource/98/2590998_image2_1.jpg";"Type3";"127.6556516417";"37.2604936594";"6";"20231010141611";"20";"";"명성황후 생가";"12653";0
"수영구 민락동";"";"6";"0";"A02";"A0202";"A02020700";"126799";"12";"20031215090000";"http://tong.visitkorea.or.kr/cms/resource/17/1573617_image2_1.jpg";"http://tong.visitkorea.or.kr/cms/resource/17/1573617_image3_1.jpg";"Type3";"129.1331270526";"35.1546382351";"6";"20240417175754";"12";"";"민락수변공원";"48289";0
"중구 봉산문화길 38";"(봉산동)";"4";"0";"A02";"A0203";"A02030600";"126802";"12";"20040226090000";"http://tong.visitkorea.or.kr/cms/resource/20/3035820_image2_1.jpg";"http://tong.visitkorea.or.kr/cms/resource/20/3035820_image3_1.jpg";"Type3";"128.5980293412";"35.8618042938";"6";"20231110101132";"8";"";"봉산문화거리";"41959";0
"하남시 미사강변북로 99";"";"31";"0";"A02";"A0201";"A02010900";"126805";"12";"20031128090000";"http://tong.visitkorea.or.kr/cms/resource/71/3033571_image2_1.JPG";"http://tong.visitkorea.or.kr/cms/resource/71/3033571_image3_1.JPG";"Type3";"127.1894627372";"37.5729517479";"6";"20231107151055";"30";"";"구산성지";"12903";0
"영월군 영월읍 동강로 826";"(영월읍, 동강래프팅) 일대";"32";"0";"A01";"A0101";"A01011800";"126807";"12";"20060509090000";"http://tong.visitkorea.or.kr/cms/resource/96/2026096_image2_1.jpg";"http://tong.visitkorea.or.kr/cms/resource/96/2026096_image3_1.jpg";"Type3";"128.5128232453";"37.2079990332";"6";"20231115114517";"8";"";"동강(영월)";"26223";0
"금산군 남이면 개삼로 101";"";"34";"0";"A02";"A0201";"A02010700";"126812";"12";"20020513090000";"http://tong.visitkorea.or.kr/cms/resource/97/1600197_image2_1.jpg";"http://tong.visitkorea.or.kr/cms/resource/97/1600197_image3_1.jpg";"Type3";"127.4782837945";"36.0753931283";"6";"20230322104253";"2";"";"개삼터·개삼각";"32752";0
"봉화군 법전면 소천리";"";"35";"0";"A01";"A0101";"A01010900";"126817";"12";"20030917090000";"http://tong.visitkorea.or.kr/cms/resource/56/221656_image2_1.jpg";"http://tong.visitkorea.or.kr/cms/resource/56/221656_image3_1.jpg";"Type3";"128.9363136649";"36.9107690043";"6";"20231117143247";"8";"";"사미정계곡";"36222";0
"신안군 비금면 죽림리";"";"38";"0";"A01";"A0101";"A01011300";"126821";"12";"20030813090000";"http://tong.visitkorea.or.kr/cms/resource/10/624910_image2_1.jpg";"http://tong.visitkorea.or.kr/cms/resource/10/624910_image3_1.jpg";"Type3";"125.9455258903";"34.7337443661";"6";"20240201115556";"12";"";"비금도";"58846";0
"강서구 허준로5길 42";"(가양동)";"1";"0";"A02";"A0202";"A02020700";"126824";"12";"20031103090000";"http://tong.visitkorea.or.kr/cms/resource/92/566492_image2_1.jpg";"http://tong.visitkorea.or.kr/cms/resource/92/566492_image3_1.jpg";"Type3";"126.8537656954";"37.5676574399";"6";"20230830161947";"4";"";"구암공원";"07525";0
"목포시 남농로 135";"일대 (용해동)";"38";"0";"A02";"A0203";"A02030600";"126828";"12";"20040224090000";"http://tong.visitkorea.or.kr/cms/resource/60/2515460_image2_1.jpg";"http://tong.visitkorea.or.kr/cms/resource/60/2515460_image2_1.jpg";"Type3";"126.4209824186";"34.7936564349";"6";"20231214155806";"8";"";"갓바위 문화타운";"58699";0
"동구 자성로 99";"";"6";"0";"A02";"A0202";"A02020700";"126830";"12";"20041231090000";"http://tong.visitkorea.or.kr/cms/resource/53/2445453_image2_1.jpg";"http://tong.visitkorea.or.kr/cms/resource/53/2445453_image3_1.jpg";"Type3";"129.0611254938";"35.1359084454";"6";"20231214160359";"5";"";"부산진성공원";"48746";0
"통영시 사량면 진촌2길";"일대";"36";"0";"A01";"A0101";"A01011300";"126832";"12";"20040107090000";"http://tong.visitkorea.or.kr/cms/resource/64/2987164_image2_1.jpg";"http://tong.visitkorea.or.kr/cms/resource/64/2987164_image3_1.jpg";"Type3";"128.2198454264";"34.8453868658";"6";"20230503160408";"17";"";"사량도";"53103";0
"동구 / 충청북도 문의면";"";"3";"0";"A01";"A0101";"A01011700";"126846";"12";"20020827090000";"http://tong.visitkorea.or.kr/cms/resource/85/2605585_image2_1.jpg";"http://tong.visitkorea.or.kr/cms/resource/85/2605585_image3_1.jpg";"Type3";"127.5101665667";"36.4011148323";"6";"20240315100300";"2";"";"대청호";"34500";0
"당진시 삽교천3길 100";"";"34";"0";"A01";"A0101";"A01011700";"126847";"12";"20021125090000";"http://tong.visitkorea.or.kr/cms/resource/76/3047076_image2_1.jpg";"http://tong.visitkorea.or.kr/cms/resource/76/3047076_image3_1.jpg";"Type3";"126.8248676612";"36.8889410934";"6";"20231209161231";"4";"";"당진 삽교호";"31744";0
"중구 광복동";"";"6";"0";"A02";"A0203";"A02030600";"126857";"12";"20040223090000";"http://tong.visitkorea.or.kr/cms/resource/11/3049611_image2_1.JPG";"http://tong.visitkorea.or.kr/cms/resource/11/3049611_image3_1.JPG";"Type3";"129.0312902050";"35.0991036826";"6";"20240305172125";"15";"";"광복로문화패션거리";"48953";0
"함양군 함양읍 필봉산길 49";"";"36";"0";"A02";"A0202";"A02020700";"126861";"12";"20040206090000";"http://tong.visitkorea.or.kr/cms/resource/41/2996941_image2_1.jpg";"http://tong.visitkorea.or.kr/cms/resource/41/2996941_image3_1.jpg";"Type3";"127.7218713327";"35.5237239599";"6";"20240320170104";"20";"";"상림공원";"50031";0
"금산군 금산읍 비단로 298";"";"34";"0";"A02";"A0201";"A02010700";"126868";"12";"20031209090000";"http://tong.visitkorea.or.kr/cms/resource/82/1598682_image2_1.jpg";"http://tong.visitkorea.or.kr/cms/resource/82/1598682_image3_1.jpg";"Type3";"127.4900206820";"36.1109365069";"6";"20231207172941";"2";"";"금산향교";"32726";0
"금산군 금성면 진산로 356-10";"";"34";"0";"A02";"A0201";"A02010700";"126871";"12";"20020513090000";"http://tong.visitkorea.or.kr/cms/resource/19/198819_image2_1.jpg";"http://tong.visitkorea.or.kr/cms/resource/19/198819_image3_1.jpg";"Type3";"127.4561898360";"36.1305447819";"6";"20231207175013";"2";"";"금산 충렬사";"32707";0
"금산군 금성면 양전리";"";"34";"0";"A02";"A0205";"A02050200";"126879";"12";"20020513090000";"http://tong.visitkorea.or.kr/cms/resource/25/183025_image2_1.jpg";"http://tong.visitkorea.or.kr/cms/resource/25/183025_image3_1.jpg";"Type3";"127.4732996279";"36.1229042900";"6";"20231207172517";"2";"";"고경명선생비";"32708";0
"영월군 김삿갓면 와석리";"";"32";"0";"A01";"A0101";"A01010900";"126894";"12";"20060509090000";"http://tong.visitkorea.or.kr/cms/resource/09/2675209_image2_1.JPG";"http://tong.visitkorea.or.kr/cms/resource/09/2675209_image2_1.JPG";"Type3";"128.6085978126";"37.1205109135";"6";"20230703185826";"8";"";"김삿갓 계곡";"26246";0
"강릉시 연곡면 삼산리 1298";"";"32";"0";"A02";"A0203";"A02030100";"126895";"12";"20040227090000";"http://tong.visitkorea.or.kr/cms/resource/60/3029760_image2_1.jpg";"http://tong.visitkorea.or.kr/cms/resource/60/3029760_image3_1.jpg";"Type3";"128.6318759309";"37.8677834315";"6";"20231101182904";"1";"";"부연동마을";"25400";0
"아산시 송악면 외암로";"";"34";"0";"A01";"A0101";"A01010400";"126896";"12";"20040227090000";"http://tong.visitkorea.or.kr/cms/resource/81/1495881_image2_1.jpg";"http://tong.visitkorea.or.kr/cms/resource/81/1495881_image3_1.jpg";"Type3";"127.0274673442";"36.7389424974";"6";"20231204160520";"9";"";"설화산";"31557";0
"강릉시 율곡로 1715-38 통일안보전시관";"";"32";"1";"A02";"A0201";"A02011000";"126898";"12";"20040203090000";"http://tong.visitkorea.or.kr/cms/resource/26/2659826_image2_1.jpg";"http://tong.visitkorea.or.kr/cms/resource/26/2659826_image3_1.jpg";"Type3";"128.9984085388";"37.7204603916";"6";"20240105150043";"1";"";"강릉 통일공원";"25626";0
"홍천군 두촌면 가리산길 426";"(두촌면)";"32";"0";"A01";"A0101";"A01010600";"126905";"12";"20030616090000";"http://tong.visitkorea.or.kr/cms/resource/94/609394_image2_1.jpg";"http://tong.visitkorea.or.kr/cms/resource/94/609394_image3_1.jpg";"Type3";"127.9795073354";"37.8656156746";"6";"20231117162733";"16";"";"가리산자연휴양림";"25164";0
"의령군 부림면 입산로2길 37";"";"36";"0";"A02";"A0201";"A02010500";"126907";"12";"20040203090000";"http://tong.visitkorea.or.kr/cms/resource/41/3077341_image2_1.jpg";"http://tong.visitkorea.or.kr/cms/resource/41/3077341_image3_1.jpg";"Type3";"128.3496929085";"35.4542541311";"6";"20231229171242";"12";"";"백산 안희제 생가";"52109";0
"무주군 적상면 괴목리";"";"37";"0";"A02";"A0201";"A02010200";"126908";"12";"20021213090000";"http://tong.visitkorea.or.kr/cms/resource/71/1606571_image2_1.jpg";"http://tong.visitkorea.or.kr/cms/resource/71/1606571_image3_1.jpg";"Type3";"127.6838104366";"35.9544772105";"6";"20240130153554";"5";"";"무주 적상산성";"55528";0
"관악구 남현3길 60";"(남현동)";"1";"0";"A02";"A0201";"A02010700";"126911";"12";"20020510090000";"http://tong.visitkorea.or.kr/cms/resource/46/2014946_image2_1.jpg";"http://tong.visitkorea.or.kr/cms/resource/46/2014946_image3_1.jpg";"Type3";"126.9796068440";"37.4748538047";"6";"20230825153559";"5";"";"서울 남현동 요지";"08807";0
"관악구 승방1길 109-80";"(남현동)";"1";"0";"A02";"A0201";"A02010800";"126916";"12";"20021021090000";"http://tong.visitkorea.or.kr/cms/resource/03/566503_image2_1.jpg";"http://tong.visitkorea.or.kr/cms/resource/03/566503_image3_1.jpg";"Type3";"126.9765239933";"37.4676601403";"6";"20231204172512";"5";"";"관음사(서울)";"08809";0
"의성군 다인면 봉정리";"";"35";"0";"A01";"A0101";"A01010400";"126920";"12";"20040226090000";"http://tong.visitkorea.or.kr/cms/resource/86/2689586_image2_1.jpg";"http://tong.visitkorea.or.kr/cms/resource/86/2689586_image3_1.jpg";"Type3";"128.3610243551";"36.4886480936";"6";"20230719102006";"19";"";"비봉산";"37301";0
"영천시 북안면 돌할매로 484";"(북안면)";"35";"0";"A01";"A0102";"A01020200";"126933";"12";"20040218090000";"http://tong.visitkorea.or.kr/cms/resource/42/3047442_image2_1.jpg";"http://tong.visitkorea.or.kr/cms/resource/42/3047442_image3_1.jpg";"Type3";"129.0459238524";"35.9398732450";"6";"20240419155322";"15";"";"돌할매(영천)";"38906";0
"영천시 북안면 내서로 139-14";"";"35";"0";"A02";"A0201";"A02010800";"126934";"12";"20021217090000";"http://tong.visitkorea.or.kr/cms/resource/88/3034888_image2_1.jpg";"http://tong.visitkorea.or.kr/cms/resource/88/3034888_image3_1.jpg";"Type3";"129.0306205411";"35.9081682094";"6";"20231120173030";"15";"";"만불사(영천)";"38907";0
"남원시 보산로 228 남원자연휴양림";"";"37";"0";"A01";"A0101";"A01010600";"126939";"12";"202401181743";"http://tong.visitkorea.or.kr/cms/resource/62/219362_image2_1.jpg";"http://tong.visitkorea.or.kr/cms/resource/62/219362_image3_1.jpg";"Type3";"127.4140697206";"35.4570177788";"6";"20240118174312";"4";"";"남원자연휴양림";"55725";0
"구례군 산동면 위안월계길 6-12";"";"38";"0";"A02";"A0203";"A02030100";"1269517";"12";"20110503225224";"http://tong.visitkorea.or.kr/cms/resource/34/2616834_image2_1.jpg";"http://tong.visitkorea.or.kr/cms/resource/34/2616834_image3_1.jpg";"Type3";"127.4849693764";"35.3359854716";"6";"20230412151302";"5";"";"구례 산수유마을";"57605";0
"예산군 덕산면 수덕사안길 38";"";"34";"";"A05";"A0502";"A05020100";"1269536";"39";"20110503230021";"http://tong.visitkorea.or.kr/cms/resource/64/1894264_image2_1.jpg";"http://tong.visitkorea.or.kr/cms/resource/64/1894264_image3_1.jpg";"Type3";"126.6208173307";"36.6574336637";"6";"20230610074937";"11";"";"길손식당(수덕사)";"32409";0
"금산군 진산면 대둔산로 6";"";"34";"0";"A01";"A0101";"A01010600";"126963";"12";"20030411090000";"http://tong.visitkorea.or.kr/cms/resource/57/3045157_image2_1.JPG";"http://tong.visitkorea.or.kr/cms/resource/57/3045157_image3_1.JPG";"Type3";"127.3448472076";"36.1223131984";"6";"20231122181058";"2";"";"대둔산자연휴양림";"32704";0
"신안군 도초면 수항리";"";"38";"0";"A01";"A0101";"A01011300";"126969";"12";"20030813090000";"http://tong.visitkorea.or.kr/cms/resource/33/2821533_image2_1.jpg";"http://tong.visitkorea.or.kr/cms/resource/33/2821533_image3_1.jpg";"Type3";"125.9534703403";"34.7036117781";"6";"20240201120031";"12";"";"도초도";"58851";0
"안동시 도산면 가송길 177-42";"";"35";"0";"A02";"A0201";"A02010700";"126991";"12";"20040216090000";"http://tong.visitkorea.or.kr/cms/resource/82/2622282_image2_1.jpg";"http://tong.visitkorea.or.kr/cms/resource/82/2622282_image3_1.jpg";"Type3";"128.8921440491";"36.7676706436";"6";"20230117103805";"11";"";"고산정";"36603";0
"안동시 남후면 풍산단호로 895";"";"35";"0";"A02";"A0201";"A02010700";"126995";"12";"20020514090000";"http://tong.visitkorea.or.kr/cms/resource/03/178203_image2_1.jpg";"http://tong.visitkorea.or.kr/cms/resource/03/178203_image3_1.jpg";"Type3";"128.6324513205";"36.5474797741";"6";"20231110161112";"11";"";"낙암정";"36754";0
"안동시 길안면 묵계하리길 42";"";"35";"0";"A02";"A0201";"A02010700";"126998";"12";"20040216090000";"http://tong.visitkorea.or.kr/cms/resource/36/2650436_image2_1.jpg";"http://tong.visitkorea.or.kr/cms/resource/36/2650436_image3_1.jpg";"Type3";"128.9098612387";"36.4104672838";"6";"20230127153906";"11";"";"만휴정";"36735";0
"울주군 상북면 알프스온천로 197";"";"7";"0";"A02";"A0202";"A02020300";"127012";"12";"20040225090000";"http://tong.visitkorea.or.kr/cms/resource/64/3084264_image2_1.jpg";"http://tong.visitkorea.or.kr/cms/resource/64/3084264_image3_1.jpg";"Type3";"129.0720851999";"35.5543366785";"6";"20240326154722";"5";"";"등억온천단지";"44952";0
"동해시 삼화로 584";"(삼화동)";"32";"0";"A02";"A0201";"A02010800";"127020";"12";"20031226090000";"http://tong.visitkorea.or.kr/cms/resource/99/623199_image2_1.jpg";"http://tong.visitkorea.or.kr/cms/resource/99/623199_image3_1.jpg";"Type3";"129.0142539189";"37.4635625691";"6";"20230703182127";"3";"";"삼화사";"25746";0
"안양시 만안구 삼막로 478";"(석수동)";"31";"0";"A02";"A0201";"A02010800";"127023";"12";"20030509090000";"http://tong.visitkorea.or.kr/cms/resource/82/3067982_image2_1.JPG";"http://tong.visitkorea.or.kr/cms/resource/82/3067982_image3_1.JPG";"Type3";"126.9361980347";"37.4347187990";"6";"20231213165742";"17";"";"삼막사";"13910";0
"의정부시 망월로28번길 211-500";"(호원동)";"31";"0";"A02";"A0201";"A02010800";"127029";"12";"20031014090000";"http://tong.visitkorea.or.kr/cms/resource/18/2669018_image2_1.jpg";"http://tong.visitkorea.or.kr/cms/resource/18/2669018_image3_1.jpg";"Type3";"127.0210993098";"37.7049861323";"6";"20230512111955";"25";"";"망월사(경기)";"11645";0
"청주시 상당구 문의면 대청호반로 721";"";"33";"0";"A02";"A0201";"A02010600";"127032";"12";"20020607090000";"http://tong.visitkorea.or.kr/cms/resource/50/2653450_image2_1.jpg";"http://tong.visitkorea.or.kr/cms/resource/50/2653450_image3_1.jpg";"Type3";"127.4937373535";"36.5071607309";"6";"20230322093204";"10";"";"문의문화재단지";"28208";0
"봉화군 봉화읍 충재길 44";"";"35";"0";"A02";"A0201";"A02010600";"127035";"12";"20040213090000";"http://tong.visitkorea.or.kr/cms/resource/47/2652547_image2_1.jpg";"http://tong.visitkorea.or.kr/cms/resource/47/2652547_image3_1.jpg";"Type3";"128.7420422585";"36.9049687398";"6";"20230516115528";"8";"";"봉화 닭실마을";"36241";0
"해남군 산이면";"";"38";"0";"A01";"A0101";"A01010500";"127039";"12";"20031117090000";"http://tong.visitkorea.or.kr/cms/resource/28/982628_image2_1.jpg";"http://tong.visitkorea.or.kr/cms/resource/28/982628_image3_1.jpg";"Type3";"126.4450561318";"34.6431404288";"6";"20231210104459";"23";"";"산이반도";"536-850,1";0
"고성군 하일면 용태1길";"";"36";"0";"A01";"A0101";"A01011400";"127041";"12";"20040127090000";"http://tong.visitkorea.or.kr/cms/resource/96/3040096_image2_1.jpg";"http://tong.visitkorea.or.kr/cms/resource/96/3040096_image3_1.jpg";"Type3";"128.2114770075";"34.9404455161";"6";"20231115144120";"3";"";"고성 자란만";"52955";0
"통영시 산양읍 원항1길 274";"";"36";"0";"A01";"A0101";"A01011300";"127042";"12";"20040106090000";"http://tong.visitkorea.or.kr/cms/resource/42/2027842_image2_1.jpg";"http://tong.visitkorea.or.kr/cms/resource/42/2027842_image3_1.jpg";"Type3";"128.3725112180";"34.7948119005";"6";"20230721140154";"17";"";"미륵도";"53083";0
"서귀포시 서홍동";"820-2";"39";"0";"A02";"A0202";"A02020700";"127049";"12";"20040128090000";"http://tong.visitkorea.or.kr/cms/resource/39/1617239_image2_1.jpg";"http://tong.visitkorea.or.kr/cms/resource/39/1617239_image3_1.jpg";"Type3";"126.5468824444";"33.2439117723";"6";"20231110155807";"3";"";"삼매봉";"63578";0
"서귀포시 강정동";"(강정동)";"39";"0";"A01";"A0101";"A01010900";"127050";"12";"20020624090000";"http://tong.visitkorea.or.kr/cms/resource/96/3034696_image2_1.jpg";"http://tong.visitkorea.or.kr/cms/resource/96/3034696_image3_1.jpg";"Type3";"126.4747384130";"33.2566620021";"6";"20231108172108";"3";"";"강정천";"63563";0
"양평군 옥천면 신복리";"";"31";"0";"A01";"A0101";"A01010400";"127056";"12";"20030429090000";"http://tong.visitkorea.or.kr/cms/resource/80/1939880_image2_1.jpg";"http://tong.visitkorea.or.kr/cms/resource/80/1939880_image3_1.jpg";"Type3";"127.4805591302";"37.5510012643";"6";"20231102101238";"19";"031-773-5101";"대부산";"12505";0
"남구 제중로 60";"(양림동)";"5";"0";"A02";"A0205";"A02050200";"127062";"12";"20020510090000";"http://tong.visitkorea.or.kr/cms/resource/32/741532_image2_1.jpg";"http://tong.visitkorea.or.kr/cms/resource/32/741532_image3_1.jpg";"Type3";"126.9110417893";"35.1373258410";"6";"20240202140153";"2";"";"선교기념비";"61640";0
"남구 사직길 49";"";"5";"0";"A02";"A0201";"A02010700";"127069";"12";"20020510090000";"http://tong.visitkorea.or.kr/cms/resource/48/566648_image2_1.jpg";"http://tong.visitkorea.or.kr/cms/resource/48/566648_image3_1.jpg";"Type3";"126.9118638245";"35.1419253355";"6";"20230308154147";"2";"";"관덕정의 각궁";"61638";0
"남구 사직길 49";"(사동) 사직공원 내";"5";"0";"A02";"A0201";"A02010900";"127072";"12";"20020510090000";"http://tong.visitkorea.or.kr/cms/resource/21/3029021_image2_1.jpg";"http://tong.visitkorea.or.kr/cms/resource/21/3029021_image3_1.jpg";"Type3";"126.9120888213";"35.1412337508";"6";"20231031171841";"2";"";"사직단";"61638";0
"남구 중앙로107번길 15";"(구동)";"5";"0";"A02";"A0202";"A02020700";"127075";"12";"20031105090000";"http://tong.visitkorea.or.kr/cms/resource/57/566657_image2_1.jpg";"http://tong.visitkorea.or.kr/cms/resource/57/566657_image3_1.jpg";"Type3";"126.9079362685";"35.1468969300";"6";"20231031174658";"2";"";"광주공원";"61636";0
"정선군 신동읍 점재길";"(신동읍)";"32";"0";"A01";"A0101";"A01010400";"127081";"12";"20030509090000";"http://tong.visitkorea.or.kr/cms/resource/87/1828787_image2_1.jpg";"http://tong.visitkorea.or.kr/cms/resource/87/1828787_image3_1.jpg";"Type3";"128.5961608375";"37.2804339450";"6";"20231122180939";"11";"";"백운산(정선)";"26137";0
"의성군 안계면";"일원";"35";"0";"A01";"A0101";"A01011700";"127082";"12";"20040226090000";"http://tong.visitkorea.or.kr/cms/resource/38/722638_image2_1.jpg";"http://tong.visitkorea.or.kr/cms/resource/38/722638_image3_1.jpg";"Type3";"128.4624487572";"36.3880253434";"6";"20231207110855";"19";"";"개천지와 조성지";"37310";0
"나주시 향교길 38";"(교동)";"38";"0";"A02";"A0201";"A02010700";"127090";"12";"20020513090000";"http://tong.visitkorea.or.kr/cms/resource/92/1609392_image2_1.jpg";"http://tong.visitkorea.or.kr/cms/resource/92/1609392_image3_1.jpg";"Type3";"126.7113842427";"35.0334536546";"6";"20230927142545";"6";"";"나주향교";"58248";0
"강진군 병영면 병영성로 175";"";"38";"0";"A02";"A0201";"A02010100";"127110";"12";"20020513090000";"http://tong.visitkorea.or.kr/cms/resource/70/2654570_image2_1.jpg";"http://tong.visitkorea.or.kr/cms/resource/70/2654570_image3_1.jpg";"Type3";"126.8171492797";"34.7199712691";"6";"20230616173247";"1";"";"강진 전라병영성";"59214";0
"강진군 강진읍 영랑생가길 15";"";"38";"0";"A02";"A0201";"A02010500";"127111";"12";"20020506090000";"http://tong.visitkorea.or.kr/cms/resource/87/1954887_image2_1.jpg";"http://tong.visitkorea.or.kr/cms/resource/87/1954887_image3_1.jpg";"Type3";"126.7652918469";"34.6421930307";"6";"20221228114122";"1";"";"강진영랑생가";"59228";0
"진주시 금산면 금산순환로587번길";"";"36";"0";"A01";"A0101";"A01011800";"127114";"12";"20040225090000";"http://tong.visitkorea.or.kr/cms/resource/22/1951122_image2_1.jpg";"http://tong.visitkorea.or.kr/cms/resource/22/1951122_image2_1.jpg";"Type3";"128.1535528200";"35.2076617092";"6";"20231211150921";"13";"";"금호지";"52632";0
"진주시 망경동,칠암동 일대";"";"36";"0";"A02";"A0203";"A02030600";"127115";"12";"20040225090000";"http://tong.visitkorea.or.kr/cms/resource/72/2367472_image2_1.jpg";"http://tong.visitkorea.or.kr/cms/resource/72/2367472_image3_1.jpg";"Type3";"128.0924948211";"35.1873517954";"6";"20230705105318";"13";"";"남가람문화거리";"52722";0
"장수군 장계면 의암로 558";"";"37";"0";"A02";"A0201";"A02010500";"127125";"12";"20040223090000";"http://tong.visitkorea.or.kr/cms/resource/40/1605340_image2_1.jpg";"http://tong.visitkorea.or.kr/cms/resource/40/1605340_image3_1.jpg";"Type3";"127.6212316727";"35.6792101334";"6";"20240124140252";"11";"";"논개생가";"55621";0
"화성시 우정읍 국화길 8";"";"31";"0";"A01";"A0101";"A01011300";"127134";"12";"20030723090000";"http://tong.visitkorea.or.kr/cms/resource/13/2387513_image2_1.JPG";"http://tong.visitkorea.or.kr/cms/resource/13/2387513_image2_1.JPG";"Type3";"126.5589898548";"37.0610776678";"6";"20230329155204";"31";"";"국화도";"18557";57088
"양양군 현북면 법수치리";"";"32";"0";"A01";"A0101";"A01010900";"127135";"12";"20030827090000";"http://tong.visitkorea.or.kr/cms/resource/74/565874_image2_1.jpg";"http://tong.visitkorea.or.kr/cms/resource/74/565874_image3_1.jpg";"Type3";"128.6177897826";"37.9103476674";"6";"20240123141626";"7";"";"법수치계곡";"25050";0
"평창군 진부면 오대천로";"";"32";"0";"A01";"A0101";"A01010900";"127141";"12";"20031209090000";"http://tong.visitkorea.or.kr/cms/resource/11/191511_image2_1.jpg";"http://tong.visitkorea.or.kr/cms/resource/11/191511_image3_1.jpg";"Type3";"128.5651392486";"37.5372815062";"6";"20230703081955";"15";"";"막동계곡";"25338";0
"화순군 화순읍 진각로 367";"(화순읍)";"38";"0";"A02";"A0201";"A02010800";"127146";"12";"20031028090000";"http://tong.visitkorea.or.kr/cms/resource/36/186136_image2_1.jpg";"http://tong.visitkorea.or.kr/cms/resource/36/186136_image3_1.jpg";"Type3";"126.9850754998";"35.0829693382";"6";"20231211173542";"24";"";"만연사(화순)";"58105";0
"봉화군 봉성면 진의실길 6";"";"35";"0";"A01";"A0101";"A01011000";"127155";"12";"20040213090000";"http://tong.visitkorea.or.kr/cms/resource/48/3038148_image2_1.jpg";"http://tong.visitkorea.or.kr/cms/resource/48/3038148_image3_1.jpg";"Type3";"128.8252568356";"36.9126722189";"6";"20231117160517";"8";"";"다덕약수탕";"36226";0
"영덕군 남정면 동해대로 4142";"";"35";"0";"A01";"A0101";"A01011200";"127159";"12";"20030703090000";"http://tong.visitkorea.or.kr/cms/resource/86/201786_image2_1.jpg";"http://tong.visitkorea.or.kr/cms/resource/86/201786_image3_1.jpg";"Type3";"129.3799415934";"36.3278661912";"6";"20231205170030";"12";"";"남호해수욕장";"36461";0
"연천군 신서면";"";"31";"0";"A01";"A0101";"A01010400";"127163";"12";"20030327090000";"http://tong.visitkorea.or.kr/cms/resource/97/1859997_image2_1.jpg";"http://tong.visitkorea.or.kr/cms/resource/97/1859997_image3_1.jpg";"Type3";"127.1520647128";"38.1973005094";"6";"20240226135422";"21";"";"고대산";"11001";57703
"진안군 백운면 백운동로 426-5";"";"37";"0";"A02";"A0204";"A02040800";"127174";"12";"202401181743";"http://tong.visitkorea.or.kr/cms/resource/66/186066_image2_1.jpg";"http://tong.visitkorea.or.kr/cms/resource/66/186066_image3_1.jpg";"Type3";"127.4357813695";"35.6816927039";"6";"20240118174312";"14";"";"백운관광농원";"55453";0
"거제시 남부면 도장포1길 55";"";"36";"0";"A02";"A0202";"A02020800";"127182";"12";"20040119090000";"http://tong.visitkorea.or.kr/cms/resource/50/3039950_image2_1.JPG";"http://tong.visitkorea.or.kr/cms/resource/50/3039950_image3_1.JPG";"Type3";"128.6626095963";"34.7421507509";"6";"20231115141731";"1";"";"도장포유람선";"53334";0
"강화군 강화읍 북문길 42";"";"2";"1";"A02";"A0201";"A02010700";"127184";"12";"20040224090000";"http://tong.visitkorea.or.kr/cms/resource/52/1575652_image2_1.jpg";"http://tong.visitkorea.or.kr/cms/resource/52/1575652_image3_1.jpg";"Type3";"126.4854359021";"37.7508851202";"6";"20240408103456";"1";"";"고려궁지";"23030";0
"천안시 동남구 광덕면 광덕사길 30";"";"34";"0";"A01";"A0101";"A01010400";"127200";"12";"20030423090000";"http://tong.visitkorea.or.kr/cms/resource/89/3063689_image2_1.jpg";"http://tong.visitkorea.or.kr/cms/resource/89/3063689_image3_1.jpg";"Type3";"127.0423232763";"36.6759000112";"6";"20231209120830";"12";"";"광덕산";"31220";0
"포항시 남구 구룡포읍 호미로426번길 6";"";"35";"0";"A01";"A0101";"A01011200";"127214";"12";"20040210090000";"http://tong.visitkorea.or.kr/cms/resource/11/3042811_image2_1.jpg";"http://tong.visitkorea.or.kr/cms/resource/11/3042811_image3_1.jpg";"Type3";"129.5662849025";"35.9968322529";"6";"20231117135504";"23";"";"구룡포해수욕장";"37931";0
"고성군 거진읍 건봉사로 723";"(거진읍)";"32";"0";"A02";"A0201";"A02010800";"127228";"12";"20031022090000";"http://tong.visitkorea.or.kr/cms/resource/49/2659849_image2_1.jpg";"http://tong.visitkorea.or.kr/cms/resource/49/2659849_image3_1.jpg";"Type3";"128.3781573424";"38.4037217209";"6";"20230703185648";"2";"";"건봉사";"24708";0
"공주시 금벽로 990";"(석장리동)";"34";"0";"A02";"A0201";"A02010700";"127237";"12";"20020513090000";"http://tong.visitkorea.or.kr/cms/resource/76/2439676_image2_1.jpg";"http://tong.visitkorea.or.kr/cms/resource/76/2439676_image3_1.jpg";"Type3";"127.1894301333";"36.4476510306";"6";"20230330143911";"1";"";"공주 석장리 유적";"32591";0
"괴산군 칠성면 각연길 451";"";"33";"0";"A02";"A0201";"A02010800";"127241";"12";"20030813090000";"http://tong.visitkorea.or.kr/cms/resource/75/730975_image2_1.jpg";"http://tong.visitkorea.or.kr/cms/resource/75/730975_image3_1.jpg";"Type3";"127.9274860663";"36.7543041419";"6";"20240202140135";"1";"";"각연사(괴산)";"28018";0
"청주시 청원구 충청대로272번길 230-14";"";"33";"0";"A02";"A0201";"A02010700";"127280";"12";"20030122090000";"http://tong.visitkorea.or.kr/cms/resource/22/568222_image2_1.jpg";"http://tong.visitkorea.or.kr/cms/resource/22/568222_image3_1.jpg";"Type3";"127.5084924471";"36.6773442562";"6";"20240111131743";"10";"";"목은영당";"28309";0
"태안군 원북면 황촌리";"";"34";"0";"A01";"A0101";"A01011200";"127292";"12";"20030929090000";"http://tong.visitkorea.or.kr/cms/resource/17/3055617_image2_1.jpg";"http://tong.visitkorea.or.kr/cms/resource/17/3055617_image3_1.jpg";"Type3";"126.1982717477";"36.8858083861";"6";"20231209162525";"14";"";"구례포해수욕장";"32106";0
"영천시 화북면 정각길 475";"";"35";"0";"A01";"A0101";"A01010500";"127293";"12";"20031113090000";"http://tong.visitkorea.or.kr/cms/resource/42/1614942_image2_1.jpg";"http://tong.visitkorea.or.kr/cms/resource/42/1614942_image3_1.jpg";"Type3";"128.9769096287";"36.1643492953";"6";"20231109110122";"15";"";"보현산 천문대";"38812";0
"영월군 무릉도원면 운학리 1111-5";"";"32";"0";"A01";"A0101";"A01010400";"127302";"12";"20060509090000";"http://tong.visitkorea.or.kr/cms/resource/54/1841554_image2_1.jpg";"http://tong.visitkorea.or.kr/cms/resource/54/1841554_image3_1.jpg";"Type3";"128.1907402567";"37.3298539120";"6";"20231115163703";"8";"";"구룡산(강원)";"26200";0
"영월군 중동면 응고개길 169-2";"";"32";"0";"A01";"A0101";"A01010400";"127303";"12";"20060509090000";"http://tong.visitkorea.or.kr/cms/resource/62/1955362_image2_1.jpg";"http://tong.visitkorea.or.kr/cms/resource/62/1955362_image3_1.jpg";"Type3";"128.6939285740";"37.1370161965";"6";"20231116095237";"8";"";"목우산";"26243";0
"영월군 상동읍 선바위길 246";"";"32";"0";"A01";"A0101";"A01010400";"127304";"12";"20060509090000";"http://tong.visitkorea.or.kr/cms/resource/72/1955372_image2_1.jpg";"http://tong.visitkorea.or.kr/cms/resource/72/1955372_image3_1.jpg";"Type3";"128.8053653501";"37.1530637051";"6";"20231115165227";"8";"";"선바위산(영월)";"26248";0
"마포구 동교로8안길 23";"(합정동)";"1";"0";"A02";"A0201";"A02010700";"127307";"12";"20020510090000";"http://tong.visitkorea.or.kr/cms/resource/43/720543_image2_1.jpg";"http://tong.visitkorea.or.kr/cms/resource/43/720543_image3_1.jpg";"Type3";"126.9046921083";"37.5498715280";"6";"20230327180710";"13";"";"망원정지";"04019";0
"태안군 근흥면 갈음이길 38-30";"";"34";"0";"A01";"A0101";"A01011200";"127311";"12";"20031211090000";"http://tong.visitkorea.or.kr/cms/resource/92/198992_image2_1.jpg";"http://tong.visitkorea.or.kr/cms/resource/92/198992_image3_1.jpg";"Type3";"126.1639576939";"36.6936383292";"6";"20231207151459";"14";"";"갈음이해수욕장";"32131";0
"청양군 정산면 칠갑산로";"";"34";"0";"A01";"A0101";"A01010900";"127314";"12";"20071005090000";"http://tong.visitkorea.or.kr/cms/resource/04/3047204_image2_1.JPG";"http://tong.visitkorea.or.kr/cms/resource/04/3047204_image3_1.JPG";"Type3";"126.8955543869";"36.4232431226";"6";"20231204160318";"13";"";"냉천골";"33348";0
"북구 풍암제길 14";"";"5";"0";"A02";"A0201";"A02010700";"127323";"12";"20020510090000";"http://tong.visitkorea.or.kr/cms/resource/82/741682_image2_1.jpg";"http://tong.visitkorea.or.kr/cms/resource/82/741682_image3_1.jpg";"Type3";"126.9983333183";"35.1674711376";"6";"20230504103502";"4";"";"광주 충효동 요지";"61147";0
"북구 무등로";"(금곡동)";"5";"0";"A02";"A0201";"A02010700";"127326";"12";"20020510090000";"http://tong.visitkorea.or.kr/cms/resource/10/741610_image2_1.jpg";"http://tong.visitkorea.or.kr/cms/resource/10/741610_image3_1.jpg";"Type3";"126.9928789967";"35.1375438681";"6";"20231220163159";"4";"";"금곡동 제철유적";"61147";0
"화순군 연곡길 137 도원서원";"";"38";"0";"A02";"A0201";"A02010700";"127354";"12";"20040227090000";"http://tong.visitkorea.or.kr/cms/resource/87/742087_image2_1.jpg";"http://tong.visitkorea.or.kr/cms/resource/87/742087_image3_1.jpg";"Type3";"127.1207469023";"35.0813523785";"6";"20231210114239";"24";"";"도원서원";"58102";0
"의성군 다인면 대곡사길 80";"";"35";"0";"A02";"A0201";"A02010800";"127360";"12";"20040226090000";"http://tong.visitkorea.or.kr/cms/resource/10/2690110_image2_1.jpg";"http://tong.visitkorea.or.kr/cms/resource/10/2690110_image3_1.jpg";"Type3";"128.3771312125";"36.4901509985";"6";"20230721134403";"19";"";"대곡사(의성)";"37301";0
"양평군 옥천면 용천로 1082-12";"";"31";"0";"A01";"A0101";"A01010900";"127365";"12";"20030811090000";"http://tong.visitkorea.or.kr/cms/resource/00/3104700_image2_1.JPG";"http://tong.visitkorea.or.kr/cms/resource/00/3104700_image3_1.JPG";"Type3";"127.5059544409";"37.5373866426";"6";"20240223105837";"19";"";"사나사 계곡";"12506";0
"성남시 수정구 태평로 79";"";"31";"0";"A02";"A0201";"A02010800";"127369";"12";"20040223090000";"http://tong.visitkorea.or.kr/cms/resource/64/2021864_image2_1.jpg";"http://tong.visitkorea.or.kr/cms/resource/64/2021864_image3_1.jpg";"Type3";"127.1353155811";"37.4508677181";"6";"20230523142806";"12";"";"봉국사(성남)";"13283";0
"성남시 분당구 새마을로 일대";"(서현동)";"31";"0";"A02";"A0203";"A02030600";"127373";"12";"20040218090000";"http://tong.visitkorea.or.kr/cms/resource/75/2481375_image2_1.jpg";"http://tong.visitkorea.or.kr/cms/resource/75/2481375_image2_1.jpg";"Type3";"127.1412169480";"37.3836283988";"6";"20231205144451";"12";"";"서현동 먹거리촌";"13573";0
"의령군 궁류면 벽계로 201";"";"36";"0";"A01";"A0101";"A01010900";"127398";"12";"20030625090000";"http://tong.visitkorea.or.kr/cms/resource/72/2689572_image2_1.jpg";"http://tong.visitkorea.or.kr/cms/resource/72/2689572_image3_1.jpg";"Type3";"128.2081088815";"35.4260464267";"6";"20230623160523";"12";"";"벽계(찰비)계곡";"52115";0
"삼척시 원덕읍 월천리";", 경북 울진군 북면 나곡리";"32";"0";"B02";"B0201";"B02011000";"127413";"12";"20030723090000";"http://tong.visitkorea.or.kr/cms/resource/39/2613139_image2_1.jpg";"http://tong.visitkorea.or.kr/cms/resource/39/2613139_image3_1.jpg";"Type3";"129.3615827014";"37.1428284309";"6";"20231114095852";"4";"";"고포마을";"245-803,31";0
"고령군 쌍림면 반룡사길 87";"";"35";"0";"A02";"A0201";"A02010800";"127417";"12";"20040212090000";"http://tong.visitkorea.or.kr/cms/resource/28/1967528_image2_1.jpg";"http://tong.visitkorea.or.kr/cms/resource/28/1967528_image3_1.jpg";"Type3";"128.2174136906";"35.7317787232";"6";"20230921100013";"3";"";"반룡사(고령)";"40158";0
"보은군 장안면 장안로 491-4";"일대";"33";"0";"A01";"A0101";"A01010900";"127420";"12";"20030908090000";"http://tong.visitkorea.or.kr/cms/resource/75/220575_image2_1.jpg";"http://tong.visitkorea.or.kr/cms/resource/75/220575_image3_1.jpg";"Type3";"127.7960167641";"36.4750142979";"6";"20231204105243";"3";"";"서원계곡";"28912";0
"울주군 상북면";"(성북면)";"7";"0";"A01";"A0101";"A01010900";"127422";"12";"20030918090000";"http://tong.visitkorea.or.kr/cms/resource/65/3077965_image2_1.bmp";"http://tong.visitkorea.or.kr/cms/resource/65/3077965_image3_1.bmp";"Type3";"129.0403862086";"35.6174456483";"6";"20240102163005";"5";"";"석남사계곡";"44901";0
"담양군 용면 용소길 261";"";"38";"0";"A01";"A0101";"A01010900";"127423";"12";"20030925090000";"http://tong.visitkorea.or.kr/cms/resource/35/3027135_image2_1.jpg";"http://tong.visitkorea.or.kr/cms/resource/35/3027135_image3_1.jpg";"Type3";"127.0227046757";"35.4451873670";"7";"20231027175607";"7";"";"가마골계곡";"57300";0
"포항시 북구 죽장면 수목원로 647";"";"35";"0";"A01";"A0101";"A01010700";"127432";"12";"20040223090000";"http://tong.visitkorea.or.kr/cms/resource/00/3042800_image2_1.jpg";"http://tong.visitkorea.or.kr/cms/resource/00/3042800_image3_1.jpg";"Type3";"129.2571250093";"36.2197511042";"6";"20231117134835";"23";"";"경상북도수목원";"37502";0
"영주시 단산면 영단로";"";"35";"0";"A01";"A0101";"A01010400";"127434";"12";"20021223090000";"http://tong.visitkorea.or.kr/cms/resource/33/3060533_image2_1.jpg";"http://tong.visitkorea.or.kr/cms/resource/33/3060533_image3_1.jpg";"Type3";"128.6081721803";"37.0492440924";"6";"20231206114647";"14";"054-638-6196, 6796";"마구령/고치령";"36007";0
"익산시 삼기면 진북로 273";"";"37";"0";"A02";"A0201";"A02010800";"127436";"12";"202401181743";"http://tong.visitkorea.or.kr/cms/resource/32/1308032_image2_1.jpg";"http://tong.visitkorea.or.kr/cms/resource/32/1308032_image3_1.jpg";"Type3";"127.0076658710";"36.0297456443";"6";"20240118174312";"9";"";"석불사(익산)";"54524";0
"광양시 옥룡면 약수제단길 154";"";"38";"0";"A01";"A0101";"A01010900";"127442";"12";"20030806090000";"http://tong.visitkorea.or.kr/cms/resource/10/3027110_image2_1.jpg";"http://tong.visitkorea.or.kr/cms/resource/10/3027110_image3_1.jpg";"Type3";"127.6259888523";"35.0689735766";"6";"20231027175131";"4";"";"백운산 동곡계곡";"57703";0
"안성시 금광면 상촌새말길 3-120";"(금광면)";"31";"0";"A02";"A0201";"A02010800";"127453";"12";"20031014090000";"http://tong.visitkorea.or.kr/cms/resource/44/3050044_image2_1.JPG";"http://tong.visitkorea.or.kr/cms/resource/44/3050044_image3_1.JPG";"Type3";"127.3064866586";"36.9399354257";"6";"20231207170438";"16";"";"석남사(안성)";"17538";0
"홍천군 팔봉산로 2050-112";"";"32";"0";"A02";"A0204";"A02040800";"127460";"12";"20030702090000";"http://tong.visitkorea.or.kr/cms/resource/97/2494197_image2_1.jpg";"http://tong.visitkorea.or.kr/cms/resource/97/2494197_image2_1.jpg";"Type3";"127.7745108438";"37.7198398786";"6";"20230719112851";"16";"";"금학산관광농원";"25111";0
"원주시 흥업면 분지동1길 42";"(흥업면)";"32";"0";"A02";"A0204";"A02040800";"127462";"12";"20030801090000";"http://tong.visitkorea.or.kr/cms/resource/39/2494439_image2_1.jpg";"http://tong.visitkorea.or.kr/cms/resource/39/2494439_image2_1.jpg";"Type3";"127.9291763599";"37.2811768716";"6";"20230705135336";"9";"";"매산관광농원";"26494";0
"강릉시 강동면 단경로";"";"32";"0";"A02";"A0204";"A02040800";"127463";"12";"20021129090000";"http://tong.visitkorea.or.kr/cms/resource/78/205378_image2_1.JPG";"http://tong.visitkorea.or.kr/cms/resource/78/205378_image3_1.JPG";"Type3";"128.9212483460";"37.6456258658";"6";"20230901180210";"1";"";"담정관광농원";"25628";0
"남해군 미조면";"";"36";"0";"A01";"A0101";"A01011400";"127471";"12";"20040129090000";"http://tong.visitkorea.or.kr/cms/resource/37/2367537_image2_1.jpg";"http://tong.visitkorea.or.kr/cms/resource/37/2367537_image3_1.jpg";"Type3";"128.0458002666";"34.7082963559";"6";"20230623134653";"5";"";"미조항";"52442";0
"화순군 백아면 수양로 353";"";"38";"0";"A01";"A0101";"A01010600";"127478";"12";"20031107090000";"http://tong.visitkorea.or.kr/cms/resource/24/3061324_image2_1.jpg";"http://tong.visitkorea.or.kr/cms/resource/24/3061324_image3_1.jpg";"Type3";"127.1787786835";"35.1600250519";"6";"20231208090004";"24";"";"백아산자연휴양림";"58101";0
"경주시 천북남로 12";"(신평동)";"35";"1";"A01";"A0101";"A01010100";"127484";"12";"20021002090000";"http://tong.visitkorea.or.kr/cms/resource/47/2014047_image2_1.jpg";"http://tong.visitkorea.or.kr/cms/resource/47/2014047_image3_1.jpg";"Type3";"129.2896579880";"35.8436914887";"6";"20230321100000";"2";"";"경주국립공원";"38116";0
"인제군 기린면 방태산길";"";"32";"0";"A01";"A0101";"A01010400";"127499";"12";"20031013090000";"http://tong.visitkorea.or.kr/cms/resource/20/2720520_image2_1.jpg";"http://tong.visitkorea.or.kr/cms/resource/20/2720520_image3_1.jpg";"Type3";"128.3962310388";"37.9438728399";"6";"20230925164605";"10";"";"방태산";"24656";0
"울릉군 서면";"남서리";"35";"0";"A01";"A0102";"A01020200";"127500";"12";"20030723090000";"http://tong.visitkorea.or.kr/cms/resource/06/1162906_image2_1.jpg";"http://tong.visitkorea.or.kr/cms/resource/06/1162906_image3_1.jpg";"Type3";"130.8330475351";"37.4662294562";"6";"20231114161921";"17";"";"사자바위";"40234";0
"달성군 유가읍 일연선사길 99";"";"4";"0";"A01";"A0101";"A01010300";"127502";"12";"20031204090000";"http://tong.visitkorea.or.kr/cms/resource/39/1574039_image2_1.jpg";"http://tong.visitkorea.or.kr/cms/resource/39/1574039_image3_1.jpg";"Type3";"128.5129249161";"35.6900527100";"6";"20240403152541";"3";"";"비슬산 군립공원";"42991";0
"정선군 정선읍 가리왕산로 707";"(가리왕산자연휴양림), 평창 진부면";"32";"0";"A01";"A0101";"A01010400";"127508";"12";"20031209090000";"http://tong.visitkorea.or.kr/cms/resource/68/2987668_image2_1.png";"http://tong.visitkorea.or.kr/cms/resource/68/2987668_image3_1.png";"Type1";"128.5634777835";"37.4618262980";"6";"20231220101539";"11";"";"가리왕산";"26119";0
"거창군 북상면 창성리";"(일대)";"36";"0";"A01";"A0101";"A01010400";"127509";"12";"20040226090000";"http://tong.visitkorea.or.kr/cms/resource/93/1987593_image2_1.jpg";"http://tong.visitkorea.or.kr/cms/resource/93/1987593_image3_1.jpg";"Type3";"127.7657727821";"35.7412584365";"6";"20231005175128";"2";"";"금원산";"50103";0
"동구 등대로 95";"(일산동)";"7";"0";"A02";"A0202";"A02020700";"127515";"12";"20030630090000";"http://tong.visitkorea.or.kr/cms/resource/75/2712575_image2_1.jpg";"http://tong.visitkorea.or.kr/cms/resource/75/2712575_image3_1.jpg";"Type3";"129.4352775223";"35.4904034587";"6";"20240308154642";"3";"";"대왕암공원";"44058";0
"금산군 추부면";"";"34";"0";"A01";"A0101";"A01010400";"127518";"12";"20030627090000";"http://tong.visitkorea.or.kr/cms/resource/91/1961991_image2_1.jpg";"http://tong.visitkorea.or.kr/cms/resource/91/1961991_image3_1.jpg";"Type3";"127.5389689069";"36.2207304059";"6";"20231122101142";"2";"";"서대산";"32717";0
"제주시 한림읍 한림리";"";"39";"0";"A01";"A0101";"A01011300";"127529";"12";"20030909090000";"http://tong.visitkorea.or.kr/cms/resource/94/2497494_image2_1.jpg";"http://tong.visitkorea.or.kr/cms/resource/94/2497494_image2_1.jpg";"Type3";"126.2257094042";"33.4096328399";"6";"20230718171951";"4";"";"비양도";"63032";0
"거창군 거창읍 거안로 1173-47";"";"36";"0";"A01";"A0101";"A01010300";"127530";"12";"20040226090000";"http://tong.visitkorea.or.kr/cms/resource/95/2484295_image2_1.jpg";"http://tong.visitkorea.or.kr/cms/resource/95/2484295_image2_1.jpg";"Type3";"127.8786196518";"35.6928937045";"6";"20230531101051";"2";"";"거열산성군립공원";"50124";0
"양양군 서면 구룡령로 1103-66";"";"32";"0";"A01";"A0101";"A01011000";"127535";"12";"20030827090000";"http://tong.visitkorea.or.kr/cms/resource/82/738182_image2_1.jpg";"http://tong.visitkorea.or.kr/cms/resource/82/738182_image3_1.jpg";"Type3";"128.5029086488";"37.9058931889";"6";"20231115110207";"7";"033-670-2721";"갈천약수터";"25040";0
"산청군 시천면 반천로";"";"36";"0";"A01";"A0101";"A01010900";"127536";"12";"20030806090000";"http://tong.visitkorea.or.kr/cms/resource/76/1890076_image2_1.jpg";"http://tong.visitkorea.or.kr/cms/resource/76/1890076_image3_1.jpg";"Type3";"127.7820180781";"35.2342077005";"6";"20231206145525";"9";"";"고운동계곡";"52238";0
"북구 우치로 677";"(생용동)";"5";"0";"A02";"A0202";"A02020600";"127539";"12";"20031105090000";"http://tong.visitkorea.or.kr/cms/resource/75/2765475_image2_1.jpg";"http://tong.visitkorea.or.kr/cms/resource/75/2765475_image2_1.jpg";"Type3";"126.8936078564";"35.2227325653";"6";"20240311161408";"4";"";"광주패밀리랜드";"61028";0
"인제군 북면 백담로 150";"";"32";"0";"A01";"A0101";"A01010900";"127540";"12";"20031226090000";"http://tong.visitkorea.or.kr/cms/resource/07/769207_image2_1.jpg";"http://tong.visitkorea.or.kr/cms/resource/07/769207_image3_1.jpg";"Type3";"128.3573602695";"38.1919404619";"6";"20231117110105";"10";"";"백담계곡";"24606";0
"고흥군 영남면 남열리";"";"38";"0";"A01";"A0101";"A01011200";"127546";"12";"20030729090000";"http://tong.visitkorea.or.kr/cms/resource/82/2727782_image2_1.jpg";"http://tong.visitkorea.or.kr/cms/resource/82/2727782_image3_1.jpg";"Type3";"127.4869161920";"34.5806370729";"6";"20230630145647";"2";"";"남열해돋이해수욕장";"59521";0
"진도군 조도면 관매도길 71";"";"38";"0";"A01";"A0101";"A01011300";"127549";"12";"20030929090000";"http://tong.visitkorea.or.kr/cms/resource/31/2824531_image2_1.jpg";"http://tong.visitkorea.or.kr/cms/resource/31/2824531_image3_1.jpg";"Type1";"126.0520835135";"34.2411375211";"6";"20230705144530";"21";"";"관매도";"58958";0
"안성시 양성면 미리내성지로 420";"";"31";"0";"A02";"A0201";"A02010900";"127556";"12";"20031020090000";"http://tong.visitkorea.or.kr/cms/resource/23/1589723_image2_1.jpg";"http://tong.visitkorea.or.kr/cms/resource/23/1589723_image3_1.jpg";"Type3";"127.2586379926";"37.1461885444";"6";"20231205175512";"16";"";"미리내 성지";"17500";0
"은평구 연서로54길 127";"(진관동)";"1";"0";"A02";"A0201";"A02010800";"127557";"12";"20030702090000";"http://tong.visitkorea.or.kr/cms/resource/96/2047996_image2_1.jpg";"http://tong.visitkorea.or.kr/cms/resource/96/2047996_image3_1.jpg";"Type3";"126.9525129079";"37.6423560749";"6";"20231011110807";"22";"";"삼천사(서울)";"03308";0
"단양군 단성면 월악로 3827";"";"33";"0";"A01";"A0101";"A01010400";"127568";"12";"20030917090000";"http://tong.visitkorea.or.kr/cms/resource/89/2366289_image2_1.jpg";"http://tong.visitkorea.or.kr/cms/resource/89/2366289_image3_1.jpg";"Type3";"128.2478270670";"36.9399470892";"6";"20240315145006";"2";"";"구담봉.옥순봉";"27025";0
"포천시 영중면 금주리";"";"31";"0";"A01";"A0101";"A01010400";"127569";"12";"20030725090000";"http://tong.visitkorea.or.kr/cms/resource/79/1900179_image2_1.jpg";"http://tong.visitkorea.or.kr/cms/resource/79/1900179_image3_1.jpg";"Type3";"127.2737216919";"37.9582251096";"6";"20231107095453";"29";"";"금주산";"11131";0
"홍천군 남면 남노일로";"";"32";"0";"A01";"A0101";"A01011800";"127571";"12";"20030627090000";"http://tong.visitkorea.or.kr/cms/resource/51/1842051_image2_1.jpg";"http://tong.visitkorea.or.kr/cms/resource/51/1842051_image3_1.jpg";"Type3";"127.7598191249";"37.6726173087";"6";"20231117180556";"16";"";"남노일 강변";"25105";0
"김제시 금산면 모악15길";"(금산리) 일대";"37";"0";"A01";"A0101";"A01010200";"127574";"12";"20070419090000";"http://tong.visitkorea.or.kr/cms/resource/09/3055809_image2_1.jpg";"http://tong.visitkorea.or.kr/cms/resource/09/3055809_image3_1.jpg";"Type1";"127.0561028982";"35.7228286577";"6";"20240118110152";"3";"063-540-3539";"모악산도립공원";"54343";0
"금정구 산성로 501-2 (금성동)";"";"6";"";"A02";"A0207";"A02070200";"1275743";"15";"20110512022055";"http://tong.visitkorea.or.kr/cms/resource/78/3111978_image2_1.png";"http://tong.visitkorea.or.kr/cms/resource/78/3111978_image3_1.png";"Type3";"129.0570561824";"35.2453211119";"6";"20240328113917";"2";"051-715-6884";"금정산성축제";"46238";0
"동구 동산길7번길 5 (운림동)";"";"5";"0";"A01";"A0101";"A01010100";"127575";"12";"20031107090000";"http://tong.visitkorea.or.kr/cms/resource/82/2716382_image2_1.jpg";"http://tong.visitkorea.or.kr/cms/resource/82/2716382_image3_1.jpg";"Type3";"126.9480886624";"35.1314660182";"6";"20240131164150";"3";"";"무등산국립공원";"61494";0
"남양주시 화도읍 금남리";"일대";"31";"0";"A01";"A0101";"A01010400";"127577";"12";"20030623090000";"http://tong.visitkorea.or.kr/cms/resource/00/1860000_image2_1.jpg";"http://tong.visitkorea.or.kr/cms/resource/00/1860000_image3_1.jpg";"Type3";"127.3324038249";"37.6238706535";"6";"20231207140829";"9";"";"문안산";"12193";0
"임실군 임실읍 성가리";"";"37";"0";"A01";"A0102";"A01020100";"127578";"12";"20031117090000";"http://tong.visitkorea.or.kr/cms/resource/38/2514238_image2_1.jpg";"http://tong.visitkorea.or.kr/cms/resource/38/2514238_image2_1.jpg";"Type3";"127.2775166523";"35.6126811062";"6";"20240119133819";"10";"";"성가리 백로마을";"566-806,1";0
"남양주시 금곡동, 평내동, 와부읍, 화도읍";"";"31";"0";"A01";"A0101";"A01010400";"127579";"12";"20030429090000";"http://tong.visitkorea.or.kr/cms/resource/90/3077090_image2_1.jpg";"http://tong.visitkorea.or.kr/cms/resource/90/3077090_image3_1.jpg";"Type3";"127.2578379932";"37.6375927014";"6";"20231229145226";"9";"";"백봉산";"12220";0
"양구군 양구읍 월명리";",웅진리,수인리 일원";"32";"0";"A01";"A0101";"A01010400";"127580";"12";"20030430090000";"http://tong.visitkorea.or.kr/cms/resource/96/2566496_image2_1.jpg";"http://tong.visitkorea.or.kr/cms/resource/96/2566496_image3_1.jpg";"Type3";"127.9061993060";"38.0772424438";"6";"20230802202657";"6";"";"사명산";"255-803,5";0
"안양시 만안구 석수동";"";"31";"0";"A01";"A0101";"A01010400";"127582";"12";"20030326090000";"http://tong.visitkorea.or.kr/cms/resource/75/755275_image2_1.jpg";"http://tong.visitkorea.or.kr/cms/resource/75/755275_image3_1.jpg";"Type3";"126.9385977564";"37.4368463723";"6";"20231215110031";"17";"";"삼성산";"430-040,1";0
"고성군 죽왕면 삼포해변길 15-4";"";"32";"0";"A01";"A0101";"A01011200";"127587";"12";"20030710090000";"http://tong.visitkorea.or.kr/cms/resource/13/1581413_image2_1.jpg";"http://tong.visitkorea.or.kr/cms/resource/13/1581413_image3_1.jpg";"Type3";"128.5354263465";"38.3149490205";"6";"20230703163654";"2";"";"삼포해변";"24750";0
"무안군 일로읍 백련로 333";"";"38";"0";"A01";"A0101";"A01010500";"127603";"12";"20060619090000";"http://tong.visitkorea.or.kr/cms/resource/56/2399156_image2_1.jpg";"http://tong.visitkorea.or.kr/cms/resource/56/2399156_image3_1.jpg";"Type3";"126.5299100793";"34.8601257396";"6";"20230925095158";"9";"";"무안회산백련지";"58571";0
"창원시 의창구 북면 천주로 1167";"";"36";"0";"A02";"A0202";"A02020300";"127608";"12";"20030627090000";"http://tong.visitkorea.or.kr/cms/resource/16/2043316_image2_1.jpg";"http://tong.visitkorea.or.kr/cms/resource/16/2043316_image3_1.jpg";"Type3";"128.6094728380";"35.3544117553";"6";"20230306174816";"16";"";"마금산원탕";"51101";0
"통영시 남망공원길 29";"";"36";"0";"A02";"A0206";"A02060300";"127621";"12";"20040107090000";"http://tong.visitkorea.or.kr/cms/resource/11/2369611_image2_1.jpg";"http://tong.visitkorea.or.kr/cms/resource/11/2369611_image3_1.jpg";"Type3";"128.4294550400";"34.8412966080";"6";"20230717111625";"17";"";"남망산 조각공원";"53051";0
"창원시 마산합포구 용마산길 142";"(산호동)";"36";"0";"A02";"A0202";"A02020700";"127623";"12";"20031107090000";"http://tong.visitkorea.or.kr/cms/resource/70/3071870_image2_1.jpg";"http://tong.visitkorea.or.kr/cms/resource/70/3071870_image3_1.jpg";"Type3";"128.5830039540";"35.2138548478";"6";"20231215181611";"16";"";"산호공원";"51334";0
"영암군 군서면 왕인로 440";"";"38";"0";"A02";"A0202";"A02020200";"127625";"12";"20031103090000";"http://tong.visitkorea.or.kr/cms/resource/76/1607976_image2_1.jpg";"http://tong.visitkorea.or.kr/cms/resource/76/1607976_image3_1.jpg";"Type3";"126.6326202249";"34.7554114459";"3";"20231030153849";"17";"";"성기동국민관광지";"58434";0
"무주군 무주읍 한풍루로 326-5";"";"37";"0";"A02";"A0201";"A02010700";"127627";"12";"202401181743";"http://tong.visitkorea.or.kr/cms/resource/25/712025_image2_1.jpg";"http://tong.visitkorea.or.kr/cms/resource/25/712025_image3_1.jpg";"Type3";"127.6623665624";"36.0039823080";"6";"20240118174312";"5";"";"무주한풍루";"55514";0
"보령시 청라면 장현리";"";"34";"0";"A01";"A0101";"A01010900";"127630";"12";"20030916090000";"http://tong.visitkorea.or.kr/cms/resource/26/3048126_image2_1.jpg";"http://tong.visitkorea.or.kr/cms/resource/26/3048126_image3_1.jpg";"Type3";"126.6751068278";"36.4501612112";"6";"20231209161753";"5";"";"명대골계곡";"33422";0
"산청군 산청읍 산청대로";"";"36";"0";"A01";"A0101";"A01011800";"127633";"12";"20040202090000";"http://tong.visitkorea.or.kr/cms/resource/26/2775426_image2_1.jpg";"http://tong.visitkorea.or.kr/cms/resource/26/2775426_image2_1.jpg";"Type3";"127.8424061879";"35.4841916717";"6";"20231107145938";"9";"";"경호강";"52212";0
"용산구 효창원로 177-18";"(효창동) 일대";"1";"0";"A02";"A0202";"A02020700";"127643";"12";"20030630090000";"http://tong.visitkorea.or.kr/cms/resource/15/1568015_image2_1.jpg";"http://tong.visitkorea.or.kr/cms/resource/15/1568015_image3_1.jpg";"Type3";"126.9634757763";"37.5450425860";"6";"20231206131858";"21";"";"서울 효창공원";"04311";0
"가평군 북면";"북면";"31";"0";"A01";"A0101";"A01010400";"127645";"12";"20030623090000";"http://tong.visitkorea.or.kr/cms/resource/80/1900180_image2_1.jpg";"http://tong.visitkorea.or.kr/cms/resource/80/1900180_image3_1.jpg";"Type3";"127.4648834560";"38.0031872753";"6";"20231024103607";"1";"";"석룡산";"12400";0
"동해시 삼화로 538 (삼화동)";"";"32";"0";"A01";"A0101";"A01010400";"127649";"12";"20030624090000";"http://tong.visitkorea.or.kr/cms/resource/55/2676055_image2_1.jpg";"http://tong.visitkorea.or.kr/cms/resource/55/2676055_image3_1.jpg";"Type3";"129.0194506792";"37.4634293524";"6";"20240320154032";"3";"033-534-7306∼7";"두타산";"25746";0
"순창군 구림면 강천로 854-23";"";"37";"0";"A02";"A0204";"A02040800";"127651";"12";"20030804090000";"http://tong.visitkorea.or.kr/cms/resource/57/2356057_image2_1.jpg";"http://tong.visitkorea.or.kr/cms/resource/57/2356057_image2_1.jpg";"Type3";"127.0627071317";"35.4277205858";"6";"20240118110722";"7";"";"강천산휴양농원";"56013";0
"대덕구 대청로 618-136";"(미호동)";"33";"0";"A02";"A0205";"A02050600";"127663";"12";"20020916090000";"http://tong.visitkorea.or.kr/cms/resource/85/3056285_image2_1.JPG";"http://tong.visitkorea.or.kr/cms/resource/85/3056285_image3_1.JPG";"Type3";"127.4815115699";"36.4743753786";"6";"20231204105203";"10";"";"대청댐";"34316";0
"태백시 된각길 81";"(적각동)";"32";"0";"A01";"A0101";"A01010400";"127668";"12";"20031209090000";"http://tong.visitkorea.or.kr/cms/resource/49/2719849_image2_1.jpg";"http://tong.visitkorea.or.kr/cms/resource/49/2719849_image2_1.jpg";"Type3";"128.9869387541";"37.2206149936";"6";"20230703201649";"14";"";"삼수령";"26002";0
"부여군 무량로 203";"";"34";"0";"A02";"A0201";"A02010800";"127676";"12";"20031111090000";"http://tong.visitkorea.or.kr/cms/resource/09/2037209_image2_1.jpg";"http://tong.visitkorea.or.kr/cms/resource/09/2037209_image3_1.jpg";"Type3";"126.6933614880";"36.3164935289";"6";"20230711103048";"6";"";"무량사(부여)";"33103";0
"단양군 영춘면 구인사길 73";"";"33";"0";"A02";"A0201";"A02010800";"127677";"12";"20031106090000";"http://tong.visitkorea.or.kr/cms/resource/34/2534334_image2_1.jpg";"http://tong.visitkorea.or.kr/cms/resource/34/2534334_image3_1.jpg";"Type3";"128.4811562387";"37.0331852014";"6";"20240312153041";"2";"";"구인사(단양)";"27020";0
"양평군 옥천면 사나사길 329";"";"31";"0";"A02";"A0201";"A02010800";"127688";"12";"20031209090000";"http://tong.visitkorea.or.kr/cms/resource/89/2707289_image2_1.jpg";"http://tong.visitkorea.or.kr/cms/resource/89/2707289_image3_1.jpg";"Type3";"127.5063127094";"37.5385115188";"6";"20230901093501";"19";"";"사나사(양평)";"12506";0
"부안군 변산면 모항길 22";"";"37";"0";"A01";"A0101";"A01011200";"127689";"12";"20030701090000";"http://tong.visitkorea.or.kr/cms/resource/44/636244_image2_1.jpg";"http://tong.visitkorea.or.kr/cms/resource/44/636244_image3_1.jpg";"Type3";"126.5077441836";"35.5828602400";"6";"20240124114555";"6";"";"모항해수욕장";"56340";0
"부안군 진서면 곰소리";"";"37";"0";"A01";"A0101";"A01011400";"127690";"12";"20030820090000";"http://tong.visitkorea.or.kr/cms/resource/25/2367225_image2_1.jpg";"http://tong.visitkorea.or.kr/cms/resource/25/2367225_image3_1.jpg";"Type3";"126.6054465080";"35.5861059588";"6";"20240118102958";"6";"";"곰소항";"56346";0
"창원시 마산합포구 교방동";"";"36";"0";"A02";"A0202";"A02020700";"127703";"12";"20071011090000";"http://tong.visitkorea.or.kr/cms/resource/13/3071713_image2_1.jpg";"http://tong.visitkorea.or.kr/cms/resource/13/3071713_image3_1.jpg";"Type3";"128.5568396943";"35.2093909858";"6";"20231215175328";"16";"";"서원곡유원지";"51269";0
"영덕군 영해면 호지마을1길 16-1";"";"35";"0";"A02";"A0201";"A02010600";"127714";"12";"20031222090000";"http://tong.visitkorea.or.kr/cms/resource/10/1967610_image2_1.jpg";"http://tong.visitkorea.or.kr/cms/resource/10/1967610_image3_1.jpg";"Type3";"129.4165708929";"36.5431729856";"6";"20231114155312";"12";"";"괴시리 전통마을";"36416";0
"성주군 가천면 금봉리";"산 42-1번지 일원";"35";"0";"A02";"A0201";"A02010200";"127718";"12";"20040225090000";"http://tong.visitkorea.or.kr/cms/resource/41/1399841_image2_1.jpg";"http://tong.visitkorea.or.kr/cms/resource/41/1399841_image3_1.jpg";"Type3";"128.1270921838";"35.8960890247";"6";"20221227163812";"10";"";"독용산성";"719-881,1";0
"삼척시 미로면 하사전리";"산53";"32";"0";"A02";"A0201";"A02010700";"127733";"12";"20040224090000";"http://tong.visitkorea.or.kr/cms/resource/75/3070975_image2_1.jpg";"http://tong.visitkorea.or.kr/cms/resource/75/3070975_image3_1.jpg";"Type3";"129.0779533073";"37.3878475279";"6";"20231215141042";"4";"";"삼척 영경묘";"25905";0
"삼척시 신기면 대기리";"";"32";"0";"A01";"A0101";"A01010400";"127739";"12";"20040224090000";"http://tong.visitkorea.or.kr/cms/resource/03/3040403_image2_1.jpg";"http://tong.visitkorea.or.kr/cms/resource/03/3040403_image3_1.jpg";"Type3";"129.0360818354";"37.3039230357";"6";"20231115162423";"4";"";"덕항산";"25942";0
"속초시 영랑호반길 69-2";"";"32";"0";"A02";"A0201";"A02010800";"127749";"12";"20030702090000";"http://tong.visitkorea.or.kr/cms/resource/07/3071307_image2_1.jpg";"http://tong.visitkorea.or.kr/cms/resource/07/3071307_image3_1.jpg";"Type3";"128.5850361257";"38.2133645974";"6";"20231215153335";"5";"";"보광사(속초)";"24821";0
"김해시 가야테마길 254";"(어방동)";"36";"0";"A01";"A0101";"A01010500";"127750";"12";"20040128090000";"http://tong.visitkorea.or.kr/cms/resource/35/2610435_image2_1.jpg";"http://tong.visitkorea.or.kr/cms/resource/35/2610435_image3_1.jpg";"Type3";"128.8893150780";"35.2515367663";"6";"20230714140428";"4";"";"김해천문대";"50833";0
"진천군 이월면 논실길 113-10";"";"33";"0";"A02";"A0201";"A02010700";"127753";"12";"20030905090000";"http://tong.visitkorea.or.kr/cms/resource/98/214498_image2_1.jpg";"http://tong.visitkorea.or.kr/cms/resource/98/214498_image3_1.jpg";"Type3";"127.4160939038";"36.9235392848";"6";"20231209171244";"8";"";"노은영당";"27818";0
"신안군 도초면 시목길 219-30";"";"38";"0";"A01";"A0101";"A01011200";"127766";"12";"20030813090000";"http://tong.visitkorea.or.kr/cms/resource/33/2821533_image2_1.jpg";"http://tong.visitkorea.or.kr/cms/resource/33/2821533_image3_1.jpg";"Type3";"125.9559625347";"34.6717209661";"6";"20230926153528";"12";"";"도초 시목해수욕장";"58851";0
"중구 용두산길 37-55";"(광복동2가) 용두산공원 내";"6";"0";"A02";"A0205";"A02050200";"1277679";"12";"20110513184244";"http://tong.visitkorea.or.kr/cms/resource/50/566250_image2_1.jpg";"http://tong.visitkorea.or.kr/cms/resource/50/566250_image3_1.jpg";"Type3";"129.0326400285";"35.1012701314";"6";"20240216143945";"15";"";"부산타워";"48950";302455
"남해군 남면 홍현리 남면로 679번길 21";"";"36";"0";"B02";"B0201";"B02011000";"127778";"12";"20040129090000";"http://tong.visitkorea.or.kr/cms/resource/96/2703896_image2_1.jpg";"http://tong.visitkorea.or.kr/cms/resource/96/2703896_image2_1.jpg";"Type3";"127.8943963083";"34.7279803963";"6";"20240315154745";"5";"";"가천 다랭이마을";"668-861,21";0
"남해군 남면 남면로1229번길 44";"";"36";"0";"A01";"A0101";"A01011200";"127779";"12";"20030704090000";"http://tong.visitkorea.or.kr/cms/resource/36/2486336_image2_1.jpg";"http://tong.visitkorea.or.kr/cms/resource/36/2486336_image2_1.jpg";"Type3";"127.8560937545";"34.7414171144";"6";"20230630153418";"5";"";"사촌해수욕장";"52435";0
"영동군 양산면 호탄리";"";"33";"0";"A01";"A0101";"A01010400";"127781";"12";"20031022090000";"http://tong.visitkorea.or.kr/cms/resource/71/2753271_image2_1.JPG";"http://tong.visitkorea.or.kr/cms/resource/71/2753271_image2_1.JPG";"Type3";"127.6280083624";"36.1121138260";"6";"20231209170052";"4";"";"갈기산";"29160";0
"산청군 시천면 지리산대로";"";"36";"0";"A01";"A0101";"A01010400";"127785";"12";"20040202090000";"http://tong.visitkorea.or.kr/cms/resource/21/2736821_image2_1.JPG";"http://tong.visitkorea.or.kr/cms/resource/21/2736821_image2_1.JPG";"Type3";"127.7832613606";"35.2744976267";"6";"20231123113012";"9";"";"구곡산";"52236";0
"산청군 시천면 남명로 137";"";"36";"0";"A02";"A0201";"A02010700";"127788";"12";"20040202090000";"http://tong.visitkorea.or.kr/cms/resource/13/2771613_image2_1.jpeg";"http://tong.visitkorea.or.kr/cms/resource/13/2771613_image2_1.jpeg";"Type3";"127.8333708425";"35.2744596245";"6";"20230720150322";"9";"";"덕천서원(산청)";"52239";0
"진천군 진천읍 백곡로 1504-48";"";"33";"0";"A01";"A0101";"A01011800";"127789";"12";"20031021090000";"http://tong.visitkorea.or.kr/cms/resource/74/3064574_image2_1.JPG";"http://tong.visitkorea.or.kr/cms/resource/74/3064574_image3_1.JPG";"Type3";"127.4123207495";"36.8695620983";"6";"20231210150834";"8";"";"백곡저수지";"27843";0
"진천군 백곡면 대문리";"산 2-9 일원";"33";"0";"A01";"A0101";"A01010400";"127792";"12";"20030624090000";"http://tong.visitkorea.or.kr/cms/resource/74/2781174_image2_1.jpg";"http://tong.visitkorea.or.kr/cms/resource/74/2781174_image3_1.jpg";"Type3";"127.3365363567";"36.8533764894";"6";"20231213150617";"8";"";"만뢰산";"27824";0
"사천시 백천길 326-2";"(백천동)";"36";"0";"A02";"A0201";"A02010800";"127796";"12";"20040202090000";"http://tong.visitkorea.or.kr/cms/resource/71/2687571_image2_1.jpg";"http://tong.visitkorea.or.kr/cms/resource/71/2687571_image3_1.jpg";"Type3";"128.0920304409";"34.9959705074";"6";"20230403155507";"8";"";"백천사(사천)";"52547";0
"산청군 삼장면";"";"36";"0";"A01";"A0101";"A01010900";"127798";"12";"20040202090000";"http://tong.visitkorea.or.kr/cms/resource/86/2671386_image2_1.jpg";"http://tong.visitkorea.or.kr/cms/resource/86/2671386_image3_1.jpg";"Type3";"127.8101068526";"35.3563249828";"6";"20230623160053";"9";"";"대원사계곡";"666-922,11";0
"가평군 북면 백둔로650번길";"";"31";"0";"A01";"A0101";"A01010300";"127806";"12";"20060608090000";"http://tong.visitkorea.or.kr/cms/resource/21/3077021_image2_1.jpg";"http://tong.visitkorea.or.kr/cms/resource/21/3077021_image3_1.jpg";"Type3";"127.4487179771";"37.9187051561";"6";"20231229141846";"1";"";"명지산군립공원";"12406";0
"서귀포시 성산읍 섭지코지로 107";"";"39";"0";"A01";"A0101";"A01011100";"127813";"12";"20030827090000";"http://tong.visitkorea.or.kr/cms/resource/80/2513480_image2_1.jpg";"http://tong.visitkorea.or.kr/cms/resource/80/2513480_image2_1.jpg";"Type3";"126.9280674087";"33.4302500880";"6";"20240311152832";"3";"";"섭지코지";"63642";0
"청주시 상당구 미원면 수목원길 51";"";"33";"0";"A01";"A0101";"A01010700";"127817";"12";"20070827090000";"http://tong.visitkorea.or.kr/cms/resource/76/2656776_image2_1.jpg";"http://tong.visitkorea.or.kr/cms/resource/76/2656776_image3_1.jpg";"Type3";"127.6688766755";"36.6274834238";"6";"20230321104239";"10";"";"미동산수목원";"28199";0
"정선군 신동읍 고림길";"";"32";"0";"A01";"A0101";"A01010400";"127825";"12";"20060509090000";"http://tong.visitkorea.or.kr/cms/resource/86/175586_image2_1.jpg";"http://tong.visitkorea.or.kr/cms/resource/86/175586_image3_1.jpg";"Type3";"128.5854690604";"37.2231097851";"6";"20231116095736";"8";"";"고고산";"26136";0
"영월군 남면 국지골길";"(남면) 일대";"32";"0";"A01";"A0101";"A01010400";"127826";"12";"20060509090000";"http://tong.visitkorea.or.kr/cms/resource/67/1841567_image2_1.jpg";"http://tong.visitkorea.or.kr/cms/resource/67/1841567_image3_1.jpg";"Type3";"128.4464006515";"37.1401139206";"6";"20231116101537";"8";"";"국지산";"26216";0
"영월군 김삿갓면 영월동로 1547";"";"32";"0";"A01";"A0101";"A01010400";"127827";"12";"20060509090000";"http://tong.visitkorea.or.kr/cms/resource/44/1841544_image2_1.jpg";"http://tong.visitkorea.or.kr/cms/resource/44/1841544_image3_1.jpg";"Type3";"128.5611214679";"37.1218515249";"6";"20231116095530";"8";"";"덕가산";"26245";0
"영월군 영월읍 보덕사길 15-2";"";"32";"0";"A01";"A0101";"A01010400";"127828";"12";"20060509090000";"http://tong.visitkorea.or.kr/cms/resource/64/1841564_image2_1.jpg";"http://tong.visitkorea.or.kr/cms/resource/64/1841564_image3_1.jpg";"Type3";"128.4554620630";"37.1965353777";"6";"20231116095955";"8";"1577-0545";"발산";"26225";0
"괴산군 칠성면 쌍곡리";"";"33";"0";"A01";"A0101";"A01010400";"127836";"12";"20031021090000";"http://tong.visitkorea.or.kr/cms/resource/95/1959695_image2_1.jpg";"http://tong.visitkorea.or.kr/cms/resource/95/1959695_image3_1.jpg";"Type3";"127.8797044004";"36.7484456062";"6";"20231113120658";"1";"";"군자산";"28021";0
"단양군 적성면 상학1길 210";"(적성면)";"33";"0";"A01";"A0101";"A01010400";"127840";"12";"20030624090000";"http://tong.visitkorea.or.kr/cms/resource/00/1959700_image2_1.jpg";"http://tong.visitkorea.or.kr/cms/resource/00/1959700_image3_1.jpg";"Type3";"128.2568666205";"36.9849337572";"6";"20240201113038";"2";"";"금수산";"27014";0
"정선군 정선읍 용담길 102-22";"";"32";"0";"A01";"A0101";"A01010400";"127844";"12";"20030729090000";"http://tong.visitkorea.or.kr/cms/resource/29/175629_image2_1.jpg";"http://tong.visitkorea.or.kr/cms/resource/29/175629_image3_1.jpg";"Type3";"128.6746431099";"37.3589514000";"6";"20230703084544";"11";"";"기우산(정선)";"26135";0
"담양군 금성면 금성산성길 202";"(금성면)";"38";"0";"A02";"A0202";"A02020300";"127847";"12";"20040109090000";"http://tong.visitkorea.or.kr/cms/resource/37/3077537_image2_1.jpg";"http://tong.visitkorea.or.kr/cms/resource/37/3077537_image3_1.jpg";"Type3";"127.0244620895";"35.3662018963";"6";"20240102115442";"7";"";"담양리조트 온천";"57301";0
"공주시 고마나루길 51-12";"(웅진동)";"34";"0";"A02";"A0202";"A02020300";"127850";"12";"20030515090000";"http://tong.visitkorea.or.kr/cms/resource/34/3057334_image2_1.JPG";"http://tong.visitkorea.or.kr/cms/resource/34/3057334_image3_1.JPG";"Type3";"127.1075231830";"36.4627950745";"6";"20231204145648";"1";"";"금강온천";"32535";0
"마포구 한강난지로 162";"";"1";"0";"A02";"A0202";"A02020700";"127859";"12";"20030630090000";"http://tong.visitkorea.or.kr/cms/resource/15/2659815_image2_1.jpg";"http://tong.visitkorea.or.kr/cms/resource/15/2659815_image3_1.jpg";"Type3";"126.8854129455";"37.5628196780";"6";"20231205165007";"13";"";"난지한강공원";"03900";0
"제주시 한림읍 한림로 176";"";"39";"0";"A01";"A0101";"A01010700";"127860";"12";"20040220090000";"http://tong.visitkorea.or.kr/cms/resource/73/3053373_image2_1.jpg";"http://tong.visitkorea.or.kr/cms/resource/73/3053373_image3_1.jpg";"Type3";"126.2267487402";"33.3854910837";"6";"20240117100613";"4";"";"금능석물원";"63010";0
"서귀포시 안덕면 산방로 218-10";"(안덕면)";"39";"0";"A01";"A0101";"A01010400";"127861";"12";"20030627090000";"http://tong.visitkorea.or.kr/cms/resource/86/2648186_image2_1.jpg";"http://tong.visitkorea.or.kr/cms/resource/86/2648186_image3_1.jpg";"Type3";"126.3115002498";"33.2362672397";"6";"20231214163135";"3";"";"산방산(제주)";"63528";0
"부안군 변산면 노루목길 8-8";"(변산면)";"37";"0";"A01";"A0101";"A01011200";"127865";"12";"20031021090000";"http://tong.visitkorea.or.kr/cms/resource/67/636167_image2_1.jpg";"http://tong.visitkorea.or.kr/cms/resource/67/636167_image3_1.jpg";"Type3";"126.5082532575";"35.6619179225";"6";"20240124113934";"6";"";"고사포해수욕장";"56339";0
"보성군 보성읍 녹차로 763-65";"";"38";"0";"A02";"A0204";"A02040600";"127869";"12";"20040112090000";"http://tong.visitkorea.or.kr/cms/resource/33/2652133_image2_1.jpg";"http://tong.visitkorea.or.kr/cms/resource/33/2652133_image3_1.jpg";"Type3";"127.0788124916";"34.7156927977";"6";"20240318165108";"10";"";"대한다원";"59448";0
"고성군 죽왕면 백도해변길 78";"";"32";"0";"A01";"A0101";"A01011200";"127873";"12";"20030710090000";"http://tong.visitkorea.or.kr/cms/resource/38/3009538_image2_1.jpg";"http://tong.visitkorea.or.kr/cms/resource/38/3009538_image3_1.jpg";"Type3";"128.5468480485";"38.2983733969";"6";"20230912095826";"2";"";"백도해변";"24752";0
"고흥군 두원면 두원로 1306-30";"";"38";"0";"A01";"A0101";"A01011200";"127883";"12";"20030731090000";"http://tong.visitkorea.or.kr/cms/resource/67/2515867_image2_1.jpg";"http://tong.visitkorea.or.kr/cms/resource/67/2515867_image2_1.jpg";"Type3";"127.2724761027";"34.7135268715";"6";"20230630145924";"2";"";"대전해수욕장";"59513";0
"안성시 금광면 현곡길 344";"(금광면)";"31";"0";"A02";"A0204";"A02040800";"127888";"12";"20030915090000";"http://tong.visitkorea.or.kr/cms/resource/69/1048969_image2_1.jpg";"http://tong.visitkorea.or.kr/cms/resource/69/1048969_image3_1.jpg";"Type3";"127.3609006526";"36.9594480435";"6";"20231205175814";"16";"";"금광관광농원";"17537";0
"북구 화명동 172";"일대";"6";"0";"A01";"A0101";"A01010900";"127891";"12";"20030915090000";"http://tong.visitkorea.or.kr/cms/resource/18/2720918_image2_1.jpg";"http://tong.visitkorea.or.kr/cms/resource/18/2720918_image2_1.jpg";"Type3";"129.0278976536";"35.2437901894";"6";"20231120095602";"8";"051-309-4061";"대천천";"616-120,1";0
"인제군 북면 용대2리";"";"32";"0";"A01";"A0101";"A01010900";"127903";"12";"20030826090000";"http://tong.visitkorea.or.kr/cms/resource/29/3042029_image2_1.jpg";"http://tong.visitkorea.or.kr/cms/resource/29/3042029_image3_1.jpg";"Type3";"128.3967890853";"38.2219488375";"6";"20231116171350";"10";"";"미시령계곡";"252-821,2";0
"제주시 한림읍 명월리";"2223";"39";"0";"A02";"A0201";"A02010700";"127909";"12";"20030915090000";"http://tong.visitkorea.or.kr/cms/resource/67/2852367_image2_1.jpg";"http://tong.visitkorea.or.kr/cms/resource/67/2852367_image3_1.jpg";"Type1";"126.2753918170";"33.3816894904";"6";"20231210160412";"4";"";"명월대";"63014";0
"문경시 가은읍";"";"35";"0";"A01";"A0101";"A01010900";"127913";"12";"20030918090000";"http://tong.visitkorea.or.kr/cms/resource/69/2367669_image2_1.jpg";"http://tong.visitkorea.or.kr/cms/resource/69/2367669_image3_1.jpg";"Type3";"127.9514866237";"36.6585600035";"6";"20230912145755";"7";"";"대야산 용추계곡";"36993";0
"울진군 금강송면 불영사길 48";"";"35";"0";"A02";"A0201";"A02010800";"127921";"12";"20031006090000";"http://tong.visitkorea.or.kr/cms/resource/62/2502362_image2_1.jpg";"http://tong.visitkorea.or.kr/cms/resource/62/2502362_image2_1.jpg";"Type3";"129.2740827178";"36.9410026143";"6";"20231115105656";"18";"";"불영사(울진)";"36301";0
"춘천시 신동면 김유정로 1430-14";"";"32";"0";"A02";"A0201";"A02010600";"127933";"12";"20031023090000";"http://tong.visitkorea.or.kr/cms/resource/51/2742751_image2_1.jpg";"http://tong.visitkorea.or.kr/cms/resource/51/2742751_image3_1.jpg";"Type3";"127.7176992055";"37.8184190354";"6";"20230702190450";"13";"";"김유정문학촌";"24412";0
"종로구 사직로 89";"(사직동)";"1";"0";"A02";"A0202";"A02020700";"127942";"12";"20031030090000";"http://tong.visitkorea.or.kr/cms/resource/20/1568120_image2_1.jpg";"http://tong.visitkorea.or.kr/cms/resource/20/1568120_image3_1.jpg";"Type3";"126.9676800810";"37.5757085419";"6";"20230822140038";"23";"";"사직공원(서울)";"03027";0
"부천시 원미구 소사로 456";"(원미동)";"31";"0";"A02";"A0202";"A02020700";"127943";"12";"20031106090000";"http://tong.visitkorea.or.kr/cms/resource/38/2705838_image2_1.jpg";"http://tong.visitkorea.or.kr/cms/resource/38/2705838_image3_1.jpg";"Type3";"126.7978866492";"37.4975451497";"6";"20230321133122";"11";"";"부천 원미공원";"14659";0
"충주시 새바지길 37 능암온천랜드";"";"33";"0";"A02";"A0202";"A02020300";"127949";"12";"20031106090000";"http://tong.visitkorea.or.kr/cms/resource/61/2603261_image2_1.jpg";"http://tong.visitkorea.or.kr/cms/resource/61/2603261_image3_1.jpg";"Type3";"127.8023543105";"37.0935239517";"6";"20231213152549";"11";"";"능암온천랜드";"27302";0
"가평군 청평면 대성강변길 44";"";"31";"0";"A02";"A0202";"A02020200";"127959";"12";"20031111090000";"http://tong.visitkorea.or.kr/cms/resource/80/3077280_image2_1.jpg";"http://tong.visitkorea.or.kr/cms/resource/80/3077280_image3_1.jpg";"Type3";"127.3795590264";"37.6798927837";"6";"20240419173724";"1";"";"대성리 국민관광지";"12457";0
"화천군 화천읍 동촌리";"2921-3";"32";"0";"A02";"A0202";"A02020700";"127965";"12";"20031111090000";"http://tong.visitkorea.or.kr/cms/resource/87/172387_image2_1.jpg";"http://tong.visitkorea.or.kr/cms/resource/87/172387_image3_1.jpg";"Type3";"127.8453507468";"38.2131448900";"6";"20231120155134";"17";"";"비목공원";"24110";0
"청주시 상당구 성내로124번길 14";"(산성동)";"33";"0";"A02";"A0202";"A02020700";"127969";"12";"20031111090000";"http://tong.visitkorea.or.kr/cms/resource/21/2517721_image2_1.jpg";"http://tong.visitkorea.or.kr/cms/resource/21/2517721_image2_1.jpg";"Type3";"127.5121180426";"36.6441231341";"6";"20230503131402";"10";"";"명암유원지";"28312";0
"안성시 보개면 너리굴길 100";"";"31";"0";"A02";"A0201";"A02010600";"127981";"12";"20031119090000";"http://tong.visitkorea.or.kr/cms/resource/21/3050021_image2_1.JPG";"http://tong.visitkorea.or.kr/cms/resource/21/3050021_image3_1.JPG";"Type3";"127.2788641206";"37.0406483163";"6";"20231207170426";"16";"";"너리굴 문화마을";"17509";0
"안동시 도산면 온천로 570";"(도산면)";"35";"0";"A02";"A0202";"A02020300";"127983";"12";"20031121090000";"http://tong.visitkorea.or.kr/cms/resource/69/178269_image2_1.jpg";"http://tong.visitkorea.or.kr/cms/resource/69/178269_image3_1.jpg";"Type3";"128.8201648427";"36.7505017932";"6";"20230915174042";"11";"";"도산온천";"36604";0
"안동시 서후면 광흥사길 105";"(서후면)";"35";"0";"A02";"A0201";"A02010800";"127991";"12";"20040216090000";"http://tong.visitkorea.or.kr/cms/resource/40/1979140_image2_1.jpg";"http://tong.visitkorea.or.kr/cms/resource/40/1979140_image3_1.jpg";"Type3";"128.6135612645";"36.6460320522";"6";"20240202105108";"11";"";"광흥사(안동)";"36615";0
"담양군 금성면 비내동길 148";"";"38";"0";"A02";"A0202";"A02020600";"127993";"12";"20031126090000";"http://tong.visitkorea.or.kr/cms/resource/03/3017603_image2_1.jpg";"http://tong.visitkorea.or.kr/cms/resource/03/3017603_image3_1.jpg";"Type3";"127.0485773588";"35.3371778141";"6";"20231004164922";"7";"";"대나무골 테마공원";"57353";0
"울주군 서생면 간절곶1길 39-2";"";"7";"0";"A01";"A0101";"A01011600";"128022";"12";"20031215090000";"http://tong.visitkorea.or.kr/cms/resource/94/2648694_image2_1.jpg";"http://tong.visitkorea.or.kr/cms/resource/94/2648694_image3_1.jpg";"Type3";"129.3605738299";"35.3589668021";"6";"20240318152608";"5";"052-239-6313";"간절곶 등대";"45015";0
"서대문구 백련사길 170-43";"";"1";"0";"A02";"A0201";"A02010800";"128028";"12";"20040108090000";"http://tong.visitkorea.or.kr/cms/resource/74/1985174_image2_1.jpg";"http://tong.visitkorea.or.kr/cms/resource/74/1985174_image3_1.jpg";"Type3";"126.9273751252";"37.5862038214";"6";"20231113152921";"14";"";"백련사(서울)";"03655";0
"경산시 와촌면 불굴사길 205";"(와촌면)";"35";"0";"A02";"A0201";"A02010800";"128039";"12";"20040219090000";"http://tong.visitkorea.or.kr/cms/resource/15/3028615_image2_1.JPG";"http://tong.visitkorea.or.kr/cms/resource/15/3028615_image3_1.JPG";"Type3";"128.7792471603";"35.9451593251";"6";"20240326130933";"1";"";"불굴사(경산)";"38405";0
"울진군 십이령로 2721 구수곡자연휴양림";"";"35";"0";"A01";"A0101";"A01010600";"128051";"12";"20040227090000";"http://tong.visitkorea.or.kr/cms/resource/18/183218_image2_1.jpg";"http://tong.visitkorea.or.kr/cms/resource/18/183218_image3_1.jpg";"Type3";"129.2914246904";"37.0636166931";"6";"20231106105600";"18";"";"구수곡자연휴양림";"36308";0
"부산진구 백양산로 138";"(부암동)";"6";"0";"A02";"A0201";"A02010800";"128053";"12";"20040302090000";"http://tong.visitkorea.or.kr/cms/resource/65/3016465_image2_1.jpg";"http://tong.visitkorea.or.kr/cms/resource/65/3016465_image3_1.jpg";"Type1";"129.0275328529";"35.1768587956";"6";"20230927103146";"7";"";"선암사(부산)";"47148";0
"오산시 독산성로269번길 144";"(지곶동)";"31";"0";"A02";"A0201";"A02010800";"128059";"12";"20040309090000";"http://tong.visitkorea.or.kr/cms/resource/46/2689546_image2_1.jpg";"http://tong.visitkorea.or.kr/cms/resource/46/2689546_image3_1.jpg";"Type3";"127.0197780193";"37.1835966104";"6";"20230321112931";"22";"";"보적사(오산)";"18102";0
"오산시 매홀로 3";"";"31";"0";"A02";"A0201";"A02010700";"128060";"12";"20040309090000";"http://tong.visitkorea.or.kr/cms/resource/09/3077209_image2_1.JPG";"http://tong.visitkorea.or.kr/cms/resource/09/3077209_image3_1.JPG";"Type3";"127.0622109710";"37.1589696598";"6";"20231229154752";"22";"";"궐리사";"18120";0
"안산시 단원구 초지동";"656";"31";"0";"A02";"A0201";"A02010200";"128062";"12";"20040312090000";"http://tong.visitkorea.or.kr/cms/resource/62/2480362_image2_1.jpg";"http://tong.visitkorea.or.kr/cms/resource/62/2480362_image2_1.jpg";"Type3";"126.7979338201";"37.2998292100";"6";"20231205161954";"15";"";"별망성지";"15614";0
"안산시 단원구 와동공원로 151";"(와동)";"31";"0";"A02";"A0201";"A02010700";"128063";"12";"20040312090000";"http://tong.visitkorea.or.kr/cms/resource/20/2481320_image2_1.jpg";"http://tong.visitkorea.or.kr/cms/resource/20/2481320_image2_1.jpg";"Type3";"126.8305714755";"37.3374004317";"6";"20231211141910";"15";"";"사세충렬문";"15248";0
"고흥군 포두면 금탑로 842";"(포두면)";"38";"0";"A02";"A0201";"A02010800";"128073";"12";"20040318090000";"http://tong.visitkorea.or.kr/cms/resource/39/2380839_image2_1.jpg";"http://tong.visitkorea.or.kr/cms/resource/39/2380839_image2_1.jpg";"Type3";"127.2875984590";"34.5427018184";"6";"20230221133013";"2";"";"금탑사(고흥)";"59524";0
"곡성군 곡성읍 월봉리";"";"38";"0";"A01";"A0101";"A01010900";"128083";"12";"20040322090000";"http://tong.visitkorea.or.kr/cms/resource/93/1606693_image2_1.jpg";"http://tong.visitkorea.or.kr/cms/resource/93/1606693_image3_1.jpg";"Type3";"127.2618631226";"35.2649174154";"6";"20230925112338";"3";"";"도림사 계곡";"57527";0
"곡성군 목사동면";"";"38";"0";"A01";"A0101";"A01011800";"128085";"12";"20040322090000";"http://tong.visitkorea.or.kr/cms/resource/65/3026865_image2_1.jpg";"http://tong.visitkorea.or.kr/cms/resource/65/3026865_image3_1.jpg";"Type3";"127.2769542426";"35.1251751081";"6";"20231027165502";"3";"";"보성강";"57552";0
"경산시 와촌면 갓바위로 699";"";"35";"0";"A02";"A0201";"A02010800";"128093";"12";"20040324090000";"http://tong.visitkorea.or.kr/cms/resource/39/2671639_image2_1.jpg";"http://tong.visitkorea.or.kr/cms/resource/39/2671639_image3_1.jpg";"Type3";"128.7391522829";"35.9873149153";"6";"20230718162413";"1";"";"선본사(경산)";"38400";0
"화천군 사내면";"";"32";"0";"A01";"A0101";"A01010400";"128098";"12";"20040325090000";"http://tong.visitkorea.or.kr/cms/resource/17/2566317_image2_1.jpg";"http://tong.visitkorea.or.kr/cms/resource/17/2566317_image3_1.jpg";"Type3";"127.4394352497";"38.1150070894";"6";"20230703200155";"17";"";"광덕산(화천)";"24150";0
"화천군 화천읍 중리 221";"";"32";"0";"A01";"A0101";"A01010600";"128099";"12";"20040325090000";"http://tong.visitkorea.or.kr/cms/resource/18/172318_image2_1.jpg";"http://tong.visitkorea.or.kr/cms/resource/18/172318_image3_1.jpg";"Type3";"127.7129937383";"38.1095711534";"6";"20230703203055";"17";"";"낭천산림욕장";"24114";0
"화천군 상서면 장촌리";"";"32";"0";"A01";"A0101";"A01010900";"128100";"12";"20040325090000";"http://tong.visitkorea.or.kr/cms/resource/23/1583823_image2_1.jpg";"http://tong.visitkorea.or.kr/cms/resource/23/1583823_image3_1.jpg";"Type3";"27.60353378541";"38.1416201164";"6";"20231120160008";"17";"";"만산동계곡";"24108";0
"화천군 화천읍 강변로 2-54";"";"32";"0";"A01";"A0101";"A01011300";"128101";"12";"20040325090000";"http://tong.visitkorea.or.kr/cms/resource/81/172381_image2_1.jpg";"http://tong.visitkorea.or.kr/cms/resource/81/172381_image3_1.jpg";"Type3";"127.6970121290";"38.1007385507";"6";"20230703181807";"17";"";"붕어섬";"24131";0
"공주시 관광단지길 30-8";"";"34";"0";"A02";"A0201";"A02010100";"128115";"12";"20040419090000";"http://tong.visitkorea.or.kr/cms/resource/89/216689_image2_1.jpg";"http://tong.visitkorea.or.kr/cms/resource/89/216689_image3_1.jpg";"Type3";"127.1097229000";"36.4659891914";"6";"20230405135220";"1";"";"선화당(공주)";"32535";0
"경주시 교동";"";"35";"0";"A02";"A0201";"A02010700";"128116";"12";"20040419090000";"http://tong.visitkorea.or.kr/cms/resource/86/2493186_image2_1.jpg";"http://tong.visitkorea.or.kr/cms/resource/86/2493186_image2_1.jpg";"Type3";"129.2189978270";"35.8326469552";"6";"20230919163713";"2";"";"경주 계림";"38170";0
"중구 명륜로 112";"(남산동)";"4";"0";"A02";"A0201";"A02010700";"128119";"12";"20040420090000";"http://tong.visitkorea.or.kr/cms/resource/22/2370122_image2_1.jpg";"http://tong.visitkorea.or.kr/cms/resource/22/2370122_image3_1.jpg";"Type3";"128.5959906893";"35.8597517110";"6";"20230706153748";"8";"";"대구향교";"41962";0
"달서구 화암로 342";"(대곡동)";"4";"0";"A01";"A0101";"A01010700";"128120";"12";"20040420090000";"http://tong.visitkorea.or.kr/cms/resource/91/2675691_image2_1.jpg";"http://tong.visitkorea.or.kr/cms/resource/91/2675691_image2_1.jpg";"Type3";"128.5200295717";"35.8007431029";"6";"20240320162343";"2";"";"대구수목원";"42829";0
"이천시 신둔면 도자예술로5번길 95";"";"31";"0";"A02";"A0203";"A02030100";"128125";"12";"20040423090000";"http://tong.visitkorea.or.kr/cms/resource/74/2655274_image2_1.bmp";"http://tong.visitkorea.or.kr/cms/resource/74/2655274_image2_1.bmp";"Type3";"127.3861778437";"37.2935710315";"6";"20230502194851";"26";"";"도예공방 들꽃마을";"17306";0
"천안시 동남구 광덕면 광덕사길";"";"34";"0";"A01";"A0101";"A01010400";"128128";"12";"20040430090000";"http://tong.visitkorea.or.kr/cms/resource/64/1495664_image2_1.jpg";"http://tong.visitkorea.or.kr/cms/resource/64/1495664_image3_1.jpg";"Type3";"127.0355346456";"36.6889095067";"6";"20240103143044";"9";"";"광덕산(아산)";"31220";0
"고양시 덕양구 호국로1121번길 95-61 (원당동)";"";"31";"0";"A02";"A0201";"A02010700";"128139";"12";"20040514090000";"http://tong.visitkorea.or.kr/cms/resource/88/1149688_image2_1.jpg";"http://tong.visitkorea.or.kr/cms/resource/88/1149688_image3_1.jpg";"Type3";"126.8390916347";"37.6802190812";"6";"20240201152837";"2";"";"고려 공양왕릉";"10291";0
"나주시 금성관길 13-10";"(금계동)";"38";"0";"A02";"A0201";"A02010400";"128145";"12";"20040520090000";"http://tong.visitkorea.or.kr/cms/resource/55/2515655_image2_1.jpg";"http://tong.visitkorea.or.kr/cms/resource/55/2515655_image2_1.jpg";"Type3";"126.7153144815";"35.0322260815";"6";"20230405093028";"6";"";"나주 목사내아";"58257";0
"남구 사직길 49";"";"5";"0";"A02";"A0205";"A02050200";"128158";"12";"20040602090000";"http://tong.visitkorea.or.kr/cms/resource/63/2493363_image2_1.jpg";"http://tong.visitkorea.or.kr/cms/resource/63/2493363_image2_1.jpg";"Type3";"126.9155968119";"35.1425419960";"6";"20231030151430";"2";"";"광주 경찰충혼탑";"61638";0
"해운대구 수영강변대로 203";"";"6";"0";"A02";"A0205";"A02050100";"128164";"12";"20040604090000";"http://tong.visitkorea.or.kr/cms/resource/84/2612484_image2_1.jpg";"http://tong.visitkorea.or.kr/cms/resource/84/2612484_image3_1.jpg";"Type3";"129.1270084045";"35.1449947568";"6";"20230906154657";"16";"";"부산광안대교";"48050";0
"고성군 현내면 금강산로 481";"";"32";"0";"A02";"A0205";"A02050600";"128171";"12";"20040610090000";"http://tong.visitkorea.or.kr/cms/resource/54/2599054_image2_1.jpg";"http://tong.visitkorea.or.kr/cms/resource/54/2599054_image3_1.jpg";"Type3";"128.4173974953";"38.5147706205";"6";"20240418111935";"2";"";"고성 통일전망타워";"24702";0
"서귀포시 1100로 882";"";"39";"0";"A01";"A0101";"A01010600";"128175";"12";"20040625090000";"http://tong.visitkorea.or.kr/cms/resource/27/3023727_image2_1.jpg";"http://tong.visitkorea.or.kr/cms/resource/27/3023727_image3_1.jpg";"Type3";"126.4630826543";"33.3108197268";"6";"20231024151041";"3";"";"서귀포자연휴양림";"63554";0
"울주군 서생면 서생리";"711";"7";"0";"A02";"A0201";"A02010200";"128185";"12";"20041013090000";"http://tong.visitkorea.or.kr/cms/resource/92/3077992_image2_1.bmp";"http://tong.visitkorea.or.kr/cms/resource/92/3077992_image3_1.bmp";"Type3";"129.3342504359";"35.3834691158";"6";"20240102163806";"5";"";"서생포왜성";"45013";0
"울주군 온산읍 당목길";"(온산읍)";"7";"0";"A01";"A0101";"A01011300";"128195";"12";"20041013090000";"http://tong.visitkorea.or.kr/cms/resource/51/3043051_image2_1.jpg";"http://tong.visitkorea.or.kr/cms/resource/51/3043051_image3_1.jpg";"Type3";"129.3519859423";"35.4490509773";"6";"20231117152442";"5";"";"목도";"44995";0
"울주군 상북면 이천리";"";"7";"0";"A01";"A0101";"A01010900";"128197";"12";"20041013090000";"http://tong.visitkorea.or.kr/cms/resource/82/3077982_image2_1.bmp";"http://tong.visitkorea.or.kr/cms/resource/82/3077982_image3_1.bmp";"Type3";"129.0104800665";"35.5331129203";"6";"20240102163429";"5";"";"배내골(울산)";"44909";0
"북구 산하동";"";"7";"0";"A01";"A0101";"A01011200";"128199";"12";"20071001090000";"http://tong.visitkorea.or.kr/cms/resource/22/3048822_image2_1.jpg";"http://tong.visitkorea.or.kr/cms/resource/22/3048822_image3_1.jpg";"Type3";"129.4423980082";"35.6278381472";"6";"20231221154107";"4";"";"강동몽돌해변";"44264";0
"울주군 상북면 등억알프스로 607-15";"";"7";"0";"A01";"A0101";"A01010600";"128205";"12";"20041014090000";"http://tong.visitkorea.or.kr/cms/resource/99/609199_image2_1.jpg";"http://tong.visitkorea.or.kr/cms/resource/99/609199_image3_1.jpg";"Type3";"129.0560529115";"35.5671043874";"6";"20240318160200";"5";"";"간월산 자연휴양림";"44952";0
"울주군 온양읍 상발2길 34";"";"7";"0";"A02";"A0202";"A02020300";"128210";"12";"20041014090000";"http://tong.visitkorea.or.kr/cms/resource/77/3077977_image2_1.bmp";"http://tong.visitkorea.or.kr/cms/resource/77/3077977_image3_1.bmp";"Type3";"129.2931117223";"35.4059713746";"6";"20240320155342";"5";"";"발리온천";"44976";0
"울주군 상북면 간월산길 614";"";"7";"0";"A01";"A0101";"A01010400";"128213";"12";"20041015090000";"http://tong.visitkorea.or.kr/cms/resource/02/3078002_image2_1.bmp";"http://tong.visitkorea.or.kr/cms/resource/02/3078002_image3_1.bmp";"Type3";"129.0480650268";"35.5561610255";"6";"20240102164313";"5";"";"간월산";"44952";0
"울주군 온양읍 대운상대길 225-92";",경상남도 양산시";"7";"0";"A01";"A0101";"A01010400";"128214";"12";"20041015090000";"http://tong.visitkorea.or.kr/cms/resource/07/3078007_image2_1.bmp";"http://tong.visitkorea.or.kr/cms/resource/07/3078007_image3_1.bmp";"Type3";"129.2361865678";"35.3901665277";"6";"20240102164509";"5";"";"대운산";"44972";0
"울주군 청량읍 문수산길 514";"";"7";"0";"A02";"A0201";"A02010800";"128215";"12";"20041015090000";"http://tong.visitkorea.or.kr/cms/resource/84/3049384_image2_1.JPG";"http://tong.visitkorea.or.kr/cms/resource/84/3049384_image3_1.JPG";"Type3";"129.2139512170";"35.5317002100";"6";"20231205173631";"5";"";"문수사(울주)";"44959";0
"원주시 토지길 1";"(단구동)";"32";"0";"A02";"A0202";"A02020700";"128230";"12";"20041116090000";"http://tong.visitkorea.or.kr/cms/resource/77/1536977_image2_1.jpg";"http://tong.visitkorea.or.kr/cms/resource/77/1536977_image3_1.jpg";"Type3";"127.9595335398";"37.3222199185";"6";"20231122175359";"9";"";"박경리문학공원";"26490";0
"창원시 진해구 소사로59번길 13";"(소사동)";"36";"0";"A02";"A0206";"A02060200";"1282558";"14";"20110519011500";"http://tong.visitkorea.or.kr/cms/resource/52/1273352_image2_1.jpg";"http://tong.visitkorea.or.kr/cms/resource/52/1273352_image3_1.jpg";"Type3";"128.7766337944";"35.1287651382";"6";"20230911200854";"16";"";"김달진 문학관";"51597";0
"홍성군 구항면 거북로 436";"";"34";"0";"A02";"A0203";"A02030100";"128256";"12";"20041216090000";"http://tong.visitkorea.or.kr/cms/resource/18/2629418_image2_1.bmp";"http://tong.visitkorea.or.kr/cms/resource/18/2629418_image2_1.bmp";"Type3";"126.6098956191";"36.5707962224";"6";"20230503132055";"15";"";"거북이마을";"32215";0
"당진시 고대면 황토마을로 141";"";"34";"0";"A02";"A0203";"A02030100";"128261";"12";"20041217090000";"http://tong.visitkorea.or.kr/cms/resource/68/2519768_image2_1.jpg";"http://tong.visitkorea.or.kr/cms/resource/68/2519768_image2_1.jpg";"Type3";"126.5621921167";"36.9667330782";"6";"20230413113716";"4";"";"당진 영전황토마을";"31790";0
"안성시 고삼면 향림길 50";"";"31";"0";"A01";"A0101";"A01011700";"128272";"12";"20050104090000";"http://tong.visitkorea.or.kr/cms/resource/36/1893536_image2_1.jpg";"http://tong.visitkorea.or.kr/cms/resource/36/1893536_image3_1.jpg";"Type3";"127.2849677871";"37.0884429098";"6";"20231205175604";"16";"";"고삼호수";"17504";0
"안성시 금광면";"";"31";"0";"A01";"A0101";"A01011700";"128275";"12";"20050112090000";"http://tong.visitkorea.or.kr/cms/resource/63/190763_image2_1.jpg";"http://tong.visitkorea.or.kr/cms/resource/63/190763_image2_1.jpg";"Type3";"127.3354990976";"36.9976765131";"6";"20231205145305";"16";"";"금광호수";"17535";0
"안성시 일죽면";"";"31";"0";"A02";"A0201";"A02010200";"128283";"12";"20050202090000";"http://tong.visitkorea.or.kr/cms/resource/48/2719848_image2_1.jpg";"http://tong.visitkorea.or.kr/cms/resource/48/2719848_image2_1.jpg";"Type3";"127.4892058033";"37.0564725081";"6";"20240131170605";"16";"";"망이산성";"17532";0
"안성시 보개면 남사당로 198-11";"";"31";"0";"A02";"A0205";"A02050200";"128284";"12";"20050202090000";"http://tong.visitkorea.or.kr/cms/resource/55/2480355_image2_1.jpg";"http://tong.visitkorea.or.kr/cms/resource/55/2480355_image2_1.jpg";"Type3";"127.3108919406";"37.0350273181";"6";"20240417164613";"16";"";"박두진 시비";"17508";0
"양양군 현북면 어성전길 93-229";"";"32";"0";"A02";"A0201";"A02010800";"128288";"12";"20050216090000";"http://tong.visitkorea.or.kr/cms/resource/93/2739193_image2_1.jpg";"http://tong.visitkorea.or.kr/cms/resource/93/2739193_image3_1.jpg";"Type3";"128.6806551378";"37.9485750069";"6";"20230703080703";"7";"";"명주사(양양)";"25051";0
"강릉시 왕산면 용수길 11";"";"32";"0";"A02";"A0203";"A02030100";"128293";"12";"20050308090000";"http://tong.visitkorea.or.kr/cms/resource/50/2050650_image2_1.jpg";"http://tong.visitkorea.or.kr/cms/resource/50/2050650_image3_1.jpg";"Type3";"128.7785935029";"37.5878658813";"6";"20230926153943";"1";"";"강릉 대기리마을";"25642";0
"삼척시 도계읍 문의재로 1113";"";"32";"0";"A02";"A0203";"A02030100";"128295";"12";"20050309090000";"http://tong.visitkorea.or.kr/cms/resource/68/2026468_image2_1.jpg";"http://tong.visitkorea.or.kr/cms/resource/68/2026468_image3_1.jpg";"Type3";"129.1293965923";"37.1837942045";"6";"20231016155422";"4";"";"삼척 너와마을";"25952";0
"춘천시 북산면 부귀리";"";"32";"0";"A02";"A0203";"A02030100";"128297";"12";"20050309090000";"http://tong.visitkorea.or.kr/cms/resource/90/604790_image2_1.jpg";"http://tong.visitkorea.or.kr/cms/resource/90/604790_image3_1.jpg";"Type3";"127.8677251986";"37.9794781054";"6";"20240108102438";"13";"";"물안마을";"209-826,1";0
"여주시 금사면 장흥로 94";"";"31";"0";"A02";"A0203";"A02030100";"128303";"12";"20050309090000";"http://tong.visitkorea.or.kr/cms/resource/32/2481332_image2_1.jpg";"http://tong.visitkorea.or.kr/cms/resource/32/2481332_image2_1.jpg";"Type3";"127.4734537141";"37.3754853622";"6";"20230720145530";"20";"";"사슴마을";"12604";0
"여수시 돌산읍 향일암로 359";"(돌산읍)";"38";"0";"A02";"A0203";"A02030100";"128313";"12";"20050311090000";"http://tong.visitkorea.or.kr/cms/resource/37/3027337_image2_1.jpg";"http://tong.visitkorea.or.kr/cms/resource/37/3027337_image3_1.jpg";"Type3";"127.7876948625";"34.6049811875";"6";"20231027191031";"13";"";"돌산갓 장터마을";"59778";0
"남원시 인월면 인월서길 42";"";"37";"0";"A02";"A0203";"A02030100";"128320";"12";"202401181743";"http://tong.visitkorea.or.kr/cms/resource/83/2629983_image2_1.bmp";"http://tong.visitkorea.or.kr/cms/resource/83/2629983_image2_1.bmp";"Type3";"127.5926289472";"35.4568820232";"6";"20240118174312";"4";"";"달오름마을";"55715";0
"서천군 기산면 화출길42번길 2-10";"";"34";"0";"A02";"A0203";"A02030100";"128332";"12";"20050311090000";"http://tong.visitkorea.or.kr/cms/resource/24/3043824_image2_1.jpg";"http://tong.visitkorea.or.kr/cms/resource/24/3043824_image3_1.jpg";"Type3";"126.7712469245";"36.0754557892";"6";"20231120112957";"8";"";"서천이색체험마을";"33628";0
"논산시 양촌면 황산벌로380번길 15";"";"34";"0";"A02";"A0203";"A02030100";"128335";"12";"20050314090000";"http://tong.visitkorea.or.kr/cms/resource/43/2489543_image2_1.jpg";"http://tong.visitkorea.or.kr/cms/resource/43/2489543_image2_1.jpg";"Type3";"127.2438531159";"36.1345378040";"6";"20230329105536";"3";"";"도정딸기마을";"33022";0
"평창군 대화면 선애길 90";"(대화면)";"32";"0";"A02";"A0203";"A02030100";"128341";"12";"20050314090000";"http://tong.visitkorea.or.kr/cms/resource/35/2494535_image2_1.jpg";"http://tong.visitkorea.or.kr/cms/resource/35/2494535_image2_1.jpg";"Type3";"128.4026891251";"37.4736107626";"6";"20230702190301";"15";"";"배두둑호박넝쿨마을";"25362";0
"안산시 단원구 선감동";"(선감동)";"31";"0";"A01";"A0101";"A01011600";"128346";"12";"20050401090000";"http://tong.visitkorea.or.kr/cms/resource/54/1589654_image2_1.jpg";"http://tong.visitkorea.or.kr/cms/resource/54/1589654_image3_1.jpg";"Type3";"126.6322686486";"37.1872782256";"6";"20231117103820";"15";"";"누에섬 등대전망대";"15652";0
"강릉시 신리천로 527-3 복사꽃정보마을센타";"";"32";"0";"A02";"A0203";"A02030100";"128359";"12";"20050414090000";"http://tong.visitkorea.or.kr/cms/resource/46/2480146_image2_1.jpg";"http://tong.visitkorea.or.kr/cms/resource/46/2480146_image2_1.jpg";"Type3";"128.7773762919";"37.8801348222";"6";"20240418135138";"1";"";"강릉 복사꽃마을";"25402";0
"강릉시 옥계면 풍동로 406";"(옥계면)";"32";"0";"A02";"A0203";"A02030100";"128360";"12";"20050414090000";"http://tong.visitkorea.or.kr/cms/resource/89/2480189_image2_1.jpg";"http://tong.visitkorea.or.kr/cms/resource/89/2480189_image2_1.jpg";"Type3";"128.9916900986";"37.6176360265";"6";"20230803132907";"1";"";"강릉 한울타리마을";"25637";0
"화천군 화천읍 호음로 806";"(화천읍)";"32";"0";"A02";"A0203";"A02030100";"128375";"12";"20050418090000";"http://tong.visitkorea.or.kr/cms/resource/14/2494614_image2_1.jpg";"http://tong.visitkorea.or.kr/cms/resource/14/2494614_image2_1.jpg";"Type3";"127.7900417505";"38.1264595181";"6";"20230703202821";"17";"";"산속호수마을";"24110";0
"보은군 속리산면 구병길 6";"";"33";"0";"A02";"A0203";"A02030100";"128383";"12";"20050418090000";"http://tong.visitkorea.or.kr/cms/resource/49/2517149_image2_1.jpg";"http://tong.visitkorea.or.kr/cms/resource/49/2517149_image2_1.jpg";"Type3";"127.8712876872";"36.4798428886";"6";"20230328111856";"3";"";"구병리아름마을";"28909";0
"강화군 내가면 황청포구로385번길 8";"";"2";"0";"A02";"A0203";"A02030100";"128385";"12";"20050419090000";"http://tong.visitkorea.or.kr/cms/resource/15/2512715_image2_1.jpg";"http://tong.visitkorea.or.kr/cms/resource/15/2512715_image2_1.jpg";"Type3";"126.3604121578";"37.7184755935";"6";"20231113101104";"1";"";"강화 용두레마을";"23017";0
"금산군 제원면 바리실길 206";"";"34";"0";"A02";"A0203";"A02030100";"128391";"12";"20050419090000";"http://tong.visitkorea.or.kr/cms/resource/33/2518233_image2_1.jpg";"http://tong.visitkorea.or.kr/cms/resource/33/2518233_image2_1.jpg";"Type3";"127.5242947789";"36.1341955734";"6";"20230202104322";"2";"";"금산 바리실마을";"32719";0
"서산시 대산읍 운산나루터길 37-16";"";"34";"0";"A02";"A0203";"A02030100";"128397";"12";"20050420090000";"http://tong.visitkorea.or.kr/cms/resource/86/2519886_image2_1.jpg";"http://tong.visitkorea.or.kr/cms/resource/86/2519886_image2_1.jpg";"Type3";"126.4654435138";"36.9311966194";"6";"20230725110307";"7";"";"서산 회포마을";"31908";0
"남원시 아영면 흥부1길 48-1";"";"37";"0";"A02";"A0201";"A02010600";"128402";"12";"202401181743";"http://tong.visitkorea.or.kr/cms/resource/50/2515250_image2_1.jpg";"http://tong.visitkorea.or.kr/cms/resource/50/2515250_image2_1.jpg";"Type3";"127.5831309193";"35.5196025406";"6";"20240118174312";"4";"";"남원 흥부마을";"55711";0
"청양군 대치면 가파로 506-6";"";"34";"0";"A02";"A0203";"A02030100";"128418";"12";"20070914090000";"http://tong.visitkorea.or.kr/cms/resource/20/2629520_image2_1.bmp";"http://tong.visitkorea.or.kr/cms/resource/20/2629520_image2_1.bmp";"Type3";"126.8796427201";"36.4976315311";"6";"20230802192220";"13";"";"가파마을";"33341";0
"사천시 정동면 고읍길 223";"";"36";"0";"A02";"A0203";"A02030100";"128439";"12";"20050428090000";"http://tong.visitkorea.or.kr/cms/resource/66/2536566_image2_1.jpg";"http://tong.visitkorea.or.kr/cms/resource/66/2536566_image2_1.jpg";"Type3";"128.0975947464";"35.0675903441";"6";"20230724170256";"8";"";"사천고읍단감마을";"52522";0
"제주시 조천읍 비자림로 702-57";"";"39";"0";"A02";"A0203";"A02030100";"128443";"12";"20050428090000";"http://tong.visitkorea.or.kr/cms/resource/12/2028712_image2_1.jpg";"http://tong.visitkorea.or.kr/cms/resource/12/2028712_image3_1.jpg";"Type3";"126.6780668288";"33.4314987022";"6";"20231205175317";"4";"";"교래 삼다수마을";"63346";0
"부안군 변산면 모항길 107";"";"37";"0";"A02";"A0203";"A02030100";"128448";"12";"20050503090000";"http://tong.visitkorea.or.kr/cms/resource/32/2367232_image2_1.jpg";"http://tong.visitkorea.or.kr/cms/resource/32/2367232_image3_1.jpg";"Type3";"126.5142156990";"35.5880236501";"6";"20240118101256";"6";"";"모항어촌체험마을";"56340";0
"보성군 웅치면 유봉길 55";"";"38";"0";"A02";"A0203";"A02030100";"128461";"12";"20050504090000";"http://tong.visitkorea.or.kr/cms/resource/31/1970931_image2_1.jpg";"http://tong.visitkorea.or.kr/cms/resource/31/1970931_image3_1.jpg";"Type3";"127.0520734038";"34.7063572847";"6";"20231209175908";"10";"";"삼수마을";"59449";0
"고령군 쌍림면 개실1길 29";"(쌍림면)";"35";"0";"A02";"A0203";"A02030100";"128474";"12";"20050509090000";"http://tong.visitkorea.or.kr/cms/resource/14/2629214_image2_1.bmp";"http://tong.visitkorea.or.kr/cms/resource/14/2629214_image2_1.bmp";"Type3";"128.2274589909";"35.6677222637";"6";"20231220164538";"3";"";"개실마을";"40165";0
"고성군 대가면 유흥3길 51-6";"";"36";"0";"A02";"A0203";"A02030100";"128490";"12";"20050511090000";"http://tong.visitkorea.or.kr/cms/resource/20/2486420_image2_1.jpg";"http://tong.visitkorea.or.kr/cms/resource/20/2486420_image2_1.jpg";"Type3";"128.2955148446";"35.0182271819";"6";"20230602110729";"3";"";"삼계마을";"52928";0
"사천시 서포면 다평로 2";"";"36";"0";"A02";"A0203";"A02030100";"128494";"12";"20050512090000";"http://tong.visitkorea.or.kr/cms/resource/66/2484966_image2_1.jpg";"http://tong.visitkorea.or.kr/cms/resource/66/2484966_image2_1.jpg";"Type3";"127.9430744579";"34.9796530448";"6";"20230727113459";"8";"";"다맥 어촌체험마을";"52544";0
"양산시 원동면 장선2길 30";"";"36";"0";"A02";"A0203";"A02030100";"128497";"12";"20050512090000";"http://tong.visitkorea.or.kr/cms/resource/52/2486152_image2_1.jpg";"http://tong.visitkorea.or.kr/cms/resource/52/2486152_image2_1.jpg";"Type3";"128.9964710567";"35.5015967617";"6";"20230321153900";"10";"";"배내골장선휴마을";"50500";0
"진주시 명석면 관덕길 174";"(명석면)";"36";"0";"A02";"A0203";"A02030100";"128498";"12";"20050512090000";"http://tong.visitkorea.or.kr/cms/resource/48/2629048_image2_1.bmp";"http://tong.visitkorea.or.kr/cms/resource/48/2629048_image2_1.bmp";"Type3";"128.0324121006";"35.2586565930";"6";"20230328111610";"13";"";"가뫼골마을";"52641";0
"괴산군 사리면 모래재로 646-8";"(사리면)";"33";"0";"A02";"A0204";"A02040800";"128512";"12";"20050517090000";"http://tong.visitkorea.or.kr/cms/resource/42/3062542_image2_1.JPG";"http://tong.visitkorea.or.kr/cms/resource/42/3062542_image3_1.JPG";"Type3";"127.6813205613";"36.8062547967";"6";"20231208095412";"1";"";"보광산관광농원";"28047";0
"안성시 양성면 덕봉리 108";"";"31";"0";"A02";"A0201";"A02010700";"128535";"12";"20050526090000";"http://tong.visitkorea.or.kr/cms/resource/42/1954542_image2_1.jpg";"http://tong.visitkorea.or.kr/cms/resource/42/1954542_image3_1.jpg";"Type3";"127.1921690189";"37.0462266745";"6";"20240125152550";"16";"";"덕봉서원";"17503";0
"안성시 죽산면 미륵당길 32-2";"";"31";"0";"A02";"A0201";"A02010700";"128537";"12";"20050526090000";"http://tong.visitkorea.or.kr/cms/resource/72/2480972_image2_1.jpg";"http://tong.visitkorea.or.kr/cms/resource/72/2480972_image2_1.jpg";"Type3";"127.4349432263";"37.0850737816";"6";"20231228160143";"16";"";"매산리석불입상";"17518";0
"안성시 양성면 방신리";"";"31";"0";"A02";"A0201";"A02010200";"128546";"12";"20050527090000";"http://tong.visitkorea.or.kr/cms/resource/84/486084_image2_1.jpg";"http://tong.visitkorea.or.kr/cms/resource/84/486084_image3_1.jpg";"Type3";"127.1699685382";"37.0357747059";"6";"20231205175715";"16";"";"무양산성(무한성)";"17503";0
"안동시 도산면 가송길 162-133";"";"35";"0";"A02";"A0201";"A02010400";"128559";"12";"20050712090000";"http://tong.visitkorea.or.kr/cms/resource/76/2666776_image2_1.jpg";"http://tong.visitkorea.or.kr/cms/resource/76/2666776_image3_1.jpg";"Type3";"128.8849392446";"36.7639014929";"6";"20230203104757";"11";"";"농암종택";"36603";0
"양양군 현남면 매바위길 127";"(현남면)";"32";"0";"A02";"A0203";"A02030100";"128562";"12";"20050726090000";"http://tong.visitkorea.or.kr/cms/resource/58/3071558_image2_1.jpg";"http://tong.visitkorea.or.kr/cms/resource/58/3071558_image3_1.jpg";"Type3";"128.7861179475";"37.9445802992";"6";"20231215164006";"7";"";"남애어촌체험마을";"25057";0
"곡성군 오곡면 기차마을로 232";"";"38";"0";"A02";"A0203";"A02030100";"128578";"12";"20050913090000";"http://tong.visitkorea.or.kr/cms/resource/89/2032689_image2_1.jpg";"http://tong.visitkorea.or.kr/cms/resource/89/2032689_image3_1.jpg";"Type3";"127.3082975874";"35.2775723415";"6";"20240311141215";"3";"";"섬진강기차마을";"57544";0
"과천시 자하동길 18";"";"31";"0";"A02";"A0201";"A02010700";"128580";"12";"20050914090000";"http://tong.visitkorea.or.kr/cms/resource/49/734349_image2_1.jpg";"http://tong.visitkorea.or.kr/cms/resource/49/734349_image3_1.jpg";"Type3";"126.9874128521";"37.4335476279";"6";"20230912164329";"3";"";"과천향교";"13800";0
"과천시 교육원로 41";"(갈현동)";"31";"0";"A02";"A0201";"A02010800";"128581";"12";"20050914090000";"http://tong.visitkorea.or.kr/cms/resource/86/2687586_image2_1.jpg";"http://tong.visitkorea.or.kr/cms/resource/86/2687586_image3_1.jpg";"Type3";"126.9847800602";"37.4228210476";"6";"20230317142034";"3";"";"보광사(과천)";"13841";0
"안산시 단원구 개건너길 78";"(선감동)";"31";"0";"A02";"A0203";"A02030100";"128599";"12";"20050926090000";"http://tong.visitkorea.or.kr/cms/resource/80/2481380_image2_1.jpg";"http://tong.visitkorea.or.kr/cms/resource/80/2481380_image2_1.jpg";"Type3";"126.6298901758";"37.2205604384";"6";"20230503151342";"15";"";"선감어촌체험마을";"15651";3638
"동해시 대진항길 46";"(대진동)";"32";"0";"B02";"B0201";"B02011000";"128602";"12";"20050926090000";"http://tong.visitkorea.or.kr/cms/resource/46/2494346_image2_1.jpg";"http://tong.visitkorea.or.kr/cms/resource/46/2494346_image2_1.jpg";"Type3";"129.1115971051";"37.5818591651";"6";"20230703181241";"3";"";"대진마을";"25707";0
"고창군 심원면 애향갯벌로 320";"";"37";"0";"A02";"A0203";"A02030100";"128609";"12";"20050926090000";"http://tong.visitkorea.or.kr/cms/resource/39/3055139_image2_1.jpg";"http://tong.visitkorea.or.kr/cms/resource/39/3055139_image3_1.jpg";"Type3";"126.5150115273";"35.5301302431";"6";"20240118104520";"1";"";"만돌갯벌체험학습장";"56401";0
"기장군 기장읍 공수해안길 13-2";"";"6";"0";"A02";"A0203";"A02030100";"128610";"12";"20050926090000";"http://tong.visitkorea.or.kr/cms/resource/32/2504632_image2_1.jpg";"http://tong.visitkorea.or.kr/cms/resource/32/2504632_image2_1.jpg";"Type3";"129.2111944455";"35.1844585662";"6";"20230703154223";"3";"";"공수어촌체험마을";"46084";0
"성동구 뚝섬로 273";"";"1";"0";"A02";"A0202";"A02020700";"128611";"12";"20050927090000";"http://tong.visitkorea.or.kr/cms/resource/00/2611300_image2_1.bmp";"http://tong.visitkorea.or.kr/cms/resource/00/2611300_image2_1.bmp";"Type3";"127.0418131384";"37.5431247707";"6";"20240417173453";"16";"02-460-2905";"서울숲";"04770";0
"경주시 남산1길 17";"(남산동)";"35";"0";"A01";"A0101";"A01010500";"128612";"12";"20050927090000";"http://tong.visitkorea.or.kr/cms/resource/20/214720_image2_1.jpg";"http://tong.visitkorea.or.kr/cms/resource/20/214720_image3_1.jpg";"Type3";"129.2420218400";"35.7964653616";"6";"20230718142751";"2";"문화관광과(관광홍보) 054-779-6079<br /> 
관광안내소(경주역) 054-772-3843";"경주 서출지";"38174";0
"거제시 남부면 도장포2길 24-1";"";"36";"0";"A02";"A0203";"A02030100";"128613";"12";"20050927090000";"http://tong.visitkorea.or.kr/cms/resource/34/2485634_image2_1.jpg";"http://tong.visitkorea.or.kr/cms/resource/34/2485634_image2_1.jpg";"Type3";"128.6638039493";"34.7417174870";"6";"20230215150221";"1";"";"도장포어촌체험마을";"53334";0
"서대문구 통일로 251";"(현저동)";"1";"0";"A02";"A0202";"A02020700";"128622";"12";"20050929090000";"http://tong.visitkorea.or.kr/cms/resource/03/2413903_image2_1.jpg";"http://tong.visitkorea.or.kr/cms/resource/03/2413903_image3_1.jpg";"Type3";"126.9556450402";"37.5766554381";"6";"20230313132513";"14";"";"서대문독립공원";"03732";0
"파주시 광탄면 부흥로 242";"";"31";"0";"A01";"A0101";"A01010700";"128626";"12";"20070831090000";"http://tong.visitkorea.or.kr/cms/resource/00/2713100_image2_1.jpg";"http://tong.visitkorea.or.kr/cms/resource/00/2713100_image2_1.jpg";"Type3";"126.8745266442";"37.8005084799";"6";"20240325145328";"27";"";"벽초지수목원";"10831";253543
"경주시 탑동";"(탑동)700-1";"35";"0";"A02";"A0201";"A02010700";"128635";"12";"20051107090000";"http://tong.visitkorea.or.kr/cms/resource/12/3028712_image2_1.jpg";"http://tong.visitkorea.or.kr/cms/resource/12/3028712_image3_1.jpg";"Type3";"129.2126238598";"35.8159876042";"6";"20231117150728";"2";"";"경주 나정";"38173";0
"경주시 외동읍 신계입실길 139";"";"35";"0";"A02";"A0201";"A02010700";"128638";"12";"20051108090000";"http://tong.visitkorea.or.kr/cms/resource/04/219704_image2_1.jpg";"http://tong.visitkorea.or.kr/cms/resource/04/219704_image3_1.jpg";"Type3";"129.3196077722";"35.7593515686";"5";"20231205162913";"2";"";"경주 원성왕릉";"38210";0
"경주시 감포읍 대밑길 12-14";"(감포읍)";"35";"0";"A02";"A0201";"A02010700";"128651";"12";"20051111090000";"http://tong.visitkorea.or.kr/cms/resource/74/2493174_image2_1.jpg";"http://tong.visitkorea.or.kr/cms/resource/74/2493174_image2_1.jpg";"Type3";"129.4837271913";"35.7442147219";"6";"20230714150934";"2";"";"경주 이견대";"38123";0
"진주시 금곡면 죽곡길 102";"";"36";"0";"A02";"A0201";"A02010700";"128671";"12";"20051118090000";"http://tong.visitkorea.or.kr/cms/resource/22/3040222_image2_1.jpg";"http://tong.visitkorea.or.kr/cms/resource/22/3040222_image3_1.jpg";"Type3";"128.1779263737";"35.0763157913";"6";"20231122182538";"13";"";"남악서원";"52843";0
"함안군 칠서면 무릉길 75";"(칠서면)";"36";"0";"A02";"A0201";"A02010700";"128684";"12";"20051123090000";"http://tong.visitkorea.or.kr/cms/resource/49/3077449_image2_1.jpg";"http://tong.visitkorea.or.kr/cms/resource/49/3077449_image3_1.jpg";"Type3";"128.5159429644";"35.3238523809";"6";"20240102105621";"19";"";"무산사";"52015";0
"함안군 산인면 모곡2길 53";"";"36";"0";"A02";"A0201";"A02010700";"128688";"12";"20051123090000";"http://tong.visitkorea.or.kr/cms/resource/19/2484419_image2_1.jpg";"http://tong.visitkorea.or.kr/cms/resource/19/2484419_image2_1.jpg";"Type3";"128.4600491327";"35.2765289124";"6";"20231101135803";"19";"";"고려동유적지";"52032";0
"예산군 덕산면";"";"34";"0";"A01";"A0101";"A01010400";"128701";"12";"20051201090000";"http://tong.visitkorea.or.kr/cms/resource/78/2357878_image2_1.jpg";"http://tong.visitkorea.or.kr/cms/resource/78/2357878_image3_1.jpg";"Type3";"126.6217391894";"36.6679463582";"6";"20231205155529";"11";"";"덕숭산";"32407";0
"경주시 남산동";"";"35";"0";"A01";"A0101";"A01010400";"128704";"12";"20051208090000";"http://tong.visitkorea.or.kr/cms/resource/50/2037050_image2_1.jpg";"http://tong.visitkorea.or.kr/cms/resource/50/2037050_image3_1.jpg";"Type3";"129.2305315346";"35.7839887738";"6";"20231120111621";"2";"";"경주 남산";"38174";0
"강릉시 강동면 헌화로 990-1";"";"32";"0";"A02";"A0202";"A02020700";"128721";"12";"20060102090000";"http://tong.visitkorea.or.kr/cms/resource/49/2654549_image2_1.jpg";"http://tong.visitkorea.or.kr/cms/resource/49/2654549_image3_1.jpg";"Type3";"129.0375504951";"37.6871677820";"6";"20240105142847";"1";"";"모래시계공원";"25631";0
"군포시 대야2로 139";"(대야미동)";"31";"0";"A01";"A0101";"A01010500";"128730";"12";"20060103090000";"http://tong.visitkorea.or.kr/cms/resource/83/2480883_image2_1.jpg";"http://tong.visitkorea.or.kr/cms/resource/83/2480883_image2_1.jpg";"Type3";"126.9153139680";"37.3303110931";"6";"20230725163659";"7";"";"누리천문대";"15886";0
"상주시 낙동면 양진당길 27-4";"";"35";"0";"A02";"A0201";"A02010700";"128737";"12";"20060123090000";"http://tong.visitkorea.or.kr/cms/resource/34/181134_image2_1.jpg";"http://tong.visitkorea.or.kr/cms/resource/34/181134_image3_1.jpg";"Type3";"128.2290173891";"36.3641904147";"6";"20240126142813";"9";"";"상주 양진당";"37252";0
"상주시 낙동면 선상서로 1975";"";"35";"0";"A02";"A0201";"A02010700";"128739";"12";"20060123090000";"http://tong.visitkorea.or.kr/cms/resource/51/181151_image2_1.jpg";"http://tong.visitkorea.or.kr/cms/resource/51/181151_image3_1.jpg";"Type3";"128.2266538163";"36.3604352438";"6";"20230915165716";"9";"";"상주오작당";"37252";0
"상주시 도남2길 91";"(도남동)";"35";"0";"A02";"A0201";"A02010700";"128741";"12";"20060123090000";"http://tong.visitkorea.or.kr/cms/resource/56/3031056_image2_1.jpg";"http://tong.visitkorea.or.kr/cms/resource/56/3031056_image3_1.jpg";"Type1";"128.2543296669";"36.4400794433";"6";"20231117181913";"9";"";"도남서원";"37242";0
"횡성군 청일면 청일로 909-88";"(청일면)";"32";"0";"A02";"A0201";"A02010800";"128747";"12";"20060123090000";"http://tong.visitkorea.or.kr/cms/resource/54/181254_image2_1.jpg";"http://tong.visitkorea.or.kr/cms/resource/54/181254_image3_1.jpg";"Type3";"128.2262457809";"37.5975986378";"6";"20231117110446";"18";"";"봉복사(횡성)";"25255";0
"여수시 오천동";"";"38";"0";"A01";"A0101";"A01011200";"128753";"12";"20060124090000";"http://tong.visitkorea.or.kr/cms/resource/43/3027343_image2_1.jpg";"http://tong.visitkorea.or.kr/cms/resource/43/3027343_image3_1.jpg";"Type3";"127.7557650074";"34.7965564174";"6";"20231027195442";"13";"";"모사금해수욕장";"59621";0
"영월군 수주면";"(수주면)";"32";"0";"A01";"A0101";"A01010900";"128754";"12";"20060124090000";"http://tong.visitkorea.or.kr/cms/resource/77/3039977_image2_1.jpg";"http://tong.visitkorea.or.kr/cms/resource/77/3039977_image3_1.jpg";"Type3";"128.2591872834";"37.3159345825";"6";"20231115142817";"8";"";"법흥계곡";"26201";0
"여수시 돌산읍 우두리 산 1";"";"38";"0";"A01";"A0101";"A01010500";"128755";"12";"20090924224951";"http://tong.visitkorea.or.kr/cms/resource/19/2653419_image2_1.jpg";"http://tong.visitkorea.or.kr/cms/resource/19/2653419_image3_1.jpg";"Type3";"127.7415234884";"34.7305968920";"6";"20240311164833";"13";"";"돌산공원";"59767";0
"강릉시 창해로 514";"(안현동)";"32";"0";"A01";"A0101";"A01011200";"128758";"12";"20060124090000";"http://tong.visitkorea.or.kr/cms/resource/22/2671422_image2_1.jpg";"http://tong.visitkorea.or.kr/cms/resource/22/2671422_image3_1.jpg";"Type3";"128.9074446419";"37.8057293080";"6";"20240320161049";"1";"";"강릉 경포해수욕장";"25460";0
"강릉시 운정길 125";"(운정동)";"32";"0";"A02";"A0201";"A02010400";"128759";"12";"20060125090000";"http://tong.visitkorea.or.kr/cms/resource/30/2480130_image2_1.jpg";"http://tong.visitkorea.or.kr/cms/resource/30/2480130_image2_1.jpg";"Type3";"128.8911356052";"37.7862090263";"6";"20230911165814";"1";"";"강릉 심상진가옥";"25464";0
"울릉군 울릉읍 도동1길";"";"35";"0";"A01";"A0101";"A01011400";"128768";"12";"20060126090000";"http://tong.visitkorea.or.kr/cms/resource/74/2547574_image2_1.jpg";"http://tong.visitkorea.or.kr/cms/resource/74/2547574_image3_1.jpg";"Type3";"130.9079098592";"37.4817542417";"6";"20230221093724";"17";"";"도동항";"40227";0
"인제군 북면 만해로 91";"(북면)";"32";"0";"A02";"A0201";"A02010600";"128775";"12";"20060202090000";"http://tong.visitkorea.or.kr/cms/resource/54/2601654_image2_1.jpg";"http://tong.visitkorea.or.kr/cms/resource/54/2601654_image3_1.jpg";"Type3";"128.3165558049";"38.1869097067";"6";"20230809161143";"10";"";"만해마을";"24606";0
"제주시 조천읍 북촌서1길 70";"";"39";"0";"A02";"A0202";"A02020700";"128777";"12";"20060203090000";"http://tong.visitkorea.or.kr/cms/resource/99/3077599_image2_1.jpg";"http://tong.visitkorea.or.kr/cms/resource/99/3077599_image3_1.jpg";"Type3";"126.6896605755";"33.5396035971";"6";"20240417180547";"4";"";"돌하르방미술관";"63339";0
"춘천시 서면 신매리";"68-4";"32";"0";"A02";"A0205";"A02050200";"128778";"12";"20060209090000";"http://tong.visitkorea.or.kr/cms/resource/71/181971_image2_1.jpg";"http://tong.visitkorea.or.kr/cms/resource/71/181971_image3_1.jpg";"Type3";"127.7130161606";"37.9167408445";"6";"20231123121517";"13";"";"강원 경찰충혼탑";"24460";0
"춘천시 서면";"";"32";"0";"A02";"A0205";"A02050200";"128780";"12";"20060213090000";"http://tong.visitkorea.or.kr/cms/resource/82/182082_image2_1.jpg";"http://tong.visitkorea.or.kr/cms/resource/82/182082_image3_1.jpg";"Type3";"127.6995581775";"37.9462121617";"6";"20230703144741";"13";"";"서상리삼층석탑";"24460";0
"속초시 설악산로 1085";"";"32";"0";"A02";"A0203";"A02030400";"128788";"12";"20060217090000";"http://tong.visitkorea.or.kr/cms/resource/22/2733322_image2_1.jpg";"http://tong.visitkorea.or.kr/cms/resource/22/2733322_image3_1.jpg";"Type3";"128.4890711013";"38.1730535382";"6";"20240315104431";"5";"";"설악산 케이블카";"24903";0
"고창군 무장면 무장읍성길 45";"";"37";"0";"A02";"A0201";"A02010700";"128790";"12";"20060220090000";"http://tong.visitkorea.or.kr/cms/resource/89/1938789_image2_1.jpg";"http://tong.visitkorea.or.kr/cms/resource/89/1938789_image3_1.jpg";"Type3";"126.5574299940";"35.4184297466";"6";"20240124101944";"1";"";"고창 무장객사";"56455";0
"제주시 구좌읍 하도리 3354";"(구좌읍)";"39";"0";"A02";"A0201";"A02010200";"128796";"12";"20060221090000";"http://tong.visitkorea.or.kr/cms/resource/38/192238_image2_1.jpg";"http://tong.visitkorea.or.kr/cms/resource/38/192238_image3_1.jpg";"Type3";"126.8843912035";"33.5262082208";"6";"20231114145359";"4";"";"별방진";"63359";0
"영월군 무릉도원면 법흥리";"";"32";"0";"A01";"A0101";"A01010400";"128798";"12";"20060222090000";"http://tong.visitkorea.or.kr/cms/resource/90/182590_image2_1.jpg";"http://tong.visitkorea.or.kr/cms/resource/90/182590_image3_1.jpg";"Type3";"128.2645935065";"37.3708894546";"6";"20231115152429";"8";"";"사자산";"26201";0
"서귀포시 대정읍 송악관광로 424";"";"39";"0";"A02";"A0202";"A02020800";"128802";"12";"20060222090000";"http://tong.visitkorea.or.kr/cms/resource/33/2455533_image2_1.jpg";"http://tong.visitkorea.or.kr/cms/resource/33/2455533_image3_1.jpg";"Type3";"126.2905165994";"33.2074200956";"6";"20230621101055";"3";"";"마라도가는 여객선";"63513";0
"강남구 언주로172길 15";"";"1";"";"A04";"A0401";"A04010600";"1288095";"38";"20110526225509";"http://tong.visitkorea.or.kr/cms/resource/76/2544976_image2_1.jpg";"http://tong.visitkorea.or.kr/cms/resource/76/2544976_image2_1.jpg";"Type3";"127.0351669551";"37.5278375378";"6";"20231102101525";"1";"02-544-2793";"디아프바인";"06017";0
"해운대구 우동";"(동백섬)";"6";"0";"A02";"A0202";"A02020700";"128810";"12";"20060228090000";"http://tong.visitkorea.or.kr/cms/resource/20/200020_image2_1.jpg";"http://tong.visitkorea.or.kr/cms/resource/20/200020_image3_1.jpg";"Type3";"129.1521170882";"35.1539081129";"6";"20231027122504";"16";"";"동백공원";"48100";0
"강화군 강화읍 국화리";"";"2";"0";"A02";"A0201";"A02010300";"128813";"12";"20060306090000";"http://tong.visitkorea.or.kr/cms/resource/52/2512552_image2_1.jpg";"http://tong.visitkorea.or.kr/cms/resource/52/2512552_image2_1.jpg";"Type3";"126.4756785763";"37.7468243111";"6";"20231213152918";"1";"";"강화 석수문";"23033";0
"해남군 산이면 예덕길 125-89";"(산이면)";"38";"0";"A02";"A0204";"A02040800";"128815";"12";"20060307090000";"http://tong.visitkorea.or.kr/cms/resource/66/1802566_image2_1.jpg";"http://tong.visitkorea.or.kr/cms/resource/66/1802566_image3_1.jpg";"Type3";"126.4634132990";"34.6242734046";"6";"20231210170007";"23";"";"보해매실농원";"59012";0
"강화군 강화읍 관청리";"416";"2";"0";"A02";"A0205";"A02050200";"128816";"12";"20060308090000";"http://tong.visitkorea.or.kr/cms/resource/68/183068_image2_1.jpg";"http://tong.visitkorea.or.kr/cms/resource/68/183068_image3_1.jpg";"Type3";"126.4848665784";"37.7484326191";"6";"20231117163651";"1";"";"김상용순절비";"23031";0
"가평군 북면 조무락골길 132";"";"31";"0";"A01";"A0101";"A01010900";"1288166";"12";"20110526235027";"http://tong.visitkorea.or.kr/cms/resource/31/2617231_image2_1.jpg";"http://tong.visitkorea.or.kr/cms/resource/31/2617231_image2_1.jpg";"Type3";"127.4446037739";"38.0363524765";"";"20230623163627";"1";"";"도마치계곡";"12400";0
"강화군 삼산면 어류정길212번길";"(삼산면) 일대";"2";"0";"A01";"A0101";"A01011200";"128818";"12";"20060308090000";"http://tong.visitkorea.or.kr/cms/resource/93/2363693_image2_1.jpg";"http://tong.visitkorea.or.kr/cms/resource/93/2363693_image3_1.jpg";"Type3";"126.3328054311";"37.6515995762";"6";"20230502101159";"1";"";"민머루해변";"23007";0
"해운대구 APEC로 58";"";"6";"0";"A02";"A0202";"A02020700";"128828";"12";"20060310090000";"http://tong.visitkorea.or.kr/cms/resource/54/2504654_image2_1.jpg";"http://tong.visitkorea.or.kr/cms/resource/54/2504654_image2_1.jpg";"Type3";"129.1331740011";"35.1644621364";"6";"20230113145154";"16";"";"부산 올림픽동산";"48060";0
"서구 암남공원로 185";"(암남동)";"6";"0";"A02";"A0202";"A02020700";"128829";"12";"20060310090000";"http://tong.visitkorea.or.kr/cms/resource/17/1783617_image2_1.jpg";"http://tong.visitkorea.or.kr/cms/resource/17/1783617_image3_1.jpg";"Type3";"129.0151037432";"35.0616492424";"6";"20240306152356";"11";"";"부산 암남공원";"49276";0
"금정구 장전동 산 43-1";"";"6";"0";"A01";"A0101";"A01010700";"128830";"12";"20190627030503";"http://tong.visitkorea.or.kr/cms/resource/04/3070504_image2_1.JPG";"http://tong.visitkorea.or.kr/cms/resource/04/3070504_image3_1.JPG";"Type3";"129.0770632920";"35.2264763727";"6";"20231215115705";"2";"";"금강식물원";"46240";0
"군산시 나포면 군둔길 226";"";"37";"0";"A02";"A0201";"A02010800";"128833";"12";"20060313090000";"http://tong.visitkorea.or.kr/cms/resource/77/1603777_image2_1.jpg";"http://tong.visitkorea.or.kr/cms/resource/77/1603777_image3_1.jpg";"Type3";"126.8468887036";"36.0246823339";"6";"20240118100645";"2";"";"불주사(불지사)";"54048";0
"성북구 선잠로5길 68";"(성북동)";"1";"0";"A02";"A0201";"A02010800";"128866";"12";"20060323090000";"http://tong.visitkorea.or.kr/cms/resource/96/1927896_image2_1.jpg";"http://tong.visitkorea.or.kr/cms/resource/96/1927896_image3_1.jpg";"Type3";"126.9946241836";"37.5990951960";"6";"20240315150852";"17";"";"길상사(서울)";"02839";0
"종로구 종로63가길 31";"(숭인동)";"1";"0";"A02";"A0201";"A02010800";"128872";"12";"20060330090000";"http://tong.visitkorea.or.kr/cms/resource/08/1927908_image2_1.jpg";"http://tong.visitkorea.or.kr/cms/resource/08/1927908_image3_1.jpg";"Type3";"127.0187670996";"37.5754261586";"6";"20231208121453";"23";"";"묘각사(서울)";"03112";0
"계룡시 엄사면 향적산길 129";"";"34";"0";"A02";"A0201";"A02010800";"128874";"12";"20060330090000";"http://tong.visitkorea.or.kr/cms/resource/06/3057306_image2_1.JPG";"http://tong.visitkorea.or.kr/cms/resource/06/3057306_image3_1.JPG";"Type3";"127.2123128391";"36.2917581729";"6";"20231204145236";"16";"";"무상사(계룡)";"32816";0
"태안군 소원면 의항리";"";"34";"0";"A01";"A0101";"A01011200";"128892";"12";"20060405090000";"http://tong.visitkorea.or.kr/cms/resource/46/2671546_image2_1.jpg";"http://tong.visitkorea.or.kr/cms/resource/46/2671546_image3_1.jpg";"Type3";"126.1524439067";"36.8353662132";"6";"20230707105016";"14";"";"구름포해수욕장";"32121";0
"태안군 안면읍 정당리 1313-1";"";"34";"0";"A01";"A0101";"A01011200";"128893";"12";"20060405090000";"http://tong.visitkorea.or.kr/cms/resource/70/2716370_image2_1.jpg";"http://tong.visitkorea.or.kr/cms/resource/70/2716370_image3_1.jpg";"Type3";"126.3296771805";"36.5437056457";"6";"20230802211239";"14";"";"두여해수욕장";"32163";0
"태안군 고남면 장곡리";"";"34";"0";"A01";"A0101";"A01011200";"128895";"12";"20060405090000";"http://tong.visitkorea.or.kr/cms/resource/83/3055583_image2_1.jpg";"http://tong.visitkorea.or.kr/cms/resource/83/3055583_image3_1.jpg";"Type3";"126.3769540951";"36.4133214441";"6";"20231209162453";"14";"";"바람아래해수욕장";"32170";0
"태안군 안면읍 샛별길 184-2";"";"34";"0";"A01";"A0101";"A01011200";"128897";"12";"20060406090000";"http://tong.visitkorea.or.kr/cms/resource/78/3055578_image2_1.jpg";"http://tong.visitkorea.or.kr/cms/resource/78/3055578_image3_1.jpg";"Type3";"126.3360401973";"36.4486777956";"6";"20231209162443";"14";"";"샛별해수욕장";"32169";0
"태안군 안면읍 승언리";"";"34";"0";"A01";"A0101";"A01011200";"128901";"12";"20060406090000";"http://tong.visitkorea.or.kr/cms/resource/93/3055593_image2_1.jpg";"http://tong.visitkorea.or.kr/cms/resource/93/3055593_image3_1.jpg";"Type3";"126.3307690830";"36.5309210243";"6";"20231209162514";"14";"";"밧개해수욕장";"32163";0
"태안군 안면읍 창기리";"";"34";"0";"A01";"A0101";"A01011200";"128902";"12";"20060406090000";"http://tong.visitkorea.or.kr/cms/resource/26/2716426_image2_1.jpg";"http://tong.visitkorea.or.kr/cms/resource/26/2716426_image3_1.jpg";"Type3";"126.3137999443";"36.5778208923";"6";"20230707130315";"14";"";"백사장해수욕장";"32162";0
"태안군 안면읍 해안관광로 745-19";"(기지포해변입구)";"34";"0";"A01";"A0101";"A01011200";"128903";"12";"20060406090000";"http://tong.visitkorea.or.kr/cms/resource/06/2716306_image2_1.jpg";"http://tong.visitkorea.or.kr/cms/resource/06/2716306_image3_1.jpg";"Type3";"126.3223467895";"36.5627088890";"6";"20230830163156";"14";"";"기지포해수욕장";"32162";0
"태안군 남면 신온리";"";"34";"0";"A01";"A0101";"A01011200";"128904";"12";"20060406090000";"http://tong.visitkorea.or.kr/cms/resource/08/2022708_image2_1.jpg";"http://tong.visitkorea.or.kr/cms/resource/08/2022708_image3_1.jpg";"Type3";"126.2887818232";"36.6136274526";"6";"20230707111013";"14";"";"마검포해수욕장";"32158";0
"고흥군 금산면 일원";"";"38";"0";"A01";"A0101";"A01011300";"128920";"12";"20060414090000";"http://tong.visitkorea.or.kr/cms/resource/97/2043897_image2_1.jpg";"http://tong.visitkorea.or.kr/cms/resource/97/2043897_image3_1.jpg";"Type3";"127.1657611721";"34.4593035380";"6";"20230713160253";"2";"";"거금도";"59566";0
"남해군 설천면 노량로 177";"";"36";"0";"A02";"A0202";"A02020800";"128942";"12";"20060425090000";"http://tong.visitkorea.or.kr/cms/resource/99/2563099_image2_1.JPG";"http://tong.visitkorea.or.kr/cms/resource/99/2563099_image2_1.JPG";"Type3";"127.8729065944";"34.9413227821";"6";"20230725144305";"5";"055-862-9842";"남해대교유람선";"52400";0
"군산시 비응로 6";"(비응도동)";"37";"0";"A02";"A0202";"A02020800";"128944";"12";"20060425090000";"http://tong.visitkorea.or.kr/cms/resource/54/2689954_image2_1.jpg";"http://tong.visitkorea.or.kr/cms/resource/54/2689954_image3_1.jpg";"Type3";"126.4131272888";"35.8165459289";"6";"20240118105545";"2";"";"선유도 월명유람선";"54003";0
"부여군 부여읍 나루터로 72";"";"34";"0";"A02";"A0202";"A02020800";"128945";"12";"20060425090000";"http://tong.visitkorea.or.kr/cms/resource/33/3079133_image2_1.jpg";"http://tong.visitkorea.or.kr/cms/resource/33/3079133_image3_1.jpg";"Type3";"126.9075651850";"36.2899502743";"6";"20240108143545";"6";"";"고란사유람선";"33137";0
"진안군 진안읍 마이산로 255";"";"37";"0";"A01";"A0102";"A01020200";"128974";"12";"202401181743";"http://tong.visitkorea.or.kr/cms/resource/34/3061534_image2_1.JPG";"http://tong.visitkorea.or.kr/cms/resource/34/3061534_image3_1.JPG";"Type3";"127.4127035856";"35.7596501179";"6";"20240118174312";"14";"";"마이산 타포니지형";"55438";0
"진안군 마령면 마이산남로 367";"";"37";"0";"A01";"A0101";"A01011900";"128976";"12";"20060519090000";"http://tong.visitkorea.or.kr/cms/resource/44/198644_image2_1.jpg";"http://tong.visitkorea.or.kr/cms/resource/44/198644_image3_1.jpg";"Type3";"127.4127035856";"35.7596501179";"6";"20240118105121";"14";"";"마이산 화엄굴";"55450";0
"오산시 청학로 211";"(수청동)";"31";"0";"A01";"A0101";"A01010700";"128986";"12";"20060530090000";"http://tong.visitkorea.or.kr/cms/resource/57/3057857_image2_1.JPG";"http://tong.visitkorea.or.kr/cms/resource/57/3057857_image3_1.JPG";"Type3";"127.0598415388";"37.1662493315";"6";"20231205095124";"22";"";"물향기수목원";"18118";315147
"용인시 기흥구 덕영대로 1732";"(서천동)";"31";"0";"A01";"A0101";"A01010500";"128988";"12";"20060530090000";"http://tong.visitkorea.or.kr/cms/resource/54/3062554_image2_1.jpg";"http://tong.visitkorea.or.kr/cms/resource/54/3062554_image3_1.jpg";"Type3";"127.0786766087";"37.2418853616";"6";"20231208100124";"23";"";"경희천문대";"17104";0
"구례군 토지면 운조루길 59";"";"38";"0";"A02";"A0201";"A02010400";"128994";"12";"20060612090000";"http://tong.visitkorea.or.kr/cms/resource/30/3018030_image2_1.jpg";"http://tong.visitkorea.or.kr/cms/resource/30/3018030_image3_1.jpg";"Type1";"127.5154422680";"35.2061200991";"6";"20240418144712";"5";"";"구례 운조루 고택";"57624";0
"동해시 촛대바위길 19";"(추암동)";"32";"0";"A02";"A0201";"A02010700";"128999";"12";"20060615090000";"http://tong.visitkorea.or.kr/cms/resource/24/2601824_image2_1.jpg";"http://tong.visitkorea.or.kr/cms/resource/24/2601824_image3_1.jpg";"Type3";"129.1590182465";"37.4791774839";"6";"20230703185431";"3";"";"동해 해암정";"25790";0
"춘천시 옛경춘로 880 (근화동)";"";"32";"0";"A02";"A0206";"A02060300";"129004";"12";"20060616090000";"http://tong.visitkorea.or.kr/cms/resource/31/3072531_image2_1.jpg";"http://tong.visitkorea.or.kr/cms/resource/31/3072531_image3_1.jpg";"Type3";"127.7126813699";"37.8732986704";"6";"20240123161343";"13";"";"공지천 조각공원";"24428";0
"횡성군 횡성읍 문예로";"(횡성읍)";"32";"0";"A01";"A0101";"A01011800";"129006";"12";"20060616090000";"http://tong.visitkorea.or.kr/cms/resource/72/187272_image2_1.jpg";"http://tong.visitkorea.or.kr/cms/resource/72/187272_image3_1.jpg";"Type3";"127.9777380120";"37.4927672096";"6";"20231117102536";"18";"";"섬강(섬강유원지)";"25237";0
"영덕군 병곡면 고래불로";"";"35";"0";"A01";"A0101";"A01011200";"129011";"12";"20060619090000";"http://tong.visitkorea.or.kr/cms/resource/54/187354_image2_1.jpg";"http://tong.visitkorea.or.kr/cms/resource/54/187354_image3_1.jpg";"Type3";"129.4233029061";"36.5675870048";"6";"20230915114120";"12";"";"덕천해수욕장";"36406";0
"삼척시 새천년도로 326";"(교동)";"32";"0";"A02";"A0206";"A02060300";"129012";"12";"20060620090000";"http://tong.visitkorea.or.kr/cms/resource/45/2716445_image2_1.jpg";"http://tong.visitkorea.or.kr/cms/resource/45/2716445_image3_1.jpg";"Type3";"129.1858804219";"37.4567250399";"6";"20230703200719";"4";"";"비치조각공원";"25910";0
"울진군 금강송면 불영계곡로 1797";"(금강송면) 부근";"35";"0";"A01";"A0102";"A01020200";"129014";"12";"20060620090000";"http://tong.visitkorea.or.kr/cms/resource/17/187417_image2_1.jpg";"http://tong.visitkorea.or.kr/cms/resource/17/187417_image3_1.jpg";"Type3";"129.2565760204";"36.9383248030";"6";"20231206171821";"18";"";"사랑바위";"36301";0
"안산시 단원구 구봉길 240";"";"31";"0";"A02";"A0203";"A02030100";"129018";"12";"20060621090000";"http://tong.visitkorea.or.kr/cms/resource/37/2609637_image2_1.jpg";"http://tong.visitkorea.or.kr/cms/resource/37/2609637_image3_1.jpg";"Type3";"126.5475460277";"37.2804270545";"6";"20230307104830";"15";"";"대부도 종현마을";"15639";0
"평택시 현덕면 평택호길 159";"";"31";"0";"B02";"B0201";"B02011000";"129020";"12";"20060621090000";"http://tong.visitkorea.or.kr/cms/resource/72/1939872_image2_1.jpg";"http://tong.visitkorea.or.kr/cms/resource/72/1939872_image3_1.jpg";"Type3";"126.9222885219";"36.9214807200";"6";"20231026095454";"28";"";"권관마을";"17972";0
"양양군 현북면 기사문리";"";"32";"0";"B02";"B0201";"B02011000";"129022";"12";"20060621090000";"http://tong.visitkorea.or.kr/cms/resource/93/3076893_image2_1.jpg";"http://tong.visitkorea.or.kr/cms/resource/93/3076893_image3_1.jpg";"Type3";"128.7283128303";"38.0092605575";"6";"20231229120318";"7";"";"기사문마을";"25047";0
"속초시 장안로4길";"(동명동)";"32";"0";"B02";"B0201";"B02011000";"129028";"12";"20060621090000";"http://tong.visitkorea.or.kr/cms/resource/67/677267_image2_1.jpg";"http://tong.visitkorea.or.kr/cms/resource/67/677267_image3_1.jpg";"Type3";"128.5931493405";"38.2113594328";"5";"20230919142855";"5";"";"동명마을";"24823";0
"속초시 대포항1길 6-13";"(대포동)";"32";"0";"B02";"B0201";"B02011000";"129032";"12";"20060621090000";"http://tong.visitkorea.or.kr/cms/resource/55/2494355_image2_1.jpg";"http://tong.visitkorea.or.kr/cms/resource/55/2494355_image2_1.jpg";"Type3";"128.6072936101";"38.1758166221";"6";"20230821103544";"5";"";"대포마을";"24901";0
"양양군 강현면 물치천로 28";"(강현면, 물치리마을회관) 일대";"32";"0";"B02";"B0201";"B02011000";"129033";"12";"20060621090000";"http://tong.visitkorea.or.kr/cms/resource/65/3077265_image2_1.jpg";"http://tong.visitkorea.or.kr/cms/resource/65/3077265_image3_1.jpg";"Type3";"128.6050639570";"38.1533886327";"6";"20231229163008";"7";"";"물치마을";"25000";0
"청송군 파천면 청송로 6070";"";"35";"0";"A01";"A0101";"A01010400";"129034";"12";"20060621090000";"http://tong.visitkorea.or.kr/cms/resource/59/187459_image2_1.jpg";"http://tong.visitkorea.or.kr/cms/resource/59/187459_image3_1.jpg";"Type3";"129.0298285728";"36.5000454718";"6";"20230718131524";"21";"";"목계솔밭";"37413";0
"보령시 웅천읍 열린바다2길 46";"";"34";"0";"A02";"A0203";"A02030100";"129044";"12";"20060622090000";"http://tong.visitkorea.or.kr/cms/resource/46/3048146_image2_1.jpg";"http://tong.visitkorea.or.kr/cms/resource/46/3048146_image3_1.jpg";"Type3";"126.5417463285";"36.2486848121";"6";"20231124132615";"5";"";"무창포어촌체험마을";"33508";0
"서산시 부석면 간월도리";"";"34";"0";"A02";"A0203";"A02030100";"129045";"12";"20060622090000";"http://tong.visitkorea.or.kr/cms/resource/20/2518020_image2_1.jpg";"http://tong.visitkorea.or.kr/cms/resource/20/2518020_image2_1.jpg";"Type3";"126.4227029018";"36.6192846446";"6";"20230610062715";"7";"";"간월도마을";"32023";0
"청송군 파천면 중들2길 22-2";"";"35";"0";"A02";"A0201";"A02010400";"129046";"12";"20060622090000";"http://tong.visitkorea.or.kr/cms/resource/61/2026161_image2_1.jpg";"http://tong.visitkorea.or.kr/cms/resource/61/2026161_image3_1.jpg";"Type3";"129.0223526645";"36.4586250462";"6";"20231208173801";"21";"";"서벽고택";"37418";0
"태안군 원북면 방갈리";"";"34";"0";"B02";"B0201";"B02011000";"129050";"12";"20060622090000";"http://tong.visitkorea.or.kr/cms/resource/50/1961350_image2_1.jpg";"http://tong.visitkorea.or.kr/cms/resource/50/1961350_image3_1.jpg";"Type3";"126.2249108041";"36.8930524481";"6";"20231109142857";"14";"";"방갈마을";"32105";0
"홍성군 서부면 남당리";"";"34";"0";"B02";"B0201";"B02011000";"129054";"12";"20060622090000";"http://tong.visitkorea.or.kr/cms/resource/83/2518183_image2_1.jpg";"http://tong.visitkorea.or.kr/cms/resource/83/2518183_image2_1.jpg";"Type3";"126.4676007221";"36.5481408258";"6";"20231211121338";"15";"";"남당항어촌마을";"32206";0
"청송군 주왕산면 공원길 226";"";"35";"0";"A02";"A0201";"A02010800";"129063";"12";"20060623090000";"http://tong.visitkorea.or.kr/cms/resource/27/2702627_image2_1.jpg";"http://tong.visitkorea.or.kr/cms/resource/27/2702627_image3_1.jpg";"Type3";"129.1460268692";"36.3968483197";"6";"20230925134446";"21";"";"대전사";"37437";0
"고창군 상하면 구시포해변길 150";"";"37";"0";"B02";"B0201";"B02011000";"129069";"12";"20060627090000";"http://tong.visitkorea.or.kr/cms/resource/87/2513787_image2_1.jpg";"http://tong.visitkorea.or.kr/cms/resource/87/2513787_image2_1.jpg";"Type3";"126.4426867564";"35.4451886806";"6";"20240118105806";"1";"";"구시포마을";"56408";0
"부안군 변산면 격포항길 64-18";"일원";"37";"0";"B02";"B0201";"B02011000";"129070";"12";"202401181743";"http://tong.visitkorea.or.kr/cms/resource/11/1976011_image2_1.jpg";"http://tong.visitkorea.or.kr/cms/resource/11/1976011_image3_1.jpg";"Type3";"126.4700854705";"35.6210191572";"6";"20240118174312";"6";"";"격포마을";"56337";0
"제주시 애월읍 애월해안로 713";"";"39";"0";"A02";"A0203";"A02030100";"129073";"12";"20060627090000";"http://tong.visitkorea.or.kr/cms/resource/93/1618693_image2_1.jpg";"http://tong.visitkorea.or.kr/cms/resource/93/1618693_image3_1.jpg";"Type3";"126.3772556628";"33.4839964391";"6";"20231210153156";"4";"";"구엄어촌체험마을";"63049";0
"서귀포시 칠십리로";"(보목동)";"39";"0";"B02";"B0201";"B02011000";"129076";"12";"20060627090000";"http://tong.visitkorea.or.kr/cms/resource/38/2513538_image2_1.jpg";"http://tong.visitkorea.or.kr/cms/resource/38/2513538_image2_1.jpg";"Type3";"126.5990251708";"33.2429571495";"6";"20231220163614";"3";"";"보목마을";"63599";0
"거제시 남부면 명사1길 12-1";"";"36";"0";"A02";"A0203";"A02030400";"129079";"12";"20060627090000";"http://tong.visitkorea.or.kr/cms/resource/93/1978593_image2_1.jpg";"http://tong.visitkorea.or.kr/cms/resource/93/1978593_image3_1.jpg";"Type3";"128.6021041777";"34.7255515162";"6";"20231122103703";"1";"";"명사마을";"53333";0
"창원시 마산합포구 구산면 구복리";"";"36";"0";"B02";"B0201";"B02011000";"129086";"12";"20060629090000";"http://tong.visitkorea.or.kr/cms/resource/68/2484468_image2_1.jpg";"http://tong.visitkorea.or.kr/cms/resource/68/2484468_image2_1.jpg";"Type3";"128.5678618359";"35.0729009425";"6";"20230727145743";"16";"";"구복마을";"631-841,1";0
"사천시 용현면";"";"36";"0";"B02";"B0201";"B02011000";"129088";"12";"20060629090000";"http://tong.visitkorea.or.kr/cms/resource/28/2487028_image2_1.jpg";"http://tong.visitkorea.or.kr/cms/resource/28/2487028_image2_1.jpg";"Type3";"128.0526605747";"35.0376484664";"6";"20231228100742";"8";"";"선진마을";"664-950,1";0
"사천시 동서동";"";"36";"0";"B02";"B0201";"B02011000";"129089";"12";"20060629090000";"http://tong.visitkorea.or.kr/cms/resource/69/1870669_image2_1.jpg";"http://tong.visitkorea.or.kr/cms/resource/69/1870669_image3_1.jpg";"Type3";"128.0553798357";"34.9290023706";"6";"20231123112536";"8";"";"대방마을";"664-040,1";0
"장흥군 관산읍 고마리";"";"38";"0";"B02";"B0201";"B02011000";"129109";"12";"20060630090000";"http://tong.visitkorea.or.kr/cms/resource/08/2515608_image2_1.jpg";"http://tong.visitkorea.or.kr/cms/resource/08/2515608_image2_1.jpg";"Type3";"126.9864936855";"34.5672301199";"6";"20230817104636";"20";"";"고마리마을";"59356";0
"함평군 주포로 600-29";"";"38";"0";"B02";"B0201";"B02011000";"129113";"12";"20060630090000";"http://tong.visitkorea.or.kr/cms/resource/28/3080328_image2_1.jpg";"http://tong.visitkorea.or.kr/cms/resource/28/3080328_image3_1.jpg";"Type3";"126.4402986018";"35.0864514985";"6";"20240111100608";"22";"";"돌머리어촌체험마을";"57137";0
"해남군 송지면 대죽리";"";"38";"0";"B02";"B0201";"B02011000";"129115";"12";"20060630090000";"http://tong.visitkorea.or.kr/cms/resource/04/1970904_image2_1.jpg";"http://tong.visitkorea.or.kr/cms/resource/04/1970904_image3_1.jpg";"Type3";"126.5364770753";"34.3591737728";"7";"20231210103303";"23";"";"대죽마을";"536-920,1";0
"해남군 송지면 송호길 35";"";"38";"0";"A02";"A0203";"A02030100";"129116";"12";"20060630090000";"http://tong.visitkorea.or.kr/cms/resource/03/1565603_image2_1.jpg";"http://tong.visitkorea.or.kr/cms/resource/03/1565603_image3_1.jpg";"Type3";"126.5207294526";"34.3171226666";"6";"20230413230727";"23";"";"땅끝송호마을";"59065";0
"청송군 파천면 중평병부길 50-81";"";"35";"0";"A02";"A0201";"A02010700";"129119";"12";"20060703090000";"http://tong.visitkorea.or.kr/cms/resource/46/187746_image2_1.jpg";"http://tong.visitkorea.or.kr/cms/resource/46/187746_image3_1.jpg";"Type3";"129.0322295517";"36.4592085011";"6";"20230327160128";"21";"";"사양서원";"37418";0
"서산시 운산면 문수골길 201";"(운산면)";"34";"0";"A02";"A0201";"A02010800";"129122";"12";"20060704090000";"http://tong.visitkorea.or.kr/cms/resource/56/1954556_image2_1.jpg";"http://tong.visitkorea.or.kr/cms/resource/56/1954556_image3_1.jpg";"Type3";"126.5899585457";"36.7787247092";"6";"20231211155644";"7";"";"문수사(서산)";"31946";0
"나주시 다시면 회진길 14-22";"";"38";"0";"A02";"A0201";"A02010700";"129124";"12";"20060704090000";"http://tong.visitkorea.or.kr/cms/resource/07/217107_image2_1.jpg";"http://tong.visitkorea.or.kr/cms/resource/07/217107_image3_1.jpg";"Type3";"126.6683222576";"34.9979597191";"6";"20231214161017";"6";"";"나주 영모정";"58280";0
"서산시 운산면 마애삼존불길 18-1";"";"34";"0";"A02";"A0201";"A02010700";"129132";"12";"20060711090000";"http://tong.visitkorea.or.kr/cms/resource/58/187958_image2_1.jpg";"http://tong.visitkorea.or.kr/cms/resource/58/187958_image3_1.jpg";"Type3";"126.6025046578";"36.7778111433";"6";"20231205162121";"7";"";"강댕이 미륵불";"31950";0
"서귀포시 대정읍 마라로 (165, 마라도항로표지관리소)";"";"39";"0";"A01";"A0101";"A01011600";"129145";"12";"20060713090000";"http://tong.visitkorea.or.kr/cms/resource/15/2617815_image2_1.jpg";"http://tong.visitkorea.or.kr/cms/resource/15/2617815_image3_1.jpg";"Type3";"126.2692287758";"33.1170102919";"6";"20240124144115";"3";"";"마라도 등대";"63515";0
"제주시 사라봉동길 108-1";"(건입동)";"39";"0";"A01";"A0101";"A01011600";"129148";"12";"20060714090000";"http://tong.visitkorea.or.kr/cms/resource/12/2009312_image2_1.jpg";"http://tong.visitkorea.or.kr/cms/resource/12/2009312_image3_1.jpg";"Type3";"126.5456624039";"33.5209144715";"6";"20240115134258";"4";"064-722-5707";"산지 등대";"63284";0
"여수시 거문도등대길 299 항로표지관리소";"";"38";"0";"A01";"A0101";"A01011600";"129151";"12";"20060718090000";"http://tong.visitkorea.or.kr/cms/resource/10/1954910_image2_1.jpg";"http://tong.visitkorea.or.kr/cms/resource/10/1954910_image3_1.jpg";"Type3";"127.3219612742";"34.0084314114";"6";"20231123133036";"13";"";"거문도 등대";"59790";0
"강서구 외양포로 10";"";"6";"0";"A01";"A0101";"A01011600";"129156";"12";"20060719090000";"http://tong.visitkorea.or.kr/cms/resource/88/1982388_image2_1.jpg";"http://tong.visitkorea.or.kr/cms/resource/88/1982388_image3_1.jpg";"Type3";"128.8295937487";"35.0006471157";"6";"20231106095233";"1";"";"가덕도 등대";"46771";0
"포항시 남구 구룡포읍 일출로62번길";"";"35";"0";"A01";"A0101";"A01011200";"129160";"12";"20060720090000";"http://tong.visitkorea.or.kr/cms/resource/91/2534191_image2_1.jpg";"http://tong.visitkorea.or.kr/cms/resource/91/2534191_image2_1.jpg";"Type3";"129.5692289093";"36.0030177214";"6";"20230531132013";"23";"";"삼정해수욕장";"37930";0
"울릉군 울릉읍 독도이사부길 63";"(울릉읍)";"35";"0";"A01";"A0101";"A01011600";"129174";"12";"20060724090000";"http://tong.visitkorea.or.kr/cms/resource/91/2726491_image2_1.jpg";"http://tong.visitkorea.or.kr/cms/resource/91/2726491_image2_1.jpg";"Type3";"131.8605452679";"37.2434210385";"6";"20240118140442";"17";"";"독도 등대";"40240";0
"동해시 해맞이길 300";"(묵호진동)";"32";"0";"A01";"A0101";"A01011600";"129176";"12";"20060724090000";"http://tong.visitkorea.or.kr/cms/resource/84/2741884_image2_1.jpg";"http://tong.visitkorea.or.kr/cms/resource/84/2741884_image3_1.jpg";"Type3";"129.1181334954";"37.5538569666";"6";"20240417180739";"3";"";"묵호등대";"25717";0
"중구 세종대로 지하 101";"";"1";"0";"A02";"A0203";"A02030600";"129186";"12";"20060727090000";"http://tong.visitkorea.or.kr/cms/resource/50/2658350_image2_1.jpg";"http://tong.visitkorea.or.kr/cms/resource/50/2658350_image3_1.jpg";"Type3";"126.9748935853";"37.5660820124";"6";"20240325171413";"24";"";"덕수궁 돌담길";"04519";0
"수원시 팔달구 인계동";"(인계동)";"31";"0";"A02";"A0203";"A02030600";"129191";"12";"20060731090000";"http://tong.visitkorea.or.kr/cms/resource/96/2480796_image2_1.jpg";"http://tong.visitkorea.or.kr/cms/resource/96/2480796_image2_1.jpg";"Type3";"127.0334106466";"37.2641680838";"6";"20230610062828";"13";"";"나혜석거리";"16488";0
"양주시 장흥면 권율로 117";"";"31";"0";"A02";"A0202";"A02020600";"129194";"12";"20060807090000";"http://tong.visitkorea.or.kr/cms/resource/46/2010746_image2_1.jpg";"http://tong.visitkorea.or.kr/cms/resource/46/2010746_image3_1.jpg";"Type3";"126.9497496852";"37.7254519094";"6";"20231213141137";"18";"";"가나아트파크";"11520";77582
"광산구 삼거동";"(삼거동)";"5";"0";"A02";"A0201";"A02010700";"129199";"12";"20060811090000";"http://tong.visitkorea.or.kr/cms/resource/49/2493549_image2_1.jpg";"http://tong.visitkorea.or.kr/cms/resource/49/2493549_image2_1.jpg";"Type3";"126.6725736251";"35.1522951414";"6";"20230803143533";"1";"";"삼거동 고인돌";"62407";0
"광산구 산월로21번길 26";"";"5";"0";"A02";"A0201";"A02010700";"129201";"12";"20060811090000";"http://tong.visitkorea.or.kr/cms/resource/21/3033521_image2_1.jpg";"http://tong.visitkorea.or.kr/cms/resource/21/3033521_image3_1.jpg";"Type3";"126.8401045774";"35.2099969896";"6";"20231108150830";"1";"";"무양서원";"62268";0
"신안군 도초면 우이도리";"";"38";"0";"A01";"A0101";"A01011200";"129205";"12";"20060821090000";"http://tong.visitkorea.or.kr/cms/resource/29/1826929_image2_1.jpg";"http://tong.visitkorea.or.kr/cms/resource/29/1826929_image3_1.jpg";"Type3";"125.8426931271";"34.6235384736";"6";"20231211180215";"12";"";"띠밭넘어해변";"58853";0
"봉화군 춘양면 서벽리 산 283-3";"";"35";"0";"A01";"A0101";"A01010700";"129207";"12";"20060822090000";"http://tong.visitkorea.or.kr/cms/resource/30/3028930_image2_1.JPG";"http://tong.visitkorea.or.kr/cms/resource/30/3028930_image3_1.JPG";"Type3";"128.8125861717";"36.9919656674";"6";"20231031152343";"8";"";"서벽금강소나무숲";"755-843,1";0
"무안군 망운면 두모길 35";"(망운면) 부근";"38";"0";"A01";"A0102";"A01020100";"129209";"12";"20060823090000";"http://tong.visitkorea.or.kr/cms/resource/36/2516036_image2_1.jpg";"http://tong.visitkorea.or.kr/cms/resource/36/2516036_image2_1.jpg";"Type3";"126.3674792158";"35.0068648450";"6";"20231101135405";"9";"";"무안망운면의곰솔";"58535";0
"영광군 백수읍 해안로 1389";"";"38";"0";"A01";"A0101";"A01011200";"129216";"12";"20060906090000";"http://tong.visitkorea.or.kr/cms/resource/81/2716381_image2_1.jpg";"http://tong.visitkorea.or.kr/cms/resource/81/2716381_image3_1.jpg";"Type3";"126.4139524720";"35.3627531121";"6";"20231010133150";"16";"";"모래미 해변";"57025";0
"영광군 법성면 법성리";"진내리";"38";"0";"A01";"A0101";"A01011400";"129217";"12";"20060907090000";"http://tong.visitkorea.or.kr/cms/resource/55/2480055_image2_1.jpg";"http://tong.visitkorea.or.kr/cms/resource/55/2480055_image2_1.jpg";"Type3";"126.4453219540";"35.3607816351";"6";"20230823152446";"16";"";"법성포";"57012";0
"영광군 법성면 백제문화로 203";"(법성면)";"38";"0";"A02";"A0201";"A02010800";"129218";"12";"20060907090000";"http://tong.visitkorea.or.kr/cms/resource/22/1607922_image2_1.jpg";"http://tong.visitkorea.or.kr/cms/resource/22/1607922_image3_1.jpg";"Type3";"126.4314037163";"35.3620118202";"6";"20230711173500";"16";"";"백제불교최초도래지";"57009";0
"진도군 조도면 가사도길 42-365";"";"38";"0";"A01";"A0101";"A01011300";"129228";"12";"20060912090000";"http://tong.visitkorea.or.kr/cms/resource/05/195405_image2_1.jpg";"http://tong.visitkorea.or.kr/cms/resource/05/195405_image3_1.jpg";"Type3";"126.1047277525";"34.5283755881";"6";"20231208172506";"21";"";"광대도";"58953";0
"평창군 봉평면 봉산서재길 17";"";"32";"0";"A02";"A0201";"A02010700";"129267";"12";"20061016090000";"http://tong.visitkorea.or.kr/cms/resource/99/191899_image2_1.jpg";"http://tong.visitkorea.or.kr/cms/resource/99/191899_image3_1.jpg";"Type3";"128.3815539229";"37.5994902544";"6";"20230823144828";"15";"";"봉산서재";"25310";0
"괴산군 장연면";"";"33";"0";"A01";"A0101";"A01010400";"129272";"12";"20061017090000";"http://tong.visitkorea.or.kr/cms/resource/70/1851970_image2_1.jpg";"http://tong.visitkorea.or.kr/cms/resource/70/1851970_image3_1.jpg";"Type3";"127.9201064497";"36.8424549992";"6";"20240131115705";"1";"";"박달산(괴산)";"28008";0
"파주시 광탄면 분수리";"";"31";"0";"A01";"A0101";"A01010400";"129273";"12";"20061017090000";"http://tong.visitkorea.or.kr/cms/resource/78/1860078_image2_1.jpg";"http://tong.visitkorea.or.kr/cms/resource/78/1860078_image3_1.jpg";"Type3";"126.8895680390";"37.7617743746";"6";"20240111103242";"27";"";"박달산(파주)";"10954";0
"서귀포시 일주동로 8941";"(호근동)";"39";"0";"A01";"A0101";"A01010700";"129276";"12";"20070907090000";"http://tong.visitkorea.or.kr/cms/resource/97/2676397_image2_1.JPG";"http://tong.visitkorea.or.kr/cms/resource/97/2676397_image2_1.JPG";"Type3";"126.5360193536";"33.2503192271";"6";"20230610063804";"3";"";"석부작박물관";"63571";0
"가평군 북면 백둔로 417-11";"";"31";"0";"A02";"A0203";"A02030100";"129285";"12";"20061031090000";"http://tong.visitkorea.or.kr/cms/resource/76/532876_image2_1.jpg";"http://tong.visitkorea.or.kr/cms/resource/76/532876_image3_1.jpg";"Type3";"127.4623783495";"37.9014407526";"6";"20231011103643";"1";"";"가평 연인산마을";"12406";0
"강화군 송해면 전망대로468번길 11";"";"2";"0";"A02";"A0203";"A02030100";"129291";"12";"20061031090000";"http://tong.visitkorea.or.kr/cms/resource/10/2512610_image2_1.jpg";"http://tong.visitkorea.or.kr/cms/resource/10/2512610_image2_1.jpg";"Type3";"126.4584675001";"37.8020036798";"6";"20230322132254";"1";"";"강화 화문석마을";"23013";0
"중구 대무의로301번길 19-16";"";"2";"0";"A02";"A0203";"A02030100";"129292";"12";"20061031090000";"http://tong.visitkorea.or.kr/cms/resource/49/2512649_image2_1.jpg";"http://tong.visitkorea.or.kr/cms/resource/49/2512649_image2_1.jpg";"Type3";"126.4107723092";"37.3846875605";"6";"20230423005245";"10";"";"무의 까치놀섬마을";"22387";0
"횡성군 청일면 봉명로 375-1";"";"32";"0";"A02";"A0203";"A02030100";"129305";"12";"20061101090000";"http://tong.visitkorea.or.kr/cms/resource/56/2629756_image2_1.bmp";"http://tong.visitkorea.or.kr/cms/resource/56/2629756_image2_1.bmp";"Type3";"128.1396326366";"37.6488466228";"6";"20230703083935";"18";"0507-1459-1072";"고라데이마을";"25253";0
"남원시 용동길 28";"";"37";"0";"A02";"A0203";"A02030100";"129314";"12";"202401181743";"http://tong.visitkorea.or.kr/cms/resource/88/2515288_image2_1.jpg";"http://tong.visitkorea.or.kr/cms/resource/88/2515288_image2_1.jpg";"Type3";"127.4233114020";"35.5317428147";"6";"20240118174312";"4";"";"남원 추어마을";"55705";0
"연천군 백학면 노아로491번길 86";"";"31";"0";"A02";"A0203";"A02030100";"129335";"12";"20061108090000";"http://tong.visitkorea.or.kr/cms/resource/02/2632702_image2_1.bmp";"http://tong.visitkorea.or.kr/cms/resource/02/2632702_image2_1.bmp";"Type3";"126.9599545735";"38.0064221018";"6";"20230831111113";"21";"";"새둥지마을";"11049";0
"강릉시 사천면 중앙서로 557-1";"";"32";"0";"A02";"A0203";"A02030100";"129337";"12";"20061108090000";"http://tong.visitkorea.or.kr/cms/resource/67/2480167_image2_1.jpg";"http://tong.visitkorea.or.kr/cms/resource/67/2480167_image2_1.jpg";"Type3";"128.8109759564";"37.7929261321";"6";"20240418135340";"1";"";"강릉 해살이마을";"25438";0
"공주시 신풍면 원골예술길 94";"";"34";"0";"A02";"A0203";"A02030100";"129345";"12";"20061108090000";"http://tong.visitkorea.or.kr/cms/resource/21/1961121_image2_1.jpg";"http://tong.visitkorea.or.kr/cms/resource/21/1961121_image3_1.jpg";"Type3";"126.9616067637";"36.5277683917";"6";"20231214134759";"1";"";"공주 원골마을";"32525";0
"서천군 비인면 남당길63번길 23-6";"";"34";"0";"A02";"A0203";"A02030100";"129348";"12";"20061109090000";"http://tong.visitkorea.or.kr/cms/resource/34/1961134_image2_1.jpg";"http://tong.visitkorea.or.kr/cms/resource/34/1961134_image3_1.jpg";"Type3";"126.6158889066";"36.1713310502";"6";"20231120142227";"8";"";"남당리 행복마을";"33606";0
"나주시 공산면 덕음로 548-7";"(공산면)";"38";"0";"A02";"A0203";"A02030100";"129362";"12";"20061110090000";"http://tong.visitkorea.or.kr/cms/resource/46/2516446_image2_1.jpg";"http://tong.visitkorea.or.kr/cms/resource/46/2516446_image2_1.jpg";"Type3";"126.5939291668";"34.9844377850";"6";"20230718144412";"6";"";"나주 영산나루마을";"58289";0
"담양군 대덕면 시목길 29";"";"38";"0";"A02";"A0203";"A02030100";"129363";"12";"20061110090000";"http://tong.visitkorea.or.kr/cms/resource/95/2516295_image2_1.jpg";"http://tong.visitkorea.or.kr/cms/resource/95/2516295_image2_1.jpg";"Type3";"127.0353497364";"35.2677354409";"6";"20230703164023";"7";"";"담양 시목마을";"57381";0
"밀양시 초동면 방동안길 22";"";"36";"0";"A02";"A0203";"A02030100";"129377";"12";"20061114090000";"http://tong.visitkorea.or.kr/cms/resource/90/2589490_image2_1.bmp";"http://tong.visitkorea.or.kr/cms/resource/90/2589490_image2_1.bmp";"Type3";"128.7059228128";"35.4531829600";"6";"20230320132727";"7";"";"밀양 꽃새미마을";"50447";0
"정선군 남면 광락로 354";"(남면)";"32";"0";"A02";"A0203";"A02030100";"129391";"12";"20061116090000";"http://tong.visitkorea.or.kr/cms/resource/95/2731295_image2_1.jpg";"http://tong.visitkorea.or.kr/cms/resource/95/2731295_image3_1.jpg";"Type3";"128.6927565739";"37.3190202362";"6";"20230703201355";"11";"";"개미들마을";"26143";0
"제주시 조천읍 신흥로1길 24-14";"(신흥리)";"39";"0";"A02";"A0205";"A02050200";"129402";"12";"20061122090000";"http://tong.visitkorea.or.kr/cms/resource/74/221574_image2_1.jpg";"http://tong.visitkorea.or.kr/cms/resource/74/221574_image3_1.jpg";"Type3";"126.6507304273";"33.5481992429";"6";"20231214100535";"4";"";"방사탑(제주)";"63332";0
"가평군 상면 축령로 70";"";"31";"0";"A02";"A0203";"A02030100";"129407";"12";"20061213090000";"http://tong.visitkorea.or.kr/cms/resource/35/2364435_image2_1.jpg";"http://tong.visitkorea.or.kr/cms/resource/35/2364435_image3_1.jpg";"Type3";"127.3645382139";"37.7741593259";"6";"20230331131946";"1";"";"가평 영양잣마을";"12448";0
"평택시 고덕면 새악길 43-62";"";"31";"0";"A02";"A0203";"A02030100";"129408";"12";"20061213090000";"http://tong.visitkorea.or.kr/cms/resource/15/2481215_image2_1.jpg";"http://tong.visitkorea.or.kr/cms/resource/15/2481215_image2_1.jpg";"Type3";"127.0201743677";"37.0133746240";"6";"20230314155513";"28";"";"바람새마을";"17924";0
"여수시 남면";"";"38";"0";"A01";"A0101";"A01011300";"129414";"12";"20070111090000";"http://tong.visitkorea.or.kr/cms/resource/64/1622264_image2_1.jpg";"http://tong.visitkorea.or.kr/cms/resource/64/1622264_image3_1.jpg";"Type3";"127.7494836083";"34.5225925094";"6";"20230610063057";"13";"";"금오도";"59786";0
"고성군 거류면 은황길 82-91";"(거류면)";"36";"0";"A01";"A0101";"A01010700";"129423";"12";"20070205090000";"http://tong.visitkorea.or.kr/cms/resource/74/3045174_image2_1.JPG";"http://tong.visitkorea.or.kr/cms/resource/74/3045174_image3_1.JPG";"Type3";"128.3849946601";"34.9607046716";"6";"20231122174742";"3";"";"만화방초";"52924";0
"영주시 단산면 단산로115번길 37";"";"35";"0";"A02";"A0201";"A02010700";"129431";"12";"20070223090000";"http://tong.visitkorea.or.kr/cms/resource/84/207884_image2_1.jpg";"http://tong.visitkorea.or.kr/cms/resource/84/207884_image3_1.jpg";"Type3";"128.5949974254";"36.8919729986";"6";"20231107160014";"14";"";"백산서원(영주)";"36011";0
"영주시 단산면 단산로121번길 23";"";"35";"0";"A02";"A0201";"A02010700";"129432";"12";"20070223090000";"http://tong.visitkorea.or.kr/cms/resource/81/207881_image2_1.jpg";"http://tong.visitkorea.or.kr/cms/resource/81/207881_image3_1.jpg";"Type3";"128.5956529205";"36.8920452250";"6";"20231213144610";"14";"";"구고서원";"36011";0
"보령시 남포방조제로 154";"(신흑동)";"34";"0";"A01";"A0101";"A01010500";"129441";"12";"20070302090000";"http://tong.visitkorea.or.kr/cms/resource/35/217635_image2_1.jpg";"http://tong.visitkorea.or.kr/cms/resource/35/217635_image3_1.jpg";"Type3";"126.5374458056";"36.2836057356";"6";"20231207150513";"5";"";"남포방조제";"33487";0
"북구 충효샘길 7";"";"5";"0";"A01";"A0101";"A01010500";"129443";"12";"20070302090000";"http://tong.visitkorea.or.kr/cms/resource/33/2662633_image2_1.bmp";"http://tong.visitkorea.or.kr/cms/resource/33/2662633_image2_1.bmp";"Type3";"127.0010882121";"35.1840804198";"6";"20240318150444";"4";"";"광주호 호수생태원";"61146";0
"해남군 삼산면 대흥사길 88-45";"";"38";"0";"A02";"A0203";"A02030400";"129448";"12";"20070305090000";"http://tong.visitkorea.or.kr/cms/resource/22/1564622_image2_1.jpg";"http://tong.visitkorea.or.kr/cms/resource/22/1564622_image3_1.jpg";"Type3";"126.6253409902";"34.4968181405";"6";"20240102115427";"23";"";"두륜산케이블카";"59047";0
"인제군 기린면 설피밭길 434";"";"32";"0";"A02";"A0203";"A02030100";"129452";"12";"20070306090000";"http://tong.visitkorea.or.kr/cms/resource/89/209289_image2_1.jpg";"http://tong.visitkorea.or.kr/cms/resource/89/209289_image3_1.jpg";"Type3";"128.4920517112";"37.9828784869";"6";"20230703185442";"10";"";"설피마을";"24653";0
"서천군 비인면 비인로136번길 68";"";"34";"0";"A02";"A0201";"A02010700";"129460";"12";"20070308090000";"http://tong.visitkorea.or.kr/cms/resource/44/1598944_image2_1.jpg";"http://tong.visitkorea.or.kr/cms/resource/44/1598944_image3_1.jpg";"Type3";"126.6083320592";"36.1402400349";"6";"20231207151208";"8";"";"비인향교";"33608";0
"서천군 비인면 갯벌체험로 428-13";"";"34";"0";"A02";"A0203";"A02030100";"129462";"12";"20070308090000";"http://tong.visitkorea.or.kr/cms/resource/56/2020756_image2_1.jpg";"http://tong.visitkorea.or.kr/cms/resource/56/2020756_image3_1.jpg";"Type3";"126.5909644476";"36.1296492838";"6";"20230613093653";"8";"";"선도리갯벌체험마을";"33608";0
"부여군 임천면 성흥로197번길 112";"(임천면)";"34";"0";"A02";"A0201";"A02010800";"129471";"12";"20070314090000";"http://tong.visitkorea.or.kr/cms/resource/37/210537_image2_1.jpg";"http://tong.visitkorea.or.kr/cms/resource/37/210537_image3_1.jpg";"Type3";"126.9009683972";"36.1907920635";"6";"20231114141433";"6";"";"대조사(부여)";"33220";0
"부여군 초촌면 선사로225번길 54";"";"34";"0";"A02";"A0201";"A02010700";"129472";"12";"20070314090000";"http://tong.visitkorea.or.kr/cms/resource/11/2519911_image2_1.jpg";"http://tong.visitkorea.or.kr/cms/resource/11/2519911_image2_1.jpg";"Type3";"127.0351682777";"36.2658802513";"6";"20230802202532";"6";"";"부여 송국리 유적";"33174";0
"부여군 초촌면 산직리";"";"34";"0";"A02";"A0201";"A02010700";"129475";"12";"20070314090000";"http://tong.visitkorea.or.kr/cms/resource/03/491103_image2_1.jpg";"http://tong.visitkorea.or.kr/cms/resource/03/491103_image3_1.jpg";"Type3";"127.0361907537";"36.2528956437";"6";"20231209114953";"6";"";"부여 산직리지석묘";"33174";0
"부여군 외산면 만수리";"";"34";"0";"A01";"A0101";"A01010400";"129477";"12";"20070314090000";"http://tong.visitkorea.or.kr/cms/resource/03/491203_image2_1.jpg";"http://tong.visitkorea.or.kr/cms/resource/03/491203_image3_1.jpg";"Type3";"126.7017752887";"36.2911076946";"6";"20231207150708";"6";"";"부여 수리바위";"33103";0
"거제시 남부면 도장포마을";"";"36";"0";"A01";"A0101";"A01010400";"129479";"12";"20070319090000";"http://tong.visitkorea.or.kr/cms/resource/04/2612904_image2_1.jpg";"http://tong.visitkorea.or.kr/cms/resource/04/2612904_image3_1.jpg";"Type3";"128.6633372606";"34.7440838814";"6";"20240318155432";"1";"";"바람의 언덕";"53334";0
"남해군 설천면 노량로183번길 29";"";"36";"0";"A02";"A0205";"A02050200";"129482";"12";"20070322090000";"http://tong.visitkorea.or.kr/cms/resource/15/2484915_image2_1.jpg";"http://tong.visitkorea.or.kr/cms/resource/15/2484915_image2_1.jpg";"Type3";"127.8761396441";"34.9413145061";"6";"20230610063248";"5";"";"남해 척화비";"52400";0
"남해군 미조면 남해대로 14-11";"";"36";"0";"A02";"A0201";"A02010700";"129486";"12";"20070326090000";"http://tong.visitkorea.or.kr/cms/resource/98/1954898_image2_1.jpg";"http://tong.visitkorea.or.kr/cms/resource/98/1954898_image3_1.jpg";"Type3";"128.0414698611";"34.7171452908";"6";"20230525105606";"5";"";"무민사(남해)";"52442";0
"남해군 미조면 미송로303번길 70";"(미조면)";"36";"0";"A01";"A0101";"A01011200";"129487";"12";"20070326090000";"http://tong.visitkorea.or.kr/cms/resource/40/2487040_image2_1.jpg";"http://tong.visitkorea.or.kr/cms/resource/40/2487040_image2_1.jpg";"Type3";"128.0255437691";"34.7055990803";"6";"20230623091358";"5";"";"설리 해수욕장";"52441";0
"남해군 독일로 89-7";"";"36";"0";"A02";"A0201";"A02010600";"129489";"12";"20070326090000";"http://tong.visitkorea.or.kr/cms/resource/82/2652082_image2_1.jpg";"http://tong.visitkorea.or.kr/cms/resource/82/2652082_image3_1.jpg";"Type3";"128.0383624398";"34.8000859569";"6";"20240318152407";"5";"";"독일마을";"52448";0
"남해군 창선면 진동리";"";"36";"0";"A01";"A0101";"A01011200";"129493";"12";"20070327090000";"http://tong.visitkorea.or.kr/cms/resource/45/212145_image2_1.jpg";"http://tong.visitkorea.or.kr/cms/resource/45/212145_image3_1.jpg";"Type3";"128.0756553901";"34.8393655486";"6";"20231106182346";"5";"";"모상개해수욕장";"52455";0
"성북구 대사관로 1";"(성북동) 삼청각 부근";"1";"0";"A02";"A0201";"A02010300";"129500";"12";"20070403090000";"http://tong.visitkorea.or.kr/cms/resource/17/2360917_image2_1.jpg";"http://tong.visitkorea.or.kr/cms/resource/17/2360917_image3_1.jpg";"Type3";"126.9834141581";"37.5968646977";"6";"20231122091147";"17";"";"북악산 숙정문";"02822";0
"중구 퇴계로 344";"";"1";"0";"A02";"A0201";"A02010300";"129502";"12";"20070403090000";"http://tong.visitkorea.or.kr/cms/resource/02/1568502_image2_1.jpg";"http://tong.visitkorea.or.kr/cms/resource/02/1568502_image3_1.jpg";"Type3";"127.0096987947";"37.5643772800";"6";"20231205155857";"24";"";"광희문";"04614";0
"군산시 동국사길 16";"(금광동)";"37";"0";"A02";"A0201";"A02010800";"129509";"12";"20070409090000";"http://tong.visitkorea.or.kr/cms/resource/56/1783656_image2_1.jpg";"http://tong.visitkorea.or.kr/cms/resource/56/1783656_image3_1.jpg";"Type3";"126.7075855787";"35.9829485974";"6";"20240321152332";"2";"";"동국사(군산)";"54114";0
"사천시 곤명면 용산리";"";"36";"0";"A01";"A0101";"A01010300";"129536";"12";"20070504090000";"http://tong.visitkorea.or.kr/cms/resource/01/2689601_image2_1.jpg";"http://tong.visitkorea.or.kr/cms/resource/01/2689601_image3_1.jpg";"Type3";"127.9124021299";"35.0871348776";"6";"20230410111835";"8";"";"봉명산시립공원";"52503";0
"사천시 수도골안길 24";"(동림동)";"36";"0";"A01";"A0101";"A01010400";"129537";"12";"20070504090000";"http://tong.visitkorea.or.kr/cms/resource/78/2031478_image2_1.jpg";"http://tong.visitkorea.or.kr/cms/resource/78/2031478_image3_1.jpg";"Type3";"128.0749417370";"34.9396404117";"6";"20231214154352";"8";"";"각산";"52553";0
"구리시 아천동";"";"31";"0";"A02";"A0201";"A02010700";"129551";"12";"20070514090000";"http://tong.visitkorea.or.kr/cms/resource/57/720457_image2_1.jpg";"http://tong.visitkorea.or.kr/cms/resource/57/720457_image3_1.jpg";"Type3";"127.1161472553";"37.5706229152";"6";"20240125121819";"6";"";"구리 명빈묘";"11957";0
"구리시 사노동";"";"31";"0";"A02";"A0205";"A02050200";"129553";"12";"20070514090000";"http://tong.visitkorea.or.kr/cms/resource/45/720445_image2_1.jpg";"http://tong.visitkorea.or.kr/cms/resource/45/720445_image3_1.jpg";"Type3";"127.1358880788";"37.6344686302";"6";"20240129142513";"6";"";"나만갑선생신도비";"11905";0
"공주시 계룡면 갑사로 567-3";"";"34";"0";"A02";"A0201";"A02010800";"129557";"12";"20070518090000";"http://tong.visitkorea.or.kr/cms/resource/13/2518213_image2_1.jpg";"http://tong.visitkorea.or.kr/cms/resource/13/2518213_image2_1.jpg";"Type3";"127.1873630896";"36.3655131816";"6";"20230913091510";"1";"";"공주 갑사 철당간";"32615";0
"공주시 반포면";"";"34";"0";"A01";"A0101";"A01010900";"129558";"12";"20070518090000";"http://tong.visitkorea.or.kr/cms/resource/10/490310_image2_1.jpg";"http://tong.visitkorea.or.kr/cms/resource/10/490310_image3_1.jpg";"Type3";"127.2254377646";"36.3541012703";"6";"20231209111559";"1";"";"동학사계곡";"32626";0
"공주시 금성동";"";"34";"0";"A02";"A0205";"A02050200";"129571";"12";"20070702090000";"http://tong.visitkorea.or.kr/cms/resource/47/216647_image2_1.jpg";"http://tong.visitkorea.or.kr/cms/resource/47/216647_image3_1.jpg";"Type3";"127.1294657258";"36.4602957467";"6";"20231208110020";"1";"";"명국삼장비";"32555";0
"나주시 문평면 오륜길 28-5";"";"38";"0";"A02";"A0201";"A02010500";"129576";"12";"20070710090000";"http://tong.visitkorea.or.kr/cms/resource/40/3051040_image2_1.jpg";"http://tong.visitkorea.or.kr/cms/resource/40/3051040_image3_1.jpg";"Type3";"126.6135145853";"35.0551690164";"6";"20231206153541";"6";"";"나대용생가및묘소";"58204";0
"나주시 문평면 오룡리";"";"38";"0";"A02";"A0201";"A02010700";"129580";"12";"20070711090000";"http://tong.visitkorea.or.kr/cms/resource/12/217212_image2_1.jpg";"http://tong.visitkorea.or.kr/cms/resource/12/217212_image3_1.jpg";"Type3";"126.6107314768";"35.0560772008";"6";"20240130143508";"6";"";"봉강사";"58204";0
"강릉시 운정길 125";"";"32";"0";"A02";"A0201";"A02010400";"129584";"12";"20070712090000";"http://tong.visitkorea.or.kr/cms/resource/39/2480139_image2_1.jpg";"http://tong.visitkorea.or.kr/cms/resource/39/2480139_image2_1.jpg";"Type3";"128.8911356052";"37.7862090263";"6";"20230721173400";"1";"";"강릉 해운정";"25464";0
"동해시 일출로 22";"(발한동)";"32";"0";"A01";"A0101";"A01011400";"129588";"12";"20070713090000";"http://tong.visitkorea.or.kr/cms/resource/09/2678609_image2_1.jpg";"http://tong.visitkorea.or.kr/cms/resource/09/2678609_image3_1.jpg";"Type3";"129.1125091063";"37.5503878118";"6";"20230703185838";"3";"";"묵호항";"25719";0
"고성군 거진읍 등대길 17-2";"";"32";"0";"A01";"A0101";"A01011600";"129592";"12";"20070713090000";"http://tong.visitkorea.or.kr/cms/resource/14/2714114_image2_1.jpg";"http://tong.visitkorea.or.kr/cms/resource/14/2714114_image2_1.jpg";"Type3";"128.4625731870";"38.4500568379";"6";"20230921145118";"2";"";"거진 등대";"24712";0
"속초시 대포항길 64";"(대포동)";"32";"0";"A01";"A0101";"A01011400";"129596";"12";"20070713090000";"http://tong.visitkorea.or.kr/cms/resource/07/2653407_image2_1.jpg";"http://tong.visitkorea.or.kr/cms/resource/07/2653407_image3_1.jpg";"Type3";"128.6074602892";"38.1749528373";"6";"20240419152927";"5";"";"대포항";"24901";0
"태안군 안면읍";"승언리 3114";"34";"0";"A02";"A0202";"A02020700";"129600";"12";"20070713090000";"http://tong.visitkorea.or.kr/cms/resource/36/3055536_image2_1.jpg";"http://tong.visitkorea.or.kr/cms/resource/36/3055536_image3_1.jpg";"Type3";"126.3371165552";"36.4994053136";"6";"20231209162422";"14";"";"꽃지해안공원";"32166";0
"중구 용유로380번길 21";"";"2";"0";"A01";"A0102";"A01020200";"129605";"12";"20070713090000";"http://tong.visitkorea.or.kr/cms/resource/25/3044425_image2_1.jpg";"http://tong.visitkorea.or.kr/cms/resource/25/3044425_image3_1.jpg";"Type3";"126.3789681524";"37.4396528391";"6";"20240319163644";"10";"";"선녀바위";"22384";0
"보령시 웅천읍 관당리";"";"34";"0";"A01";"A0101";"A01011300";"129613";"12";"20070713090000";"http://tong.visitkorea.or.kr/cms/resource/15/217515_image2_1.jpg";"http://tong.visitkorea.or.kr/cms/resource/15/217515_image3_1.jpg";"Type3";"126.5202705884";"36.2445432536";"6";"20240202145032";"5";"";"석대도";"33508";0
"태안군 남면 몽대로 495-71";"(남면)";"34";"0";"A01";"A0101";"A01011400";"129621";"12";"20070716090000";"http://tong.visitkorea.or.kr/cms/resource/37/533737_image2_1.jpg";"http://tong.visitkorea.or.kr/cms/resource/37/533737_image3_1.jpg";"Type3";"126.2727428319";"36.6728453550";"6";"20231208164053";"14";"";"몽대포구";"32152";0
"서천군 서면 부사리";"(서면 도둔리~보령시 웅천읍 독산리)";"34";"0";"A01";"A0101";"A01010500";"129622";"12";"20070716090000";"http://tong.visitkorea.or.kr/cms/resource/50/217550_image2_1.jpg";"http://tong.visitkorea.or.kr/cms/resource/50/217550_image3_1.jpg";"Type3";"126.5263273064";"36.1787953341";"6";"20231207150904";"8";"";"부사방조제";"33603";0
"보령시 웅천읍 독산리";"";"34";"0";"A01";"A0101";"A01011300";"129625";"12";"20070716090000";"http://tong.visitkorea.or.kr/cms/resource/81/3048081_image2_1.jpg";"http://tong.visitkorea.or.kr/cms/resource/81/3048081_image3_1.jpg";"Type3";"126.5280927518";"36.2197573385";"6";"20231209161619";"5";"";"독대섬";"355-850,1";0
"울진군 나실길 20-20";"";"35";"0";"A01";"A0101";"A01011200";"129630";"12";"20070720090000";"http://tong.visitkorea.or.kr/cms/resource/76/3060776_image2_1.JPG";"http://tong.visitkorea.or.kr/cms/resource/76/3060776_image3_1.JPG";"Type3";"129.3708990607";"37.1257472378";"6";"20231206151804";"18";"";"나곡해수욕장";"36304";0
"보령시 동대동";"";"34";"0";"A02";"A0201";"A02010700";"129640";"12";"20070807090000";"http://tong.visitkorea.or.kr/cms/resource/17/2369917_image2_1.jpg";"http://tong.visitkorea.or.kr/cms/resource/17/2369917_image3_1.jpg";"Type3";"126.6005356611";"36.3484021628";"6";"20231113112954";"5";"";"대천한내돌다리";"33467";0
"단양군 대강면 사인암2길 42";"";"33";"0";"A01";"A0101";"A01010900";"129648";"12";"20070810090000";"http://tong.visitkorea.or.kr/cms/resource/43/2032243_image2_1.jpg";"http://tong.visitkorea.or.kr/cms/resource/43/2032243_image3_1.jpg";"Type3";"128.3411255713";"36.8951234215";"6";"20240321150908";"2";"";"단양 사인암";"27028";0
"임실군 덕치면 천담1길 49";"";"37";"0";"A02";"A0203";"A02030100";"129656";"12";"20070810090000";"http://tong.visitkorea.or.kr/cms/resource/35/1678735_image2_1.jpg";"http://tong.visitkorea.or.kr/cms/resource/35/1678735_image3_1.jpg";"Type3";"127.1911829756";"35.4924487956";"6";"20240124135016";"10";"";"구담마을";"55942";0
"임실군 덕치면 사곡리 1019";"(덕치면)";"37";"0";"A02";"A0201";"A02010700";"129657";"12";"20070810090000";"http://tong.visitkorea.or.kr/cms/resource/43/531343_image2_1.jpg";"http://tong.visitkorea.or.kr/cms/resource/43/531343_image3_1.jpg";"Type3";"127.1788723069";"35.5175929562";"6";"20240118111527";"10";"";"사곡리남근석";"55942";0
"포천시 이동면 포화로 123";"(이동면)";"31";"0";"A01";"A0101";"A01010900";"129661";"12";"20070813090000";"http://tong.visitkorea.or.kr/cms/resource/69/3024369_image2_1.jpg";"http://tong.visitkorea.or.kr/cms/resource/69/3024369_image3_1.jpg";"Type3";"127.4291314829";"38.0864852289";"6";"20231025102554";"29";"";"선유담계곡";"11110";0
"아산시 영인면 여민루길 122";"";"34";"0";"A02";"A0205";"A02050200";"129665";"12";"20070813090000";"http://tong.visitkorea.or.kr/cms/resource/12/532812_image2_1.jpg";"http://tong.visitkorea.or.kr/cms/resource/12/532812_image3_1.jpg";"Type3";"126.9534072129";"36.8461566218";"6";"20231208164459";"9";"";"관음사석탑";"31432";0
"원주시 판부면 치악로 546-22";"";"32";"0";"A01";"A0101";"A01010900";"129676";"12";"20070813090000";"http://tong.visitkorea.or.kr/cms/resource/85/3045285_image2_1.jpg";"http://tong.visitkorea.or.kr/cms/resource/85/3045285_image3_1.jpg";"Type3";"128.0401447403";"37.2604729903";"6";"20231122174442";"9";"";"금대계곡";"26504";0
"진안군 정천면 휴양림길 77";"";"37";"0";"A01";"A0101";"A01010900";"129681";"12";"20070813090000";"http://tong.visitkorea.or.kr/cms/resource/79/219579_image2_1.jpg";"http://tong.visitkorea.or.kr/cms/resource/79/219579_image3_1.jpg";"Type3";"127.4377085322";"35.9085419668";"6";"20240118110114";"14";"";"갈거계곡";"55410";0
"단양군 매포읍 삼봉로 644-33";"";"33";"0";"A01";"A0101";"A01010400";"129684";"12";"20070813090000";"http://tong.visitkorea.or.kr/cms/resource/99/3081099_image2_1.jpg";"http://tong.visitkorea.or.kr/cms/resource/99/3081099_image3_1.jpg";"Type3";"128.3430639241";"37.0031860504";"6";"20240112184027";"2";"";"석문";"27008";0
"보은군 장안면 개안길 10-2";"(장안면)";"33";"0";"A02";"A0201";"A02010400";"129688";"12";"20070823090000";"http://tong.visitkorea.or.kr/cms/resource/47/2517747_image2_1.jpg";"http://tong.visitkorea.or.kr/cms/resource/47/2517747_image2_1.jpg";"Type3";"127.7901841203";"36.4689398869";"6";"20230822171048";"3";"";"보은 선병국가옥";"28912";0
"보령시 남포면 읍성향교길 19";"";"34";"0";"A02";"A0201";"A02010300";"129691";"12";"20070824090000";"http://tong.visitkorea.or.kr/cms/resource/25/2518325_image2_1.jpg";"http://tong.visitkorea.or.kr/cms/resource/25/2518325_image2_1.jpg";"Type3";"126.6093165444";"36.3057377621";"6";"20231130143030";"5";"";"남포관아문";"33495";0
"강진군 마량면 마량리";"";"38";"0";"A02";"A0201";"A02010200";"129692";"12";"20070827090000";"http://tong.visitkorea.or.kr/cms/resource/37/2515537_image2_1.jpg";"http://tong.visitkorea.or.kr/cms/resource/37/2515537_image2_1.jpg";"Type3";"126.8157780917";"34.4533428163";"6";"20230727134818";"1";"";"강진마도진만호성지";"59269";0
"강진군 병영면 성동리";"";"38";"0";"A02";"A0201";"A02010700";"129694";"12";"20070827090000";"http://tong.visitkorea.or.kr/cms/resource/02/2516002_image2_1.jpg";"http://tong.visitkorea.or.kr/cms/resource/02/2516002_image2_1.jpg";"Type3";"126.8115608390";"34.7217376443";"6";"20230726113216";"1";"";"병영성홍교";"59214";0
"강진군 군동면 까치내로 261-21";"";"38";"0";"A02";"A0205";"A02050200";"129696";"12";"20070828090000";"http://tong.visitkorea.or.kr/cms/resource/95/220695_image2_1.jpg";"http://tong.visitkorea.or.kr/cms/resource/95/220695_image3_1.jpg";"Type3";"126.7773457532";"34.6664321757";"6";"20231209151923";"1";"";"금곡사삼층석탑";"59221";0
"봉화군 소천면 청옥로";"일대";"35";"0";"A01";"A0101";"A01010700";"129702";"12";"20070906090000";"http://tong.visitkorea.or.kr/cms/resource/05/3042605_image2_1.jpg";"http://tong.visitkorea.or.kr/cms/resource/05/3042605_image3_1.jpg";"Type3";"128.9792510345";"37.0197851165";"6";"20231117113311";"8";"";"봉화 금강소나무림";"36264";0
"용산구 서빙고로 137";"";"1";"1";"A02";"A0206";"A02060100";"129703";"14";"20071106102618";"http://tong.visitkorea.or.kr/cms/resource/72/2658572_image2_1.jpg";"http://tong.visitkorea.or.kr/cms/resource/72/2658572_image2_1.jpg";"Type3";"126.9803331705";"37.5239231193";"6";"20240311153548";"21";"02-2077-9000";"국립중앙박물관";"04383";4179508
"고성군 고성읍 남해안대로 2571";"";"36";"0";"A02";"A0206";"A02061100";"129704";"14";"20071106102620";"http://tong.visitkorea.or.kr/cms/resource/79/1978679_image2_1.jpg";"http://tong.visitkorea.or.kr/cms/resource/79/1978679_image3_1.jpg";"Type3";"128.3341209812";"34.9736412020";"6";"20230707111443";"3";"";"고성오광대전수회관";"52947";0
"삼척시 오십천로 408";"";"32";"0";"A02";"A0206";"A02060700";"129714";"14";"20071106102640";"http://tong.visitkorea.or.kr/cms/resource/96/3071096_image2_1.jpg";"http://tong.visitkorea.or.kr/cms/resource/96/3071096_image3_1.jpg";"Type3";"129.1627551938";"37.4411597129";"6";"20231215143202";"4";"";"삼척문화원";"25917";0
"남원시 양림길 54";"(어현동)";"37";"0";"A02";"A0206";"A02061100";"129721";"14";"20050113090000";"http://tong.visitkorea.or.kr/cms/resource/70/1606370_image2_1.jpg";"http://tong.visitkorea.or.kr/cms/resource/70/1606370_image3_1.jpg";"Type3";"127.3915259291";"35.4015986550";"6";"20240118104433";"4";"";"국립민속국악원";"55795";0
"종로구 대학로 60";"";"1";"0";"A02";"A0206";"A02060600";"129724";"14";"20071106102703";"http://tong.visitkorea.or.kr/cms/resource/00/696700_image2_1.jpg";"http://tong.visitkorea.or.kr/cms/resource/00/696700_image3_1.jpg";"Type3";"127.0025463239";"37.5765368491";"6";"20231208101254";"23";"";"극단 대학로극장";"03100";0
"동구 자성로133번길 16";"";"6";"0";"A02";"A0206";"A02060600";"129733";"14";"20071106102729";"http://tong.visitkorea.or.kr/cms/resource/53/3081153_image2_1.JPG";"http://tong.visitkorea.or.kr/cms/resource/53/3081153_image3_1.JPG";"Type3";"129.0651972831";"35.1388026415";"6";"20240115103734";"5";"";"부산시민회관";"48742";0
"종로구 종로33길 15";"(연지동)";"1";"0";"A02";"A0206";"A02060600";"129734";"14";"20071106102732";"http://tong.visitkorea.or.kr/cms/resource/03/2022403_image2_1.jpg";"http://tong.visitkorea.or.kr/cms/resource/03/2022403_image3_1.jpg";"Type3";"127.0009799341";"37.5718095925";"6";"20230726100058";"23";"";"두산아트센터";"03129";0
"중구 중구로 71";"(대청동4가)";"6";"0";"A02";"A0206";"A02060600";"129737";"14";"20071106102745";"http://tong.visitkorea.or.kr/cms/resource/37/1982337_image2_1.jpg";"http://tong.visitkorea.or.kr/cms/resource/37/1982337_image3_1.jpg";"Type3";"129.0290347066";"35.1042141801";"6";"20240131103400";"15";"";"부산 가톨릭센터";"48968";0
"구미시 송정대로 89 구미시문화예술회관";"";"35";"0";"A02";"A0206";"A02060600";"129739";"14";"20071106102753";"http://tong.visitkorea.or.kr/cms/resource/66/1061566_image2_1.jpg";"http://tong.visitkorea.or.kr/cms/resource/66/1061566_image3_1.jpg";"Type3";"128.3490052936";"36.1184233800";"6";"20231205160215";"4";"";"구미시문화예술회관";"39280";0
"상주시 상산로 235";"(남성동)";"35";"0";"A02";"A0206";"A02060600";"129743";"14";"20071106102803";"http://tong.visitkorea.or.kr/cms/resource/49/1890149_image2_1.jpg";"http://tong.visitkorea.or.kr/cms/resource/49/1890149_image3_1.jpg";"Type3";"128.1591528182";"36.4119142407";"6";"20231114155827";"9";"";"상주시 문화회관";"37211";0
"송파구 잠실로 124 서울놀이마당";"";"1";"0";"A02";"A0206";"A02060600";"129750";"14";"20071106102825";"http://tong.visitkorea.or.kr/cms/resource/77/1895077_image2_1.jpg";"http://tong.visitkorea.or.kr/cms/resource/77/1895077_image3_1.jpg";"Type3";"127.0981006298";"37.5097129968";"6";"20231206145051";"18";"";"서울놀이마당";"05608";0
"남양주시 화도읍 경춘로2110번길 8";"";"31";"0";"A02";"A0206";"A02060500";"129770";"14";"20071106102918";"http://tong.visitkorea.or.kr/cms/resource/21/1589421_image2_1.jpg";"http://tong.visitkorea.or.kr/cms/resource/21/1589421_image3_1.jpg";"Type3";"127.3237482921";"37.6504063015";"6";"20231207113225";"9";"";"모란미술관";"12190";4273
"진주시 남강로 626-35";"";"36";"0";"A02";"A0206";"A02060100";"129774";"14";"20071106102929";"http://tong.visitkorea.or.kr/cms/resource/81/2653281_image2_1.jpg";"http://tong.visitkorea.or.kr/cms/resource/81/2653281_image3_1.jpg";"Type3";"128.0768878142";"35.1889652253";"6";"20231027112841";"13";"";"국립진주박물관";"52692";0
"경주시 일정로 186";"(인왕동)";"35";"1";"A02";"A0206";"A02060100";"129778";"14";"20071106102941";"http://tong.visitkorea.or.kr/cms/resource/46/2743446_image2_1.jpg";"http://tong.visitkorea.or.kr/cms/resource/46/2743446_image2_1.jpg";"Type3";"129.2278971395";"35.8293947117";"6";"20231114104935";"2";"";"국립경주박물관";"38171";0
"목포시 남농로 135";"";"38";"0";"A02";"A0206";"A02060100";"129780";"14";"20071106102948";"http://tong.visitkorea.or.kr/cms/resource/54/3011154_image2_1.jpg";"http://tong.visitkorea.or.kr/cms/resource/54/3011154_image3_1.jpg";"Type1";"126.4209713073";"34.7937147612";"6";"20230914175158";"8";"";"목포자연사박물관";"58699";0
"나주시 금천면 영산로 5838";"";"38";"0";"A02";"A0206";"A02060100";"129781";"14";"20071106102951";"http://tong.visitkorea.or.kr/cms/resource/69/2540369_image2_1.JPG";"http://tong.visitkorea.or.kr/cms/resource/69/2540369_image2_1.JPG";"Type3";"126.7668793215";"35.0341295066";"6";"20230331092930";"6";"";"나주배박물관";"58215";0
"유성구 대덕대로 481";"(구성동)";"3";"0";"A02";"A0206";"A02060300";"129785";"14";"20060616090000";"http://tong.visitkorea.or.kr/cms/resource/36/2646336_image2_1.bmp";"http://tong.visitkorea.or.kr/cms/resource/36/2646336_image2_1.bmp";"Type3";"127.3751904492";"36.3754709184";"6";"20240326151636";"4";"";"국립중앙과학관";"34143";0
"공주시 관광단지길 34";"";"34";"0";"A02";"A0206";"A02060100";"129787";"14";"20040830090000";"http://tong.visitkorea.or.kr/cms/resource/13/2511413_image2_1.jpg";"http://tong.visitkorea.or.kr/cms/resource/13/2511413_image3_1.jpg";"Type3";"127.1118116174";"36.4654031840";"6";"20230629151543";"1";"";"국립공주박물관";"32535";0
"천안시 동남구 목천읍 독립기념관로 1";"(목천읍)";"34";"0";"A02";"A0206";"A02060200";"129790";"14";"20050128090000";"http://tong.visitkorea.or.kr/cms/resource/50/2998250_image2_1.jpg";"http://tong.visitkorea.or.kr/cms/resource/50/2998250_image3_1.jpg";"Type3";"127.2304173312";"36.7819355926";"6";"20240105110605";"12";"";"독립기념관";"31232";0
"진주시 진주대로 672";"(가좌동)";"36";"0";"A02";"A0206";"A02060300";"129807";"14";"20071106103118";"http://tong.visitkorea.or.kr/cms/resource/48/3040248_image2_1.jpg";"http://tong.visitkorea.or.kr/cms/resource/48/3040248_image3_1.jpg";"Type3";"128.1066246796";"35.1668126895";"6";"20231115152844";"13";"";"남부산림자원연구소";"52817";0
"종로구 효자로 12";"(세종로)";"1";"0";"A02";"A0206";"A02060100";"129811";"14";"20070905090000";"http://tong.visitkorea.or.kr/cms/resource/12/2421012_image2_1.jpg";"http://tong.visitkorea.or.kr/cms/resource/12/2421012_image3_1.jpg";"Type3";"126.9748932860";"37.5766530058";"6";"20231024154520";"23";"";"국립고궁박물관";"03045";0
"광진구 능동로 120";"";"1";"0";"A02";"A0206";"A02060100";"129818";"14";"20071106103148";"http://tong.visitkorea.or.kr/cms/resource/32/1502932_image2_1.jpg";"http://tong.visitkorea.or.kr/cms/resource/32/1502932_image3_1.jpg";"Type3";"127.0763072274";"37.5428781974";"6";"20230328142624";"6";"";"건국대학교박물관";"05029";0
"성북구 안암로 145";"";"1";"0";"A02";"A0206";"A02060100";"129831";"14";"20071106103220";"http://tong.visitkorea.or.kr/cms/resource/46/1518646_image2_1.jpg";"http://tong.visitkorea.or.kr/cms/resource/46/1518646_image3_1.jpg";"Type3";"127.0317877244";"37.5898997105";"6";"20231204120932";"17";"";"고려대학교박물관";"02841";0
"동구 대학로 62 대전대학교";"지산도서관내 1층";"3";"0";"A02";"A0206";"A02060100";"129836";"14";"20071106103234";"http://tong.visitkorea.or.kr/cms/resource/12/3033412_image2_1.JPG";"http://tong.visitkorea.or.kr/cms/resource/12/3033412_image3_1.JPG";"Type3";"127.4583035528";"36.3353019905";"6";"20231107141333";"2";"";"대전대학교박물관";"34520";0
"중구 중교로 33";"(대흥동)";"3";"0";"A02";"A0206";"A02060500";"129845";"14";"20071106103256";"http://tong.visitkorea.or.kr/cms/resource/89/3063089_image2_1.JPG";"http://tong.visitkorea.or.kr/cms/resource/89/3063089_image3_1.JPG";"Type3";"127.4234097205";"36.3253247336";"6";"20231208153717";"5";"";"대전현대갤러리";"34916";0
"종로구 인사동길 31-8";"(관훈동)";"1";"0";"A02";"A0206";"A02060500";"129846";"14";"20071106103258";"http://tong.visitkorea.or.kr/cms/resource/25/682325_image2_1.jpg";"http://tong.visitkorea.or.kr/cms/resource/25/682325_image3_1.jpg";"Type3";"126.9852924331";"37.5732896946";"6";"20231207120803";"23";"";"갤러리 비앤에스";"03149";0
"종로구 평창30길 28";"(평창동)";"1";"0";"A02";"A0206";"A02060500";"129854";"14";"20071106103314";"http://tong.visitkorea.or.kr/cms/resource/19/1570619_image2_1.jpg";"http://tong.visitkorea.or.kr/cms/resource/19/1570619_image3_1.jpg";"Type3";"126.9751811398";"37.6122099878";"6";"20231208115523";"23";"";"가나아트센터";"03004";0
"부천시 경인로92번길 33";"(송내동)";"31";"0";"A02";"A0206";"A02060700";"129857";"14";"20071106103323";"http://tong.visitkorea.or.kr/cms/resource/53/1852653_image2_1.jpg";"http://tong.visitkorea.or.kr/cms/resource/53/1852653_image3_1.jpg";"Type3";"126.7665260402";"37.4824935633";"6";"20231205174233";"11";"";"부천문화원";"14727";0
"동두천시 어수로 4";"(상패동)";"31";"0";"A02";"A0206";"A02060700";"129860";"14";"20071106103328";"http://tong.visitkorea.or.kr/cms/resource/02/1892302_image2_1.jpg";"http://tong.visitkorea.or.kr/cms/resource/02/1892302_image3_1.jpg";"Type3";"127.0430332207";"37.9052243086";"6";"20231116095149";"10";"";"동두천문화원";"11340";0
"구리시 동구릉로 217-14";"";"31";"0";"A02";"A0206";"A02060700";"129865";"14";"20071106103337";"http://tong.visitkorea.or.kr/cms/resource/84/1858484_image2_1.jpg";"http://tong.visitkorea.or.kr/cms/resource/84/1858484_image3_1.jpg";"Type3";"127.1384438616";"37.6183872119";"6";"20231122141910";"6";"";"구리문화원";"11910";0
"과천시 문원로 40-1";"(문원동)";"31";"0";"A02";"A0206";"A02060700";"129866";"14";"20071106103339";"http://tong.visitkorea.or.kr/cms/resource/88/1858488_image2_1.jpg";"http://tong.visitkorea.or.kr/cms/resource/88/1858488_image3_1.jpg";"Type3";"127.0017728042";"37.4283262682";"6";"20231106102341";"3";"";"과천문화원";"13828";0
"남양주시 경춘로 883-36";"(금곡동)";"31";"0";"A02";"A0206";"A02060700";"129868";"14";"20071106103342";"http://tong.visitkorea.or.kr/cms/resource/38/1785838_image2_1.jpg";"http://tong.visitkorea.or.kr/cms/resource/38/1785838_image3_1.jpg";"Type3";"127.1983713186";"37.6329838240";"6";"20231207141824";"9";"";"남양주문화원";"12235";0
"고양시 일산서구 한류월드로 280";"(대화동)";"31";"0";"A02";"A0206";"A02060700";"129874";"14";"20071106103353";"http://tong.visitkorea.or.kr/cms/resource/72/2363372_image2_1.jpg";"http://tong.visitkorea.or.kr/cms/resource/72/2363372_image3_1.jpg";"Type3";"126.7562551900";"37.6649943753";"6";"20230823153704";"2";"";"고양문화원";"10392";0
"가평군 가평읍 문화로 131";"";"31";"0";"A02";"A0206";"A02060700";"129877";"14";"20071106103359";"http://tong.visitkorea.or.kr/cms/resource/64/1785864_image2_1.jpg";"http://tong.visitkorea.or.kr/cms/resource/64/1785864_image3_1.jpg";"Type3";"127.5085264086";"37.8242478130";"6";"20231024151941";"1";"";"가평문화원";"12416";0
"광주시 문화로85번길 19-12";"(경안동)";"31";"0";"A02";"A0206";"A02060700";"129878";"14";"20071106103400";"http://tong.visitkorea.or.kr/cms/resource/61/1865961_image2_1.jpg";"http://tong.visitkorea.or.kr/cms/resource/61/1865961_image3_1.jpg";"Type3";"127.2493508267";"37.4100272900";"6";"20231109104706";"5";"";"광주문화원(경기)";"12762";0
"동해시 천곡2길 8";"(천곡동)";"32";"0";"A02";"A0206";"A02060700";"129882";"14";"20080218201450";"http://tong.visitkorea.or.kr/cms/resource/83/3070483_image2_1.jpg";"http://tong.visitkorea.or.kr/cms/resource/83/3070483_image3_1.jpg";"Type3";"129.1124460209";"37.5245296808";"6";"20231215115557";"3";"";"동해문화원";"25759";0
"고성군 간성읍 간성로 71-7";"";"32";"0";"A02";"A0206";"A02060700";"129889";"14";"20050527090000";"http://tong.visitkorea.or.kr/cms/resource/77/3081077_image2_1.jpg";"http://tong.visitkorea.or.kr/cms/resource/77/3081077_image3_1.jpg";"Type3";"128.4669111436";"38.3786985861";"6";"20240112181352";"2";"";"고성문화원";"24729";0
"종로구 인사동10길 11";"";"1";"0";"A02";"A0206";"A02060500";"129898";"14";"20071106103446";"http://tong.visitkorea.or.kr/cms/resource/14/1394214_image2_1.jpg";"http://tong.visitkorea.or.kr/cms/resource/14/1394214_image3_1.jpg";"Type3";"126.9856034879";"37.5742756967";"6";"20231207123046";"23";"";"가람화랑";"03146";0
"은평구 연서로29길 34-14 (갈현동)";"";"1";"0";"A02";"A0206";"A02060500";"129900";"14";"20071106103450";"http://tong.visitkorea.or.kr/cms/resource/75/683375_image2_1.jpg";"http://tong.visitkorea.or.kr/cms/resource/75/683375_image3_1.jpg";"Type3";"126.9171584188";"37.6205440893";"6";"20231207115306";"23";"";"나화랑";"03330";0
"종로구 인사동10길 18";"(관훈동)";"1";"0";"A02";"A0206";"A02060500";"129902";"14";"20071106103453";"http://tong.visitkorea.or.kr/cms/resource/59/682259_image2_1.jpg";"http://tong.visitkorea.or.kr/cms/resource/59/682259_image3_1.jpg";"Type3";"126.9859145721";"37.5742229305";"6";"20231207121325";"23";"";"갤러리 우림";"03148";0
"종로구 인사동9길 35";"(견지동)";"1";"0";"A02";"A0206";"A02060500";"129903";"14";"20071106103455";"http://tong.visitkorea.or.kr/cms/resource/19/1394219_image2_1.jpg";"http://tong.visitkorea.or.kr/cms/resource/19/1394219_image3_1.jpg";"Type3";"126.9833592862";"37.5729202581";"6";"20231208094639";"23";"";"동산방화랑";"03149";0
"종로구 인사동5길 8";"(인사동)";"1";"0";"A02";"A0206";"A02060500";"129905";"14";"20071106103500";"http://tong.visitkorea.or.kr/cms/resource/95/1837595_image2_1.jpg";"http://tong.visitkorea.or.kr/cms/resource/95/1837595_image3_1.jpg";"Type3";"126.9856924073";"37.5729175227";"6";"20231207121038";"23";"";"선화랑";"03149";0
"종로구 인사동길 54";"";"1";"0";"A02";"A0206";"A02060500";"129906";"14";"20071106103502";"http://tong.visitkorea.or.kr/cms/resource/78/683378_image2_1.jpg";"http://tong.visitkorea.or.kr/cms/resource/78/683378_image3_1.jpg";"Type3";"126.9840813880";"37.5748478250";"6";"20231206161312";"23";"";"노화랑";"03146";0
"종로구 인사동10길 4";"(관훈동)";"1";"0";"A02";"A0206";"A02060500";"129909";"14";"20071106103509";"http://tong.visitkorea.or.kr/cms/resource/20/683420_image2_1.jpg";"http://tong.visitkorea.or.kr/cms/resource/20/683420_image3_1.jpg";"Type3";"126.9853590742";"37.5739757272";"6";"20231206113921";"23";"";"모던화랑";"03148";0
"종로구 삼청로 14";"(사간동)";"1";"0";"A02";"A0206";"A02060500";"129917";"14";"20071106103528";"http://tong.visitkorea.or.kr/cms/resource/50/1570450_image2_1.jpg";"http://tong.visitkorea.or.kr/cms/resource/50/1570450_image3_1.jpg";"Type3";"126.9798039302";"37.5773002409";"6";"20231208100936";"23";"";"갤러리 현대";"03062";0
"종로구 삼청로 54";"(소격동) (신관 삼청로 48-10)";"1";"0";"A02";"A0206";"A02060500";"129918";"14";"20071106103530";"http://tong.visitkorea.or.kr/cms/resource/43/1570643_image2_1.jpg";"http://tong.visitkorea.or.kr/cms/resource/43/1570643_image3_1.jpg";"Type3";"126.9805259904";"37.5807193013";"6";"20231208110656";"23";"";"국제갤러리";"03053";0
"강남구 논현로159길 24";"(신사동)";"1";"0";"A02";"A0206";"A02060500";"129921";"14";"20071106103538";"http://tong.visitkorea.or.kr/cms/resource/80/1258080_image2_1.jpg";"http://tong.visitkorea.or.kr/cms/resource/80/1258080_image3_1.jpg";"Type3";"127.0260901416";"37.5229879379";"6";"20231204164509";"1";"";"다도화랑";"06031";0
"강남구 압구정로36길 8";"(신사동)";"1";"0";"A02";"A0206";"A02060500";"129924";"14";"20071106103544";"http://tong.visitkorea.or.kr/cms/resource/81/2024981_image2_1.jpg";"http://tong.visitkorea.or.kr/cms/resource/81/2024981_image3_1.jpg";"Type3";"127.0313117475";"37.5279485666";"6";"20230404093848";"1";"";"갤러리 인데코";"06023";0
"강남구 학동로 523";"";"1";"0";"A02";"A0206";"A02060500";"129927";"14";"20071106103552";"http://tong.visitkorea.or.kr/cms/resource/32/1837332_image2_1.jpg";"http://tong.visitkorea.or.kr/cms/resource/32/1837332_image3_1.jpg";"Type3";"127.0560652706";"37.5201388076";"6";"20231204164007";"1";"";"갤러리 서림";"06072";0
"중구 봉산문화길 42";"";"4";"0";"A02";"A0206";"A02060500";"129932";"14";"20071106103603";"http://tong.visitkorea.or.kr/cms/resource/45/1888845_image2_1.jpg";"http://tong.visitkorea.or.kr/cms/resource/45/1888845_image3_1.jpg";"Type3";"128.5981626570";"35.8620126066";"6";"20231205170834";"8";"";"동원화랑";"41959";0
"강릉시 하슬라로 96";"(교동)";"32";"0";"A02";"A0206";"A02060700";"129942";"14";"20071106103624";"http://tong.visitkorea.or.kr/cms/resource/08/3069208_image2_1.jpg";"http://tong.visitkorea.or.kr/cms/resource/08/3069208_image3_1.jpg";"Type3";"128.8738046819";"37.7587674189";"6";"20231214163044";"1";"";"강릉문화원";"25517";0
"고성군 고성읍 성내로 54";"";"36";"0";"A02";"A0206";"A02060700";"129943";"14";"20071106103626";"http://tong.visitkorea.or.kr/cms/resource/51/3040051_image2_1.JPG";"http://tong.visitkorea.or.kr/cms/resource/51/3040051_image3_1.JPG";"Type3";"128.3149337201";"34.9754351028";"6";"20231115143427";"3";"";"고성문화원(경남)";"52935";0
"거제시 능포로 7";"(장승포동)";"36";"0";"A02";"A0206";"A02060700";"129947";"14";"20071106103633";"http://tong.visitkorea.or.kr/cms/resource/06/1978706_image2_1.jpg";"http://tong.visitkorea.or.kr/cms/resource/06/1978706_image3_1.jpg";"Type3";"128.7230565080";"34.8701125536";"6";"20231005142646";"1";"";"거제문화원";"53317";0
"밀양시 중앙로 265";"(삼문동)";"36";"0";"A02";"A0206";"A02060700";"129948";"14";"20071106103635";"http://tong.visitkorea.or.kr/cms/resource/88/1889988_image2_1.jpg";"http://tong.visitkorea.or.kr/cms/resource/88/1889988_image3_1.jpg";"Type3";"128.7549592647";"35.4867384159";"6";"20231129183523";"7";"";"밀양문화원";"50437";0
"보은군 보은읍 뱃들로 54";"";"33";"0";"A02";"A0206";"A02060700";"129955";"14";"20071106103651";"http://tong.visitkorea.or.kr/cms/resource/27/1847527_image2_1.jpg";"http://tong.visitkorea.or.kr/cms/resource/27/1847527_image3_1.jpg";"Type3";"127.7235117967";"36.4870866052";"6";"20231115162646";"3";"";"보은문화원";"28936";0
"괴산군 괴산읍 읍내로 266";"";"33";"0";"A02";"A0206";"A02060700";"129956";"14";"20071106103653";"http://tong.visitkorea.or.kr/cms/resource/62/1847862_image2_1.jpg";"http://tong.visitkorea.or.kr/cms/resource/62/1847862_image3_1.jpg";"Type3";"127.7939382133";"36.8069900961";"6";"20231207173801";"1";"";"괴산문화원";"28033";0
"단양군 단양읍 중앙1로 32";"";"33";"0";"A02";"A0206";"A02060700";"129957";"14";"20071106103655";"http://tong.visitkorea.or.kr/cms/resource/11/176511_image2_1.jpg";"http://tong.visitkorea.or.kr/cms/resource/11/176511_image3_1.jpg";"Type3";"128.3682510740";"36.9854663364";"6";"20231207153657";"2";"";"단양문화원";"27010";0
"중구 대흥로 109";"(대흥동)";"3";"0";"A02";"A0206";"A02060700";"129973";"14";"20071106103726";"http://tong.visitkorea.or.kr/cms/resource/04/3063104_image2_1.JPG";"http://tong.visitkorea.or.kr/cms/resource/04/3063104_image3_1.JPG";"Type3";"127.4241652613";"36.3233721925";"6";"20231208154509";"5";"";"대전 중구문화원";"34917";0
"남원시 광한북로 57";"(하정동)";"37";"0";"A02";"A0206";"A02060700";"129975";"14";"202401181743";"http://tong.visitkorea.or.kr/cms/resource/43/1976143_image2_1.jpg";"http://tong.visitkorea.or.kr/cms/resource/43/1976143_image3_1.jpg";"Type3";"127.3793601704";"35.4080643796";"6";"20240118174312";"4";"";"남원문화원";"55763";0
"군산시 대학로 330";"(나운동)";"37";"0";"A02";"A0206";"A02060700";"129977";"14";"20071106103734";"http://tong.visitkorea.or.kr/cms/resource/46/1976146_image2_1.jpg";"http://tong.visitkorea.or.kr/cms/resource/46/1976146_image3_1.jpg";"Type3";"126.6934067562";"35.9649781853";"6";"20240118110915";"2";"";"군산문화원";"54129";0
"김제시 서암5길 5";"(서암동)";"37";"0";"A02";"A0206";"A02060700";"129978";"14";"202401181743";"http://tong.visitkorea.or.kr/cms/resource/51/1976151_image2_1.jpg";"http://tong.visitkorea.or.kr/cms/resource/51/1976151_image3_1.jpg";"Type3";"126.8820051701";"35.8046635768";"6";"20240118174312";"3";"";"김제문화원";"54386";0
"광양시 광양읍 매천로 829";"";"38";"0";"A02";"A0206";"A02060700";"129987";"14";"20071106103752";"http://tong.visitkorea.or.kr/cms/resource/45/2515545_image2_1.jpg";"http://tong.visitkorea.or.kr/cms/resource/45/2515545_image2_1.jpg";"Type3";"127.5861308504";"34.9758666870";"6";"20230830134718";"4";"";"광양문화원";"57743";0
"담양군 담양읍 죽향문화로 35";"";"38";"0";"A02";"A0206";"A02060700";"129988";"14";"20071106103754";"http://tong.visitkorea.or.kr/cms/resource/89/1971089_image2_1.jpg";"http://tong.visitkorea.or.kr/cms/resource/89/1971089_image3_1.jpg";"Type3";"126.9772427091";"35.3095130610";"6";"20231004150318";"7";"";"담양문화원";"57365";0
"고흥군 고흥읍 고흥로 1892-67";"";"38";"0";"A02";"A0206";"A02060700";"129996";"14";"20071106103809";"http://tong.visitkorea.or.kr/cms/resource/46/1971046_image2_1.jpg";"http://tong.visitkorea.or.kr/cms/resource/46/1971046_image3_1.jpg";"Type3";"127.2975208647";"34.6124080728";"6";"20231205165207";"2";"";"고흥문화원";"59536";0
"사천시 문선4길 21";"(벌리동)";"36";"0";"A02";"A0206";"A02060700";"130004";"14";"20071106103824";"http://tong.visitkorea.or.kr/cms/resource/86/1870686_image2_1.jpg";"http://tong.visitkorea.or.kr/cms/resource/86/1870686_image3_1.jpg";"Type3";"128.0819662313";"34.9354910013";"6";"20231218102853";"8";"";"사천문화원";"52561";0
"중구 봉산문화길 77";"(봉산동) 봉산문화회관 4층";"4";"0";"A02";"A0206";"A02060700";"130008";"14";"20071106103832";"http://tong.visitkorea.or.kr/cms/resource/94/1888894_image2_1.jpg";"http://tong.visitkorea.or.kr/cms/resource/94/1888894_image3_1.jpg";"Type3";"128.5965738691";"35.8634068630";"6";"20231025102504";"8";"";"대구 중구문화원";"41958";0
"봉화군 봉화읍 내성로4길 6-13";"";"35";"0";"A02";"A0206";"A02060700";"130019";"14";"20071106103853";"http://tong.visitkorea.or.kr/cms/resource/77/1893577_image2_1.jpg";"http://tong.visitkorea.or.kr/cms/resource/77/1893577_image3_1.jpg";"Type3";"128.7417427738";"36.8883984103";"6";"20240202100639";"8";"";"봉화문화원";"36238";0
"문경시 점촌5길 20";"";"35";"0";"A02";"A0206";"A02060700";"130023";"14";"20071106103900";"http://tong.visitkorea.or.kr/cms/resource/82/1893582_image2_1.jpg";"http://tong.visitkorea.or.kr/cms/resource/82/1893582_image3_1.jpg";"Type3";"128.1985885063";"36.5975298671";"6";"20230914173124";"7";"";"문경문화원";"36971";0
"상주시 상산로 235";"";"35";"0";"A02";"A0206";"A02060700";"130024";"14";"20071106103902";"http://tong.visitkorea.or.kr/cms/resource/04/1890204_image2_1.jpg";"http://tong.visitkorea.or.kr/cms/resource/04/1890204_image3_1.jpg";"Type3";"128.1591528182";"36.4119142407";"6";"20231211134747";"9";"";"상주문화원";"37211";0
"구미시 선산읍 선산중앙로 83-1";"";"35";"0";"A02";"A0206";"A02060700";"130025";"14";"20071106103904";"http://tong.visitkorea.or.kr/cms/resource/82/1061382_image2_1.jpg";"http://tong.visitkorea.or.kr/cms/resource/82/1061382_image3_1.jpg";"Type3";"128.3001450286";"36.2430277517";"6";"20230914151803";"4";"";"구미문화원";"39119";0
"김천시 김천로 200";"(남산동)";"35";"0";"A02";"A0206";"A02060700";"130031";"14";"20071106103917";"http://tong.visitkorea.or.kr/cms/resource/63/2493463_image2_1.jpg";"http://tong.visitkorea.or.kr/cms/resource/63/2493463_image2_1.jpg";"Type3";"128.1221198344";"36.1187441955";"6";"20230610064300";"6";"";"김천문화원";"39596";0
"광산구 상무대로 265";"";"5";"0";"A02";"A0206";"A02060700";"130032";"14";"20071106103919";"http://tong.visitkorea.or.kr/cms/resource/82/1888782_image2_1.jpg";"http://tong.visitkorea.or.kr/cms/resource/82/1888782_image3_1.jpg";"Type3";"126.7951296891";"35.1424455318";"6";"20231031142212";"1";"";"광산문화원";"62421";0
"고창군 고창읍 판소리길 20";"";"37";"0";"A02";"A0206";"A02060600";"130049";"14";"20071106103958";"http://tong.visitkorea.or.kr/cms/resource/25/196625_image2_1.jpg";"http://tong.visitkorea.or.kr/cms/resource/25/196625_image3_1.jpg";"Type3";"126.7023528922";"35.4317028988";"6";"20240118101218";"1";"";"동리국악당";"56440";0
"고창군 고창읍 천변북로 119";"";"37";"0";"A02";"A0206";"A02060700";"130051";"14";"202401181743";"http://tong.visitkorea.or.kr/cms/resource/57/176257_image2_1.jpg";"http://tong.visitkorea.or.kr/cms/resource/57/176257_image3_1.jpg";"Type3";"126.7053525574";"35.4344220857";"6";"20240118174312";"1";"";"고창문화원";"56432";0
"북구 북문대로 60";"";"5";"0";"A02";"A0206";"A02060600";"130058";"14";"20071106104021";"http://tong.visitkorea.or.kr/cms/resource/88/3033588_image2_1.jpg";"http://tong.visitkorea.or.kr/cms/resource/88/3033588_image3_1.jpg";"Type3";"126.8813878390";"35.1779374203";"6";"20240318101849";"4";"";"광주예술의전당";"61104";0
"부여군 부여읍 금성로 5";"";"34";"1";"A02";"A0206";"A02060100";"130062";"14";"20040305090000";"http://tong.visitkorea.or.kr/cms/resource/26/2366326_image2_1.jpg";"http://tong.visitkorea.or.kr/cms/resource/26/2366326_image3_1.jpg";"Type3";"126.9189645227";"36.2763825813";"6";"20230728100953";"6";"";"국립부여박물관";"33156";0
"거창군 거창읍 수남로 2181";"";"36";"0";"A02";"A0206";"A02060100";"130084";"14";"20071106104132";"http://tong.visitkorea.or.kr/cms/resource/86/1611086_image2_1.jpg";"http://tong.visitkorea.or.kr/cms/resource/86/1611086_image3_1.jpg";"Type3";"127.9102618219";"35.6734631366";"6";"20231207180738";"2";"";"거창박물관";"50147";0
"전주시 완산구 전주천동로 74";"";"37";"0";"A02";"A0206";"A02060300";"130090";"14";"202401181743";"http://tong.visitkorea.or.kr/cms/resource/94/1605494_image2_1.jpg";"http://tong.visitkorea.or.kr/cms/resource/94/1605494_image3_1.jpg";"Type3";"127.1524920198";"35.8112813788";"6";"20240118174312";"12";"";"강암서예관";"55044";0
"광명시 철망산로 42";"(하안동)";"31";"0";"A02";"A0206";"A02060700";"130093";"14";"20071106104156";"http://tong.visitkorea.or.kr/cms/resource/49/1852649_image2_1.jpg";"http://tong.visitkorea.or.kr/cms/resource/49/1852649_image3_1.jpg";"Type3";"126.8731056385";"37.4674360972";"6";"20230912095745";"4";"";"광명문화원";"14245";0
"구미시 선산읍 성황2길 11";"";"35";"0";"A02";"A0206";"A02060300";"130096";"14";"20071106104204";"http://tong.visitkorea.or.kr/cms/resource/87/1893587_image2_1.jpg";"http://tong.visitkorea.or.kr/cms/resource/87/1893587_image3_1.jpg";"Type3";"128.2905016851";"36.2342785706";"6";"20230320134945";"4";"";"농경유물관";"39133";0
"구미시 산책길 51";"";"35";"0";"A02";"A0206";"A02060300";"130097";"14";"20071106104206";"http://tong.visitkorea.or.kr/cms/resource/51/1061451_image2_1.jpg";"http://tong.visitkorea.or.kr/cms/resource/51/1061451_image3_1.jpg";"Type3";"128.3305901159";"36.1235085753";"6";"20231205160852";"4";"";"구미시립민속관";"39305";0
"칠곡군 왜관읍 석전로15길 20";"";"35";"0";"A02";"A0206";"A02060300";"130098";"14";"20071106104209";"http://tong.visitkorea.or.kr/cms/resource/92/1968392_image2_1.jpg";"http://tong.visitkorea.or.kr/cms/resource/92/1968392_image3_1.jpg";"Type3";"128.4151525997";"36.0051096867";"6";"20231209133043";"22";"";"국조전(칠곡)";"39875";0
"고령군 대가야읍 지산길 7-8";"";"35";"0";"A02";"A0206";"A02060600";"130100";"14";"20071106104213";"http://tong.visitkorea.or.kr/cms/resource/63/1002863_image2_1.jpg";"http://tong.visitkorea.or.kr/cms/resource/63/1002863_image3_1.jpg";"Type3";"128.2636069812";"35.7265857037";"6";"20230407111652";"3";"";"대가야국악당";"40138";0
"군포시 한세로56번길 12";"(당정동)";"31";"0";"A02";"A0206";"A02060700";"130104";"14";"20071106104222";"http://tong.visitkorea.or.kr/cms/resource/09/2358209_image2_1.JPG";"http://tong.visitkorea.or.kr/cms/resource/09/2358209_image2_1.JPG";"Type3";"126.9548682338";"37.3472320578";"6";"20230726110206";"7";"";"군포문화원";"15853";0
"동구 예술길 18-1";"(궁동)";"5";"0";"A02";"A0206";"A02060500";"130117";"14";"20071106104252";"http://tong.visitkorea.or.kr/cms/resource/58/1587558_image2_1.jpg";"http://tong.visitkorea.or.kr/cms/resource/58/1587558_image3_1.jpg";"Type3";"126.9181852835";"35.1500689678";"6";"20240315100019";"3";"";"무등갤러리";"61475";0
"서초구 남부순환로 2364";"";"1";"0";"A02";"A0206";"A02061100";"130124";"14";"20071106104312";"http://tong.visitkorea.or.kr/cms/resource/35/919135_image2_1.jpg";"http://tong.visitkorea.or.kr/cms/resource/35/919135_image3_1.jpg";"Type3";"127.0088596528";"37.4778373158";"6";"20240131173242";"15";"";"국립국악원";"06757";0
"서초구 남부순환로 2364";"";"1";"0";"A02";"A0206";"A02060100";"130125";"14";"20071106104315";"http://tong.visitkorea.or.kr/cms/resource/92/2013392_image2_1.JPG";"http://tong.visitkorea.or.kr/cms/resource/92/2013392_image2_1.JPG";"Type3";"127.0088596528";"37.4778373158";"6";"20230320194941";"15";"";"국립국악박물관";"06757";0
"수성구 청호로 321";"";"4";"0";"A02";"A0206";"A02060100";"130132";"14";"20071106104333";"http://tong.visitkorea.or.kr/cms/resource/85/3008585_image2_1.jpg";"http://tong.visitkorea.or.kr/cms/resource/85/3008585_image3_1.jpg";"Type1";"128.6383484648";"35.8455790962";"6";"20230907104858";"7";"";"국립대구박물관";"42111";0
"용인시 기흥구 상갈로 6";"";"31";"1";"A02";"A0206";"A02060100";"130136";"14";"20071106104345";"http://tong.visitkorea.or.kr/cms/resource/97/576297_image2_1.jpg";"http://tong.visitkorea.or.kr/cms/resource/97/576297_image3_1.jpg";"Type3";"127.1086564838";"37.2682634008";"6";"20240320172902";"23";"";"경기도박물관";"17072";0
"울릉군 울릉읍 약수터길 90-17";"";"35";"0";"A02";"A0206";"A02060100";"130137";"14";"20071106104351";"http://tong.visitkorea.or.kr/cms/resource/98/2709898_image2_1.jpg";"http://tong.visitkorea.or.kr/cms/resource/98/2709898_image3_1.jpg";"Type3";"130.9009104224";"37.4834150165";"6";"20231024171301";"17";"";"독도박물관";"40225";0
"동래구 복천로 63";"(복천동)";"6";"0";"A02";"A0206";"A02060100";"130145";"14";"20071106104414";"http://tong.visitkorea.or.kr/cms/resource/59/1205059_image2_1.jpg";"http://tong.visitkorea.or.kr/cms/resource/59/1205059_image3_1.jpg";"Type3";"129.0911042192";"35.2088924921";"6";"20231030181851";"6";"";"복천박물관(부산)";"47800";0
"서대문구 통일로 251";"";"1";"0";"A02";"A0206";"A02060300";"130152";"14";"20071106104433";"http://tong.visitkorea.or.kr/cms/resource/27/2590627_image2_1.jpg";"http://tong.visitkorea.or.kr/cms/resource/27/2590627_image3_1.jpg";"Type3";"126.9555506693";"37.5743584811";"6";"20240311155747";"14";"";"서대문형무소역사관";"03732";0
"중구 백산길 11";"";"6";"0";"A02";"A0206";"A02060200";"130153";"14";"20071106104438";"http://tong.visitkorea.or.kr/cms/resource/07/566207_image2_1.jpg";"http://tong.visitkorea.or.kr/cms/resource/07/566207_image3_1.jpg";"Type3";"129.0345787296";"35.1019784209";"6";"20231128095640";"15";"";"백산기념관";"48955";0
"종로구 경희궁길 42";"(신문로2가)";"1";"0";"A02";"A0206";"A02060500";"130154";"14";"20071106104441";"http://tong.visitkorea.or.kr/cms/resource/42/1570442_image2_1.jpg";"http://tong.visitkorea.or.kr/cms/resource/42/1570442_image3_1.jpg";"Type3";"126.9696605179";"37.5735143878";"6";"20231208110435";"23";"";"성곡미술관";"03175";0
"종로구 우정국로 68 동덕빌딩";"B1 동덕아트갤러리";"1";"0";"A02";"A0206";"A02060500";"130155";"14";"20071106104443";"http://tong.visitkorea.or.kr/cms/resource/69/3048969_image2_1.JPG";"http://tong.visitkorea.or.kr/cms/resource/69/3048969_image3_1.JPG";"Type3";"126.9833314524";"37.5749894618";"6";"20231207170259";"23";"";"동덕아트갤러리";"03145";0
"해운대구 APEC로 58";"(우동)";"6";"0";"A02";"A0206";"A02060500";"130166";"14";"20071106104508";"http://tong.visitkorea.or.kr/cms/resource/62/2712662_image2_1.jpg";"http://tong.visitkorea.or.kr/cms/resource/62/2712662_image3_1.jpg";"Type3";"129.1370458254";"35.1666980687";"6";"20231017135424";"16";"";"부산시립미술관";"48060";0
"관악구 관악로 1";"";"1";"0";"A02";"A0206";"A02060300";"130170";"14";"20071106104519";"http://tong.visitkorea.or.kr/cms/resource/26/762426_image2_1.jpg";"http://tong.visitkorea.or.kr/cms/resource/26/762426_image3_1.jpg";"Type3";"126.9522096436";"37.4639934641";"6";"20231204172338";"5";"";"서울대학교 규장각";"08826";0
"공주시 의당면 돌모루1길 40";"";"34";"0";"A02";"A0206";"A02060100";"130171";"14";"20060721090000";"http://tong.visitkorea.or.kr/cms/resource/43/1598643_image2_1.jpg";"http://tong.visitkorea.or.kr/cms/resource/43/1598643_image3_1.jpg";"Type3";"127.1476740817";"36.5018079738";"6";"20231206135302";"1";"";"공주민속극박물관";"32517";0
"서초구 신흥안길 40-10";"";"1";"0";"A02";"A0206";"A02060100";"130179";"14";"20071106104543";"http://tong.visitkorea.or.kr/cms/resource/46/1570746_image2_1.jpg";"http://tong.visitkorea.or.kr/cms/resource/46/1570746_image3_1.jpg";"Type3";"127.0754765035";"37.4534635628";"6";"20231204103859";"15";"";"분재박물관";"06801";0
"수성구 동대구로 176";"(황금동)";"4";"0";"A02";"A0206";"A02060600";"130191";"14";"20071106104625";"http://tong.visitkorea.or.kr/cms/resource/01/1575201_image2_1.jpg";"http://tong.visitkorea.or.kr/cms/resource/01/1575201_image3_1.jpg";"Type3";"128.6277826972";"35.8466898866";"6";"20230912103851";"7";"";"대구어린이세상";"42110";0
"서귀포시 이중섭로 33 3층(이중섭창작스튜디오)";"(서귀동)";"39";"0";"A02";"A0206";"A02060700";"130193";"14";"20071106104630";"http://tong.visitkorea.or.kr/cms/resource/12/1938012_image2_1.jpg";"http://tong.visitkorea.or.kr/cms/resource/12/1938012_image3_1.jpg";"Type3";"126.5644975567";"33.2451841334";"6";"20231208152003";"3";"";"서귀포문화원";"63595";0
"부안군 부안읍 매창1길 25";"";"37";"0";"A02";"A0206";"A02060700";"130194";"14";"20071106104631";"http://tong.visitkorea.or.kr/cms/resource/71/1976171_image2_1.jpg";"http://tong.visitkorea.or.kr/cms/resource/71/1976171_image3_1.jpg";"Type3";"126.7288543020";"35.7211732424";"6";"20240118103526";"6";"";"부안문화원";"56312";0
"서구 계룡로553번길 38";"(탄방동)";"3";"0";"A02";"A0206";"A02060700";"130197";"14";"20071106104636";"http://tong.visitkorea.or.kr/cms/resource/09/1944909_image2_1.jpg";"http://tong.visitkorea.or.kr/cms/resource/09/1944909_image3_1.jpg";"Type3";"127.3855570260";"36.3446135222";"6";"20230223163521";"3";"";"대전 서구문화원";"35262";0
"서구 대신공원로 34-91";"(서대신동3가)";"6";"0";"A02";"A0206";"A02061100";"130200";"14";"20071106104642";"http://tong.visitkorea.or.kr/cms/resource/42/2649742_image2_1.jpg";"http://tong.visitkorea.or.kr/cms/resource/42/2649742_image2_1.jpg";"Type3";"129.0185239719";"35.1239284464";"6";"20230629165133";"11";"";"구덕 민속예술관";"49200";0
"대덕구 대전로 1348";"(읍내동)";"3";"0";"A02";"A0206";"A02060700";"130201";"14";"20071106104644";"http://tong.visitkorea.or.kr/cms/resource/03/1944903_image2_1.jpg";"http://tong.visitkorea.or.kr/cms/resource/03/1944903_image3_1.jpg";"Type3";"127.4206308660";"36.3741052155";"6";"20230422133628";"1";"";"대덕문화원";"34360";0
"북구 향토문화로 65";"(중흥동)";"5";"0";"A02";"A0206";"A02060700";"130208";"14";"20071106104659";"http://tong.visitkorea.or.kr/cms/resource/90/1888790_image2_1.jpg";"http://tong.visitkorea.or.kr/cms/resource/90/1888790_image3_1.jpg";"Type3";"126.9136739994";"35.1728607617";"6";"20231226164122";"4";"";"광주 북구문화원";"61207";0
"중구 청계천로 86";"";"1";"0";"A02";"A0206";"A02060700";"130209";"14";"20071106104701";"http://tong.visitkorea.or.kr/cms/resource/02/1717702_image2_1.jpg";"http://tong.visitkorea.or.kr/cms/resource/02/1717702_image3_1.jpg";"Type3";"126.9865480402";"37.5674348418";"6";"20231207113113";"24";"";"서울 중구문화원";"04541";0
"강서구 화곡로 215";"(화곡동)";"1";"0";"A02";"A0206";"A02060700";"130210";"14";"20071106104702";"http://tong.visitkorea.or.kr/cms/resource/10/1805610_image2_1.jpg";"http://tong.visitkorea.or.kr/cms/resource/10/1805610_image3_1.jpg";"Type3";"126.8437394791";"37.5446793765";"6";"20230320132001";"4";"";"서울강서문화원";"07696";0
"도봉구 도봉로 552";"";"1";"0";"A02";"A0206";"A02060700";"130211";"14";"20071106104704";"http://tong.visitkorea.or.kr/cms/resource/18/1894718_image2_1.jpg";"http://tong.visitkorea.or.kr/cms/resource/18/1894718_image3_1.jpg";"Type3";"127.0384297363";"37.6540895888";"6";"20231205161259";"10";"";"도봉문화원";"01427";0
"관악구 신림로3길 35";"(신림동)";"1";"0";"A02";"A0206";"A02060700";"130212";"14";"20071106104705";"http://tong.visitkorea.or.kr/cms/resource/02/1899802_image2_1.jpg";"http://tong.visitkorea.or.kr/cms/resource/02/1899802_image3_1.jpg";"Type3";"126.9448852069";"37.4676512424";"6";"20231204172706";"5";"";"관악문화원";"08825";0
"강북구 삼각산로 85";"(수유동)";"1";"0";"A02";"A0206";"A02060700";"130217";"14";"20071106104715";"http://tong.visitkorea.or.kr/cms/resource/33/1894733_image2_1.jpg";"http://tong.visitkorea.or.kr/cms/resource/33/1894733_image3_1.jpg";"Type3";"127.0133101828";"37.6408434551";"6";"20231204170404";"3";"";"강북문화원";"01036";0
"강화군 강화읍 고비고개로19번길 12";"";"2";"0";"A02";"A0206";"A02060600";"130219";"14";"20071106104721";"http://tong.visitkorea.or.kr/cms/resource/47/1895147_image2_1.jpg";"http://tong.visitkorea.or.kr/cms/resource/47/1895147_image3_1.jpg";"Type3";"126.4746009394";"37.7453439098";"6";"20231117155452";"1";"";"강화문예회관";"23028";0
"가평군 가평읍 문화로 131";"";"31";"0";"A02";"A0206";"A02060600";"130220";"14";"20060608090000";"http://tong.visitkorea.or.kr/cms/resource/34/1589034_image2_1.jpg";"http://tong.visitkorea.or.kr/cms/resource/34/1589034_image3_1.jpg";"Type3";"127.5085264086";"37.8242478130";"6";"20231024110714";"1";"";"가평문화예술회관";"12416";0
"고양시 덕양구 고양시청로 10";"(주교동)";"31";"0";"A02";"A0206";"A02060600";"130221";"14";"20071106104726";"http://tong.visitkorea.or.kr/cms/resource/44/700644_image2_1.jpg";"http://tong.visitkorea.or.kr/cms/resource/44/700644_image3_1.jpg";"Type3";"126.8319595707";"37.6583826067";"6";"20231205170541";"2";"";"고양시문예회관";"10460";0
"무안군 일로읍 산정리";"";"38";"";"A02";"A0207";"A02070200";"1302214";"15";"20110607225149";"http://tong.visitkorea.or.kr/cms/resource/85/2016085_image2_1.JPG";"http://tong.visitkorea.or.kr/cms/resource/85/2016085_image2_1.JPG";"Type3";"126.5256103899";"34.8629364633";"6";"20240206130654";"9";"061-450-5472";"무안연꽃축제";"58572";0
"광진구 광나루로56길 67";"(구의동)";"1";"0";"A02";"A0206";"A02060700";"130223";"14";"20071106104730";"http://tong.visitkorea.or.kr/cms/resource/66/1865266_image2_1.jpg";"http://tong.visitkorea.or.kr/cms/resource/66/1865266_image3_1.jpg";"Type3";"127.0964722391";"37.5365043011";"6";"20231205155622";"6";"";"광진문화원";"05119";0
"종로구 동숭길 50";"(동숭동)";"1";"0";"A02";"A0206";"A02060600";"130229";"14";"20071106104749";"http://tong.visitkorea.or.kr/cms/resource/99/2360299_image2_1.JPG";"http://tong.visitkorea.or.kr/cms/resource/99/2360299_image2_1.JPG";"Type3";"127.0045571377";"37.5805725270";"6";"20231208101427";"23";"";"마로니에극장";"03085";0
"중구 장충단로 59";"(장충동2가)";"1";"0";"A02";"A0206";"A02060600";"130231";"14";"20071106104758";"http://tong.visitkorea.or.kr/cms/resource/10/3083810_image2_1.jpg";"http://tong.visitkorea.or.kr/cms/resource/10/3083810_image3_1.jpg";"Type3";"126.9996333755";"37.5527228971";"6";"20240118161346";"24";"";"국립극장";"04621";0
"정읍시 내장산로 1207";"(내장동)";"37";"0";"A02";"A0206";"A02060300";"130234";"14";"20071106104806";"http://tong.visitkorea.or.kr/cms/resource/40/3082340_image2_1.jpg";"http://tong.visitkorea.or.kr/cms/resource/40/3082340_image3_1.jpg";"Type3";"126.9074888076";"35.4879027809";"6";"20240118110759";"13";"";"내장산 탐방안내소";"56199";0
"동작구 장승배기로10길 42";"";"1";"0";"A02";"A0206";"A02060700";"130247";"14";"20071106104844";"http://tong.visitkorea.or.kr/cms/resource/48/1894748_image2_1.jpg";"http://tong.visitkorea.or.kr/cms/resource/48/1894748_image3_1.jpg";"Type3";"126.9409873013";"37.5045385555";"6";"20231205164849";"12";"";"동작문화원";"06963";0
"익산시 금마면 미륵사지로 362";"";"37";"0";"A02";"A0206";"A02060100";"130254";"14";"202401181743";"http://tong.visitkorea.or.kr/cms/resource/26/2703026_image2_1.jpg";"http://tong.visitkorea.or.kr/cms/resource/26/2703026_image3_1.jpg";"Type3";"127.0286089242";"36.0114953122";"6";"20240118174312";"9";"";"국립익산박물관";"54574";0
"종로구 인사동10길 13";"(관훈동) 청아빌딩 2층";"1";"0";"A02";"A0206";"A02060500";"130279";"14";"20071106105012";"http://tong.visitkorea.or.kr/cms/resource/31/683431_image2_1.jpg";"http://tong.visitkorea.or.kr/cms/resource/31/683431_image3_1.jpg";"Type3";"126.9857145872";"37.5743395801";"6";"20231207115800";"23";"";"모인화랑";"03146";0
"종로구 종로 1";"(종로1가)";"1";"0";"A02";"A0206";"A02061000";"130285";"14";"20071106105026";"http://tong.visitkorea.or.kr/cms/resource/26/2721826_image2_1.jpg";"http://tong.visitkorea.or.kr/cms/resource/26/2721826_image3_1.jpg";"Type3";"126.9779820539";"37.5709759433";"6";"20240304141927";"23";"";"교보문고";"03154";0
"중구 새문안로 22";"(충정로1가)";"1";"0";"A02";"A0206";"A02060600";"130286";"14";"20061023090000";"http://tong.visitkorea.or.kr/cms/resource/53/1894753_image2_1.jpg";"http://tong.visitkorea.or.kr/cms/resource/53/1894753_image3_1.jpg";"Type3";"126.9686163497";"37.5671262224";"6";"20231207110931";"24";"";"문화일보홀";"04516";0
"계양구 계양산로35번길 11";"(계산동)";"2";"0";"A02";"A0206";"A02060600";"130290";"14";"20071106105043";"http://tong.visitkorea.or.kr/cms/resource/09/1577309_image2_1.jpg";"http://tong.visitkorea.or.kr/cms/resource/09/1577309_image3_1.jpg";"Type3";"126.7181286785";"37.5460492061";"6";"20240124170021";"2";"";"계양문화회관";"21042";0
"부천시 부일로 365";"";"31";"0";"A02";"A0206";"A02060600";"130293";"14";"20071106105048";"http://tong.visitkorea.or.kr/cms/resource/06/723806_image2_1.jpg";"http://tong.visitkorea.or.kr/cms/resource/06/723806_image3_1.jpg";"Type3";"126.7704477458";"37.4881846387";"6";"20231205174314";"11";"";"부천시민회관";"14613";0
"종로구 삼청로 18";"";"1";"0";"A02";"A0206";"A02060500";"130302";"14";"20071106105108";"http://tong.visitkorea.or.kr/cms/resource/78/696678_image2_1.jpg";"http://tong.visitkorea.or.kr/cms/resource/78/696678_image3_1.jpg";"Type3";"126.9798928074";"37.5774613349";"6";"20231208093753";"23";"";"금호미술관";"03062";0
"삼척시 엑스포로 45";"(성남동)";"32";"0";"A02";"A0206";"A02060600";"130324";"14";"20071106105224";"http://tong.visitkorea.or.kr/cms/resource/12/3070612_image2_1.jpg";"http://tong.visitkorea.or.kr/cms/resource/12/3070612_image3_1.jpg";"Type3";"129.1602443996";"37.4381544541";"6";"20231215121037";"4";"";"삼척문화예술회관";"25919";0
"여주시 명성로 71";"(능현동)";"31";"0";"A02";"A0206";"A02060200";"130327";"14";"20071106105236";"http://tong.visitkorea.or.kr/cms/resource/00/2591000_image2_1.jpg";"http://tong.visitkorea.or.kr/cms/resource/00/2591000_image2_1.jpg";"Type3";"127.6540184735";"37.2598881438";"6";"20231030135141";"20";"";"명성황후 기념관";"12653";0
"목포시 유달로 180";"";"38";"0";"A02";"A0206";"A02060300";"130329";"14";"20071106105240";"http://tong.visitkorea.or.kr/cms/resource/84/1971084_image2_1.jpg";"http://tong.visitkorea.or.kr/cms/resource/84/1971084_image3_1.jpg";"Type3";"126.3763641906";"34.7914837266";"6";"20231116172020";"8";"";"난전시관";"58726";0
"종로구 새문안로 76";"(신문로1가)";"1";"0";"A02";"A0206";"A02060600";"130346";"14";"20071106105326";"http://tong.visitkorea.or.kr/cms/resource/08/572308_image2_1.jpg";"http://tong.visitkorea.or.kr/cms/resource/08/572308_image3_1.jpg";"Type3";"126.9731603040";"37.5698065483";"6";"20221219143607";"23";"";"금호아트홀";"03185";0
"마포구 와우산로29나길 20";"(서교동)";"1";"0";"A02";"A0206";"A02060500";"130348";"14";"20071106105331";"http://tong.visitkorea.or.kr/cms/resource/85/1807785_image2_1.jpg";"http://tong.visitkorea.or.kr/cms/resource/85/1807785_image3_1.jpg";"Type3";"126.9278315359";"37.5544630750";"6";"20231205165057";"13";"";"대안공간 루프";"04053";0
"광주시 곤지암읍 경충대로 727";"";"31";"0";"A02";"A0206";"A02060100";"130358";"14";"20110131184926";"http://tong.visitkorea.or.kr/cms/resource/08/919408_image2_1.jpg";"http://tong.visitkorea.or.kr/cms/resource/08/919408_image3_1.jpg";"Type3";"127.3266121626";"37.3510216352";"6";"20230320193801";"5";"";"경기도자박물관";"12805";43316
"종로구 새문안로 55 서울역사박물관";"";"1";"0";"A02";"A0206";"A02060100";"130361";"14";"20071106105413";"http://tong.visitkorea.or.kr/cms/resource/87/2661487_image2_1.JPG";"http://tong.visitkorea.or.kr/cms/resource/87/2661487_image2_1.JPG";"Type3";"126.9707771853";"37.5698981615";"6";"20230726141535";"23";"";"서울역사박물관";"03177";0
"종로구 돈화문로 71";"(와룡동)";"1";"0";"A02";"A0206";"A02060100";"130365";"14";"20071106105429";"http://tong.visitkorea.or.kr/cms/resource/44/1570844_image2_1.jpg";"http://tong.visitkorea.or.kr/cms/resource/44/1570844_image3_1.jpg";"Type3";"126.9906030144";"37.5748951588";"6";"20231206155728";"23";"";"떡박물관";"03132";0
"마포구 백범로 227 마포문화원";"";"1";"0";"A02";"A0206";"A02060700";"130369";"14";"20071106105440";"http://tong.visitkorea.or.kr/cms/resource/68/1894768_image2_1.jpg";"http://tong.visitkorea.or.kr/cms/resource/68/1894768_image3_1.jpg";"Type3";"126.9555071358";"37.5422844303";"6";"20230308100225";"13";"";"마포문화원";"04193";0
"사상구 광장로 7";"(괘법동)";"6";"";"A04";"A0401";"A04010600";"1303697";"38";"20110610012732";"http://tong.visitkorea.or.kr/cms/resource/12/1982212_image2_1.jpg";"http://tong.visitkorea.or.kr/cms/resource/12/1982212_image3_1.jpg";"Type3";"128.9776597721";"35.1638537784";"6";"20231027102712";"9";"051-319-5000";"부산 르네시떼";"46970";0
"노원구 동일로197길 24";"(공릉동)";"1";"0";"A02";"A0206";"A02060700";"130371";"14";"20071106105444";"http://tong.visitkorea.or.kr/cms/resource/75/1865275_image2_1.jpg";"http://tong.visitkorea.or.kr/cms/resource/75/1865275_image3_1.jpg";"Type3";"127.0697942642";"37.6288069831";"6";"20230920110413";"9";"";"노원문화원";"01851";0
"강남구 논현로131길 40 (논현동)";"";"1";"0";"A02";"A0206";"A02060700";"130373";"14";"20071106105448";"http://tong.visitkorea.or.kr/cms/resource/87/1807787_image2_1.jpg";"http://tong.visitkorea.or.kr/cms/resource/87/1807787_image3_1.jpg";"Type3";"127.0271208603";"37.5139001229";"6";"20231226143725";"1";"";"강남문화원";"06045";0
"동대문구 왕산로 128";"(용두동)";"1";"0";"A02";"A0206";"A02060700";"130375";"14";"20071106105452";"http://tong.visitkorea.or.kr/cms/resource/53/1894853_image2_1.jpg";"http://tong.visitkorea.or.kr/cms/resource/53/1894853_image3_1.jpg";"Type3";"127.0376930838";"37.5778651046";"6";"20231204160855";"11";"";"동대문문화원";"02566";0
"금정구 구서로 12";"";"6";"";"A04";"A0401";"A04010200";"1303759";"38";"20110610023819";"http://tong.visitkorea.or.kr/cms/resource/78/1982178_image2_1.jpg";"http://tong.visitkorea.or.kr/cms/resource/78/1982178_image3_1.jpg";"Type3";"129.0898032743";"35.2473742654";"6";"20231215115428";"2";"051-581-4830";"구서 오시게시장";"46243";0
"강동구 상암로 168";"(천호동)";"1";"0";"A02";"A0206";"A02060700";"130376";"14";"20071106105454";"http://tong.visitkorea.or.kr/cms/resource/92/1865292_image2_1.jpg";"http://tong.visitkorea.or.kr/cms/resource/92/1865292_image3_1.jpg";"Type3";"127.1412123500";"37.5457151498";"6";"20231204170040";"2";"";"강동문화원";"05314";0
"수영구 광안해변로15번길 77";"(남천동)";"6";"";"A04";"A0401";"A04010200";"1303784";"38";"20110610025524";"http://tong.visitkorea.or.kr/cms/resource/57/3071057_image2_1.JPG";"http://tong.visitkorea.or.kr/cms/resource/57/3071057_image3_1.JPG";"Type3";"129.1090851202";"35.1392728438";"6";"20231215142115";"12";"051-624-9646";"남천 해변시장";"48313";0
"기장군 기장읍 청강로74번길 35-6";"";"6";"0";"A02";"A0206";"A02060700";"130380";"14";"20071106105500";"http://tong.visitkorea.or.kr/cms/resource/30/1895730_image2_1.jpg";"http://tong.visitkorea.or.kr/cms/resource/30/1895730_image3_1.jpg";"Type3";"129.2217032374";"35.2353502842";"6";"20231106105743";"3";"";"기장문화원";"46080";0
"동래구 문화로 80";"(명륜동)";"6";"0";"A02";"A0206";"A02060700";"130381";"14";"20071106105501";"http://tong.visitkorea.or.kr/cms/resource/32/1895732_image2_1.jpg";"http://tong.visitkorea.or.kr/cms/resource/32/1895732_image3_1.jpg";"Type3";"129.0901153279";"35.2121004469";"6";"20231031095801";"6";"";"동래문화원";"47746";0
"사상구 가야대로196번길 51";"(학장동)";"6";"0";"A02";"A0206";"A02060700";"130382";"14";"20071106105503";"http://tong.visitkorea.or.kr/cms/resource/42/1895742_image2_1.jpg";"http://tong.visitkorea.or.kr/cms/resource/42/1895742_image3_1.jpg";"Type3";"128.9948587180";"35.1476309123";"6";"20231106113635";"9";"";"사상문화원";"47022";0
"금정구 중앙대로1826번길 10-4";"(구서동)";"6";"0";"A02";"A0206";"A02060700";"130383";"14";"20071106105505";"http://tong.visitkorea.or.kr/cms/resource/17/1982317_image2_1.jpg";"http://tong.visitkorea.or.kr/cms/resource/17/1982317_image3_1.jpg";"Type3";"129.0932029798";"35.2472993377";"6";"20231026145157";"2";"";"금정문화원";"46250";0
"남구 앞산순환로 478";"(대명동)";"4";"0";"A02";"A0206";"A02060700";"130384";"14";"20071106105508";"http://tong.visitkorea.or.kr/cms/resource/31/1888931_image2_1.jpg";"http://tong.visitkorea.or.kr/cms/resource/31/1888931_image3_1.jpg";"Type3";"128.5768876060";"35.8313073556";"6";"20230906134158";"1";"";"대구 남구문화원";"42501";0
"북구 구암로 47";"어울아트센터 내 별관 2층 (관음동)";"4";"0";"A02";"A0206";"A02060700";"130385";"14";"20071106105510";"http://tong.visitkorea.or.kr/cms/resource/90/1893690_image2_1.jpg";"http://tong.visitkorea.or.kr/cms/resource/90/1893690_image3_1.jpg";"Type3";"128.5466429499";"35.9347756378";"6";"20230911140936";"5";"";"대구 북구문화원";"41447";0
"달서구 문화회관길 160";"(장기동)";"4";"0";"A02";"A0206";"A02060700";"130386";"14";"20071106105512";"http://tong.visitkorea.or.kr/cms/resource/38/1888938_image2_1.jpg";"http://tong.visitkorea.or.kr/cms/resource/38/1888938_image3_1.jpg";"Type3";"128.5229809055";"35.8435133161";"6";"20230911110641";"2";"";"대구 달서문화원";"42699";0
"서구 당산로 403";"(이현동)";"4";"0";"A02";"A0206";"A02060700";"130387";"14";"20071106105513";"http://tong.visitkorea.or.kr/cms/resource/45/1888945_image2_1.jpg";"http://tong.visitkorea.or.kr/cms/resource/45/1888945_image3_1.jpg";"Type3";"128.5455336604";"35.8728270789";"6";"20230911160724";"6";"";"대구 서구문화원";"41759";0
"동구 예술길 18-1";"";"5";"0";"A02";"A0206";"A02060700";"130391";"14";"20071106105521";"http://tong.visitkorea.or.kr/cms/resource/78/2493378_image2_1.jpg";"http://tong.visitkorea.or.kr/cms/resource/78/2493378_image2_1.jpg";"Type3";"126.9181741721";"35.1501189620";"6";"20230822162507";"3";"";"광주 동구문화원";"61475";0
"남구 봉선로 208";"(봉선동)";"5";"0";"A02";"A0206";"A02060700";"130392";"14";"20071106105523";"http://tong.visitkorea.or.kr/cms/resource/11/1888811_image2_1.jpg";"http://tong.visitkorea.or.kr/cms/resource/11/1888811_image3_1.jpg";"Type3";"126.9172194019";"35.1221193287";"6";"20231006155812";"2";"";"광주 남구문화원";"61705";0
"동구 동구청로 60 생활문화센터";"";"3";"0";"A02";"A0206";"A02060700";"130393";"14";"20071106105524";"http://tong.visitkorea.or.kr/cms/resource/79/1944879_image2_1.jpg";"http://tong.visitkorea.or.kr/cms/resource/79/1944879_image3_1.jpg";"Type3";"127.4594098539";"36.3042166756";"6";"20230911201234";"2";"";"대전 동구문화원";"34698";0
"무주군 무주읍 한풍루로 326-17";"";"37";"0";"A02";"A0206";"A02060600";"130404";"14";"20071106105546";"http://tong.visitkorea.or.kr/cms/resource/40/1606540_image2_1.jpg";"http://tong.visitkorea.or.kr/cms/resource/40/1606540_image3_1.jpg";"Type3";"127.6625304812";"36.0023352762";"6";"20240118095657";"5";"";"무주예체문화관";"55514";0
"파주시 법원읍 초리골길 278";"";"31";"0";"A02";"A0206";"A02060100";"130417";"14";"20071106105624";"http://tong.visitkorea.or.kr/cms/resource/76/1591176_image2_1.jpg";"http://tong.visitkorea.or.kr/cms/resource/76/1591176_image3_1.jpg";"Type3";"126.8960036269";"37.8567856366";"6";"20231214134716";"27";"";"두루뫼박물관";"10826";1648
"중구 명동8길 7";"";"1";"";"A04";"A0401";"A04010600";"1304260";"38";"20110610225044";"http://tong.visitkorea.or.kr/cms/resource/49/1309149_image2_1.jpg";"http://tong.visitkorea.or.kr/cms/resource/49/1309149_image3_1.jpg";"Type3";"126.9847483173";"37.5634380519";"6";"20230615145959";"24";"02-753-9411";"금강제화 명동본점";"04536";0
"산청군 단성면 목화로 887";"";"36";"0";"A02";"A0206";"A02060300";"130432";"14";"20041004090000";"http://tong.visitkorea.or.kr/cms/resource/28/2776428_image2_1.jpg";"http://tong.visitkorea.or.kr/cms/resource/28/2776428_image2_1.jpg";"Type3";"127.9580344815";"35.2897101091";"6";"20230426102734";"9";"";"목면시배유지";"52251";0
"영동군 심천면 국악로 9";"";"33";"0";"A02";"A0206";"A02060100";"130443";"14";"20071106105749";"http://tong.visitkorea.or.kr/cms/resource/39/764639_image2_1.jpg";"http://tong.visitkorea.or.kr/cms/resource/39/764639_image3_1.jpg";"Type3";"127.7049321798";"36.2101762428";"6";"20240319172315";"4";"";"난계국악박물관";"29106";0
"종로구 북촌로 52";"(가회동)";"1";"0";"A02";"A0206";"A02060100";"130446";"14";"20071106105801";"http://tong.visitkorea.or.kr/cms/resource/75/2550575_image2_1.jpg";"http://tong.visitkorea.or.kr/cms/resource/75/2550575_image2_1.jpg";"Type3";"126.9852144301";"37.5814804075";"6";"20230413220841";"23";"";"가회민화박물관";"03056";0
"광주시 남종면 산수로 1642-1";"";"31";"0";"A02";"A0206";"A02060300";"130452";"14";"20071106105826";"http://tong.visitkorea.or.kr/cms/resource/89/919389_image2_1.jpg";"http://tong.visitkorea.or.kr/cms/resource/89/919389_image3_1.jpg";"Type3";"127.3024102159";"37.4962682523";"6";"20231122120112";"5";"";"분원백자자료관";"12708";0
"삼척시 엑스포로 69";"(성남동)";"32";"0";"A02";"A0206";"A02060300";"130453";"14";"20071106105831";"http://tong.visitkorea.or.kr/cms/resource/54/2032654_image2_1.jpg";"http://tong.visitkorea.or.kr/cms/resource/54/2032654_image3_1.jpg";"Type3";"129.1582223601";"37.4380766458";"6";"20230701104347";"4";"";"삼척 동굴신비관";"25919";0
"제주시 일주동로 17";"(건입동)";"39";"0";"A02";"A0206";"A02060100";"130461";"14";"20071106105902";"http://tong.visitkorea.or.kr/cms/resource/34/1828834_image2_1.jpg";"http://tong.visitkorea.or.kr/cms/resource/34/1828834_image3_1.jpg";"Type3";"126.5489122921";"33.5134097988";"6";"20230717105728";"4";"";"국립제주박물관";"63284";0
"속초시 엑스포로 156";"(교동)";"32";"0";"A02";"A0206";"A02060500";"130466";"14";"20071106105917";"http://tong.visitkorea.or.kr/cms/resource/48/2732848_image2_1.jpg";"http://tong.visitkorea.or.kr/cms/resource/48/2732848_image3_1.jpg";"Type3";"128.5825396111";"38.1979691187";"6";"20230701105359";"5";"";"석봉도자기미술관";"24838";0
"용산구 임정로 26";"";"1";"0";"A02";"A0206";"A02060200";"130473";"14";"20071106105944";"http://tong.visitkorea.or.kr/cms/resource/01/1570401_image2_1.jpg";"http://tong.visitkorea.or.kr/cms/resource/01/1570401_image3_1.jpg";"Type3";"126.9592622916";"37.5443092620";"6";"20230412162928";"21";"";"백범김구기념관";"04311";0
"남해군 남해읍 선소로 12";"";"36";"0";"A02";"A0206";"A02060600";"130480";"14";"20071106110006";"http://tong.visitkorea.or.kr/cms/resource/44/1870744_image2_1.jpg";"http://tong.visitkorea.or.kr/cms/resource/44/1870744_image3_1.jpg";"Type3";"127.8996178422";"34.8453201260";"6";"20231114170505";"5";"";"남해문화센터";"52413";0
"금정구 금정도서관로 33";"";"6";"0";"A02";"A0206";"A02060900";"130483";"14";"20071106110016";"http://tong.visitkorea.or.kr/cms/resource/25/3070525_image2_1.JPG";"http://tong.visitkorea.or.kr/cms/resource/25/3070525_image3_1.JPG";"Type3";"129.0962020218";"35.2726271087";"6";"20231215115939";"2";"";"부산금정도서관";"46213";0
"종로구 종로 183";"";"1";"";"A04";"A0401";"A04010600";"1304838";"38";"20110611030151";"http://tong.visitkorea.or.kr/cms/resource/95/1308995_image2_1.jpg";"http://tong.visitkorea.or.kr/cms/resource/95/1308995_image3_1.jpg";"Type3";"126.9986579401";"37.5712262854";"6";"20230613161042";"23";"02-2273-7622";"미보 주얼리";"03130";0
"수원시 팔달구 효원로307번길 20";"";"31";"0";"A02";"A0206";"A02060600";"130489";"14";"20040312090000";"http://tong.visitkorea.or.kr/cms/resource/50/3055250_image2_1.JPG";"http://tong.visitkorea.or.kr/cms/resource/50/3055250_image3_1.JPG";"Type3";"127.0367742919";"37.2619683981";"6";"20231207170233";"13";"";"경기아트센터";"16488";0
"종로구 평창31길 27";"(평창동)";"1";"0";"A02";"A0206";"A02060500";"130498";"14";"20040408090000";"http://tong.visitkorea.or.kr/cms/resource/22/1865322_image2_1.jpg";"http://tong.visitkorea.or.kr/cms/resource/22/1865322_image3_1.jpg";"Type3";"126.9765588093";"37.6116267475";"6";"20231207120354";"23";"";"상원미술관";"03004";0
"경산시 서상길 75";"(서상동)";"35";"0";"A02";"A0206";"A02060700";"130502";"14";"20040506090000";"http://tong.visitkorea.or.kr/cms/resource/75/1968375_image2_1.jpg";"http://tong.visitkorea.or.kr/cms/resource/75/1968375_image3_1.jpg";"Type3";"128.7341185711";"35.8184700444";"6";"20231116154323";"1";"";"경산문화원";"38627";0
"서초구 명달로 104";"(서초동)";"1";"0";"A02";"A0206";"A02060600";"130503";"14";"20040506090000";"http://tong.visitkorea.or.kr/cms/resource/56/2024256_image2_1.jpg";"http://tong.visitkorea.or.kr/cms/resource/56/2024256_image3_1.jpg";"Type3";"127.0045514675";"37.4864834571";"6";"20230725135044";"15";"";"모차르트 콘서트홀";"06668";0
"서산시 문화로 54";"(읍내동)";"34";"0";"A02";"A0206";"A02060600";"130508";"14";"20040514090000";"http://tong.visitkorea.or.kr/cms/resource/15/2537415_image2_1.JPG";"http://tong.visitkorea.or.kr/cms/resource/15/2537415_image2_1.JPG";"Type3";"126.4480850755";"36.7860964079";"6";"20231207174857";"7";"";"서산시문화회관";"31970";0
"강남구 논현로 164";"(도곡동)";"1";"0";"A02";"A0206";"A02060600";"130514";"14";"20040610090000";"http://tong.visitkorea.or.kr/cms/resource/27/1865327_image2_1.jpg";"http://tong.visitkorea.or.kr/cms/resource/27/1865327_image3_1.jpg";"Type3";"127.0423008714";"37.4842816124";"6";"20231204164209";"1";"";"라트어린이극장";"06296";0
"남구 대공원로 84";"(옥동)";"7";"0";"A02";"A0203";"A02030400";"130523";"14";"20041008090000";"http://tong.visitkorea.or.kr/cms/resource/19/1899619_image2_1.jpg";"http://tong.visitkorea.or.kr/cms/resource/19/1899619_image3_1.jpg";"Type3";"129.2905556337";"35.5319960593";"6";"20230719152956";"2";"";"가족문화센터";"44660";0
"용산구 이태원로55길 60-16";"(한남동)";"1";"0";"A02";"A0206";"A02060500";"130525";"14";"20041015090000";"http://tong.visitkorea.or.kr/cms/resource/64/632864_image2_1.jpg";"http://tong.visitkorea.or.kr/cms/resource/64/632864_image3_1.jpg";"Type3";"126.9987921858";"37.5385800812";"6";"20231206131727";"21";"";"리움 미술관";"04348";0
"용인시 기흥구 민속촌로 89";"(보라동)";"31";"0";"A02";"A0206";"A02060600";"130546";"14";"20050309090000";"http://tong.visitkorea.or.kr/cms/resource/30/3068530_image2_1.jpg";"http://tong.visitkorea.or.kr/cms/resource/30/3068530_image3_1.jpg";"Type3";"127.1135118480";"37.2593867373";"6";"20231214114239";"23";"";"경기도국악당";"17075";0
"서구 둔산대로 135";"(만년동)";"3";"0";"A02";"A0206";"A02060600";"130553";"14";"20050325090000";"http://tong.visitkorea.or.kr/cms/resource/91/1092591_image2_1.jpg";"http://tong.visitkorea.or.kr/cms/resource/91/1092591_image3_1.jpg";"Type3";"127.3837677004";"36.3666026409";"6";"20230828151251";"3";"";"대전예술의전당";"35204";0
"부여군 부여읍 사비로30번길 17";"";"34";"";"A05";"A0502";"A05020900";"1305553";"39";"20110613235725";"http://tong.visitkorea.or.kr/cms/resource/23/2022723_image2_1.jpg";"http://tong.visitkorea.or.kr/cms/resource/23/2022723_image3_1.jpg";"Type3";"126.9124456886";"36.2753909150";"6";"20230525173155";"6";"041-836-8729";"백제향";"33167";0
"중구 동덕로36길 9-18";"";"4";"";"A05";"A0502";"A05020100";"1305646";"39";"20110614003731";"http://tong.visitkorea.or.kr/cms/resource/45/1315745_image2_1.jpg";"http://tong.visitkorea.or.kr/cms/resource/45/1315745_image3_1.jpg";"Type3";"128.6051395639";"35.8712144710";"6";"20230322113918";"8";"053-425-4203";"봉산찜갈비";"41908";0
"종로구 삼일대로 461";"";"1";"0";"A02";"A0206";"A02060500";"130568";"14";"20050523090000";"http://tong.visitkorea.or.kr/cms/resource/88/1894988_image2_1.jpg";"http://tong.visitkorea.or.kr/cms/resource/88/1894988_image3_1.jpg";"Type3";"126.9858145422";"37.5755949916";"6";"20231206120139";"23";"";"갤러리 미즈";"03147";0
"파주시 탄현면 헤이리마을길 59-58";"";"31";"0";"A02";"A0206";"A02060500";"130570";"14";"20050524090000";"http://tong.visitkorea.or.kr/cms/resource/22/2480722_image2_1.jpg";"http://tong.visitkorea.or.kr/cms/resource/22/2480722_image2_1.jpg";"Type3";"126.6962904869";"37.7897843202";"6";"20230222111643";"27";"";"구삼뮤지엄";"10859";0
"중구 다산로16길 29";"(신당동)";"1";"0";"A02";"A0206";"A02060500";"130571";"14";"20050525090000";"http://tong.visitkorea.or.kr/cms/resource/92/1894992_image2_1.jpg";"http://tong.visitkorea.or.kr/cms/resource/92/1894992_image3_1.jpg";"Type3";"127.0134459064";"37.5562477360";"6";"20231207110116";"24";"";"갤러리 스클로";"04591";0
"용산구 회나무로44가길 30";"(이태원동)";"1";"0";"A02";"A0206";"A02060500";"130573";"14";"20050525090000";"http://tong.visitkorea.or.kr/cms/resource/94/1257994_image2_1.jpg";"http://tong.visitkorea.or.kr/cms/resource/94/1257994_image3_1.jpg";"Type3";"126.9943120449";"37.5383633594";"6";"20230222102413";"1";"";"갤러리 S.P";"04346";0
"종로구 인사동5길 26";"(관훈동)";"1";"0";"A02";"A0206";"A02060500";"130577";"14";"20050531090000";"http://tong.visitkorea.or.kr/cms/resource/07/2022407_image2_1.jpg";"http://tong.visitkorea.or.kr/cms/resource/07/2022407_image3_1.jpg";"Type3";"126.9848480493";"37.5725731030";"6";"20230531161305";"23";"";"갤러리 라메르";"03149";0
"성남시 분당구 서현로439번길 11";"(분당동)";"31";"0";"A02";"A0206";"A02060500";"130579";"14";"20050531090000";"http://tong.visitkorea.or.kr/cms/resource/08/1785908_image2_1.jpg";"http://tong.visitkorea.or.kr/cms/resource/08/1785908_image3_1.jpg";"Type3";"127.1456612381";"37.3748045019";"6";"20231205175235";"12";"";"드림갤러리";"13579";0
"강남구 압구정로46길 71";"(신사동)";"1";"0";"A02";"A0206";"A02060500";"130581";"14";"20050601090000";"http://tong.visitkorea.or.kr/cms/resource/83/2402783_image2_1.jpg";"http://tong.visitkorea.or.kr/cms/resource/83/2402783_image2_1.jpg";"Type3";"127.0365891542";"37.5240907763";"6";"20230329150627";"1";"";"갤러리 마노";"06020";0
"강남구 압구정로71길 14";"";"1";"0";"A02";"A0206";"A02060500";"130583";"14";"20050601090000";"http://tong.visitkorea.or.kr/cms/resource/77/683577_image2_1.jpg";"http://tong.visitkorea.or.kr/cms/resource/77/683577_image3_1.jpg";"Type3";"127.0458882102";"37.5275211007";"6";"20231204164249";"1";"";"갤러리 원";"06010";0
"종로구 삼청로7길 19-9";"(팔판동)";"1";"0";"A02";"A0206";"A02060500";"130585";"14";"20050601090000";"http://tong.visitkorea.or.kr/cms/resource/45/683445_image2_1.jpg";"http://tong.visitkorea.or.kr/cms/resource/45/683445_image3_1.jpg";"Type3";"126.9809592059";"37.5834967640";"6";"20231206115907";"23";"";"김현주 갤러리";"03054";0
"종로구 북촌로5길 64";"(소격동)";"1";"0";"A02";"A0206";"A02060500";"130587";"14";"20050602090000";"http://tong.visitkorea.or.kr/cms/resource/81/1837781_image2_1.jpg";"http://tong.visitkorea.or.kr/cms/resource/81/1837781_image3_1.jpg";"Type3";"126.9814370406";"37.5799332974";"6";"20231206155312";"23";"";"갤러리조선";"03053";0
"군산시 비응로 71";"";"37";"";"A05";"A0502";"A05020100";"1305903";"39";"20110614022815";"http://tong.visitkorea.or.kr/cms/resource/78/2381178_image2_1.jpg";"http://tong.visitkorea.or.kr/cms/resource/78/2381178_image2_1.jpg";"Type3";"126.5292887307";"35.9407392716";"6";"20240118102355";"2";"063-446-9500";"새만금 등대로";"54003";0
"청주시 서원구 사직대로 175";"(사창동)";"33";"0";"A02";"A0206";"A02060500";"130591";"14";"20050602090000";"http://tong.visitkorea.or.kr/cms/resource/45/1847945_image2_1.jpg";"http://tong.visitkorea.or.kr/cms/resource/45/1847945_image3_1.jpg";"Type3";"127.4670084335";"36.6356594064";"6";"20231205115058";"10";"";"무심갤러리";"28566";0
"고양시 일산동구 중앙로 1283";"";"31";"0";"A02";"A0206";"A02060500";"130593";"14";"20050603090000";"http://tong.visitkorea.or.kr/cms/resource/07/700707_image2_1.jpg";"http://tong.visitkorea.or.kr/cms/resource/07/700707_image3_1.jpg";"Type3";"126.7720983146";"37.6604590745";"6";"20231205173443";"2";"";"롯데갤러리(일산)";"10401";0
"종로구 팔판길 23";"";"1";"0";"A02";"A0206";"A02060500";"130597";"14";"20050607090000";"http://tong.visitkorea.or.kr/cms/resource/14/2025914_image2_1.jpg";"http://tong.visitkorea.or.kr/cms/resource/14/2025914_image3_1.jpg";"Type3";"126.9809925530";"37.5828940563";"6";"20230814160330";"23";"";"갤러리에이엠";"03054";0
"송파구 위례성대로 14";"(방이동)";"1";"0";"A02";"A0206";"A02060500";"130602";"14";"20050609090000";"http://tong.visitkorea.or.kr/cms/resource/78/1923678_image2_1.jpg";"http://tong.visitkorea.or.kr/cms/resource/78/1923678_image3_1.jpg";"Type3";"127.1139267739";"37.5165236019";"6";"20231207115830";"18";"";"뮤지엄한미 방이";"05545";0
"종로구 삼청로 87";"(팔판동) 도올빌딩 2층";"1";"0";"A02";"A0206";"A02060500";"130613";"14";"20050628090000";"http://tong.visitkorea.or.kr/cms/resource/87/1903887_image2_1.jpg";"http://tong.visitkorea.or.kr/cms/resource/87/1903887_image3_1.jpg";"Type3";"126.9816702591";"37.5832329183";"6";"20231208102633";"23";"";"갤러리도올";"03054";0
"용산구 독서당로 122-1 포트힐(Fort Hill) 빌딩";"";"1";"0";"A02";"A0206";"A02060500";"130614";"14";"20050628090000";"http://tong.visitkorea.or.kr/cms/resource/98/1894998_image2_1.jpg";"http://tong.visitkorea.or.kr/cms/resource/98/1894998_image3_1.jpg";"Type3";"127.0128715069";"37.5368999735";"6";"20230413104551";"21";"";"갤러리 스케이프";"04420";0
"종로구 율곡로3길 66-17";"(안국동)";"1";"0";"A02";"A0206";"A02060500";"130616";"14";"20050628090000";"http://tong.visitkorea.or.kr/cms/resource/94/1895694_image2_1.jpg";"http://tong.visitkorea.or.kr/cms/resource/94/1895694_image3_1.jpg";"Type3";"126.9827480622";"37.5788751102";"6";"20231207122608";"23";"";"갤러리 아트링크";"03061";0
"종로구 자하문로6길 15 갤러리 아트싸이드";"";"1";"0";"A02";"A0206";"A02060500";"130617";"14";"20050628090000";"http://tong.visitkorea.or.kr/cms/resource/67/2833067_image2_1.jpg";"http://tong.visitkorea.or.kr/cms/resource/67/2833067_image3_1.jpg";"Type3";"126.9729600813";"37.5783222216";"6";"20230518104047";"23";"";"갤러리 아트사이드";"03044";0
"해운대구 마린시티1로 167";"";"6";"0";"A02";"A0206";"A02060500";"130622";"14";"20050628090000";"http://tong.visitkorea.or.kr/cms/resource/93/1859093_image2_1.jpg";"http://tong.visitkorea.or.kr/cms/resource/93/1859093_image3_1.jpg";"Type3";"129.1502004847";"35.1576770997";"6";"20231027155616";"16";"";"부산공간화랑";"48092";0
"종로구 평창32길 30";"";"1";"0";"A02";"A0206";"A02060500";"130623";"14";"20050629090000";"http://tong.visitkorea.or.kr/cms/resource/48/2034248_image2_1.jpg";"http://tong.visitkorea.or.kr/cms/resource/48/2034248_image3_1.jpg";"Type3";"126.9774920157";"37.6130682629";"6";"20231205171757";"23";"";"김종영미술관";"03004";0
"종로구 삼일대로 457";"(경운동)";"1";"0";"A02";"A0206";"A02060500";"130624";"14";"20050629090000";"http://tong.visitkorea.or.kr/cms/resource/03/683403_image2_1.jpg";"http://tong.visitkorea.or.kr/cms/resource/03/683403_image3_1.jpg";"Type3";"126.9861256311";"37.5753866881";"6";"20231208104406";"23";"";"다보성 갤러리";"03147";0
"창원시 의창구 대산면 유등로369번길 14-8";"";"36";"0";"A02";"A0206";"A02060500";"130626";"14";"20060609090000";"http://tong.visitkorea.or.kr/cms/resource/83/3077383_image2_1.jpg";"http://tong.visitkorea.or.kr/cms/resource/83/3077383_image3_1.jpg";"Type3";"128.7440974261";"35.3451430350";"6";"20240102095833";"16";"";"대산미술관";"51122";0
"강남구 일원로 90";"(일원동)";"1";"0";"A02";"A0206";"A02060500";"130627";"14";"20050629090000";"http://tong.visitkorea.or.kr/cms/resource/91/683691_image2_1.jpg";"http://tong.visitkorea.or.kr/cms/resource/91/683691_image3_1.jpg";"Type3";"127.0823082922";"37.4860793454";"6";"20231204163729";"1";"";"밀알미술관";"06350";0
"용산구 소월로38길 30-34";"";"1";"0";"A02";"A0206";"A02060500";"130628";"14";"20050629090000";"http://tong.visitkorea.or.kr/cms/resource/33/683733_image2_1.jpg";"http://tong.visitkorea.or.kr/cms/resource/33/683733_image3_1.jpg";"Type3";"126.9902678047";"37.5441515030";"6";"20231207140328";"21";"";"박여숙화랑";"04342";0
"종로구 인사동9길 16";"(관훈동)";"1";"0";"A02";"A0206";"A02060500";"130629";"14";"20050629090000";"http://tong.visitkorea.or.kr/cms/resource/44/682344_image2_1.jpg";"http://tong.visitkorea.or.kr/cms/resource/44/682344_image3_1.jpg";"Type3";"126.9841258628";"37.5736340780";"6";"20231208103000";"23";"";"백악미술관";"03145";0
"용산구 이태원로27길 77";"(이태원동)";"1";"0";"A02";"A0206";"A02060500";"130630";"14";"20050629090000";"http://tong.visitkorea.or.kr/cms/resource/39/1865339_image2_1.jpg";"http://tong.visitkorea.or.kr/cms/resource/39/1865339_image3_1.jpg";"Type3";"126.9948592690";"37.5365108065";"6";"20231207122859";"21";"";"백해영갤러리";"04349";0
"중구 충장대로 20";"";"6";"0";"A02";"A0206";"A02060100";"130653";"14";"20050823090000";"http://tong.visitkorea.or.kr/cms/resource/77/200477_image2_1.jpg";"http://tong.visitkorea.or.kr/cms/resource/77/200477_image3_1.jpg";"Type3";"129.0383005496";"35.1048559456";"6";"20240318163141";"15";"";"부산세관박물관";"48940";0
"춘천시 우석로 70";"";"32";"0";"A02";"A0206";"A02060100";"130654";"14";"20050830090000";"http://tong.visitkorea.or.kr/cms/resource/97/2739797_image2_1.jpg";"http://tong.visitkorea.or.kr/cms/resource/97/2739797_image3_1.jpg";"Type3";"127.7538473472";"37.8638949767";"6";"20240321135513";"13";"";"국립춘천박물관";"24325";0
"김포시 월곶면 애기봉로275번길 187-49";"";"31";"0";"A02";"A0206";"A02060100";"130655";"14";"20050831090000";"http://tong.visitkorea.or.kr/cms/resource/37/1591737_image2_1.jpg";"http://tong.visitkorea.or.kr/cms/resource/37/1591737_image3_1.jpg";"Type3";"126.5744031239";"37.7375132520";"6";"20231123112739";"8";"";"다도박물관";"10003";16765
"남구 앞산순환로 574-110";"";"4";"0";"A02";"A0206";"A02060200";"130660";"14";"20051013090000";"http://tong.visitkorea.or.kr/cms/resource/77/1573777_image2_1.jpg";"http://tong.visitkorea.or.kr/cms/resource/77/1573777_image3_1.jpg";"Type3";"128.5887866745";"35.8271386024";"6";"20230223164507";"1";"";"낙동강승전기념관";"42502";0
"춘천시 동산면 영서로 141";"";"32";"0";"A02";"A0206";"A02060100";"130662";"14";"20051013090000";"http://tong.visitkorea.or.kr/cms/resource/10/1583510_image2_1.jpg";"http://tong.visitkorea.or.kr/cms/resource/10/1583510_image3_1.jpg";"Type3";"127.8222222366";"37.7517009577";"6";"20231123094954";"13";"";"모형항공기박물관";"24410";0
"춘천시 신북읍 신샘밭로 361";"";"32";"0";"A02";"A0206";"A02060100";"130664";"14";"20051017090000";"http://tong.visitkorea.or.kr/cms/resource/93/2549593_image2_1.jpg";"http://tong.visitkorea.or.kr/cms/resource/93/2549593_image2_1.jpg";"Type3";"127.7502791735";"37.9254988538";"6";"20230701104144";"13";"";"강원경찰박물관";"24206";0
"북구 호암로 15";"(칠성동2가)";"4";"0";"A02";"A0206";"A02060600";"130665";"14";"20051017090000";"http://tong.visitkorea.or.kr/cms/resource/62/1783362_image2_1.jpg";"http://tong.visitkorea.or.kr/cms/resource/62/1783362_image3_1.jpg";"Type3";"128.5922514697";"35.8834739558";"6";"20231213172451";"5";"";"대구오페라하우스";"41585";0
"상주시 용마로 415";"(도남동)";"35";"0";"A02";"A0206";"A02060100";"130669";"14";"20051027090000";"http://tong.visitkorea.or.kr/cms/resource/93/2492593_image2_1.jpg";"http://tong.visitkorea.or.kr/cms/resource/93/2492593_image2_1.jpg";"Type3";"128.2550320090";"36.4532946143";"6";"20230704134055";"9";"";"상주 자전거박물관";"37242";0
"삼척시 신기면 강원남부로 3016";"";"32";"0";"A02";"A0206";"A02060100";"130670";"14";"20060327090000";"http://tong.visitkorea.or.kr/cms/resource/80/3040280_image2_1.jpg";"http://tong.visitkorea.or.kr/cms/resource/80/3040280_image3_1.jpg";"Type3";"129.0864425560";"37.3512296843";"6";"20231115153725";"4";"";"강원종합박물관";"25943";0
"서귀포시 칠십리로 156-8";"(서귀동)";"39";"0";"A02";"A0206";"A02060300";"130682";"14";"20051109090000";"http://tong.visitkorea.or.kr/cms/resource/51/3023951_image2_1.jpg";"http://tong.visitkorea.or.kr/cms/resource/51/3023951_image3_1.jpg";"Type3";"126.5706414743";"33.2449259259";"6";"20231024173820";"";"";"서복전시관";"63596";0
"남해군 이동면 남해대로 2443";"";"36";"0";"A02";"A0206";"A02060300";"130683";"14";"20051110090000";"http://tong.visitkorea.or.kr/cms/resource/78/1299678_image2_1.jpg";"http://tong.visitkorea.or.kr/cms/resource/78/1299678_image3_1.jpg";"Type3";"127.9248274765";"34.8170570666";"6";"20230712105855";"5";"";"보물섬 마늘나라";"52430";0
"광진구 능동로 76";"(자양동)";"1";"0";"A02";"A0206";"A02060600";"130699";"14";"20051222090000";"http://tong.visitkorea.or.kr/cms/resource/91/1570791_image2_1.jpg";"http://tong.visitkorea.or.kr/cms/resource/91/1570791_image3_1.jpg";"Type3";"127.0704301400";"37.5374092825";"6";"20231211172711";"6";"";"나루아트센터";"05065";0
"용인시 처인구 모현면 문형동림로101번길 37";"";"31";"0";"A02";"A0206";"A02060500";"130704";"14";"20060103090000";"http://tong.visitkorea.or.kr/cms/resource/13/1785913_image2_1.jpg";"http://tong.visitkorea.or.kr/cms/resource/13/1785913_image3_1.jpg";"Type3";"127.1926804070";"37.3318214392";"6";"20231214121432";"23";"";"마가미술관";"16888";0
"남양주시 화도읍 북한강로 1344";"";"31";"0";"A02";"A0206";"A02060500";"130709";"14";"20060103090000";"http://tong.visitkorea.or.kr/cms/resource/13/1589413_image2_1.jpg";"http://tong.visitkorea.or.kr/cms/resource/13/1589413_image3_1.jpg";"Type3";"127.3514351715";"37.6327255276";"6";"20231207134405";"9";"";"서호미술관";"12193";5558
"전주시 완산구 농생명로 300";"(중동)";"37";"0";"A02";"A0206";"A02060300";"130712";"14";"20060103090000";"http://tong.visitkorea.or.kr/cms/resource/09/2439809_image2_1.jpg";"http://tong.visitkorea.or.kr/cms/resource/09/2439809_image3_1.jpg";"Type3";"127.0568222338";"35.8313885454";"6";"20240118111255";"12";"";"농업과학관";"54875";0
"춘천시 남산면 강촌로 311";"";"32";"0";"A02";"A0206";"A02060900";"130729";"14";"20060213090000";"http://tong.visitkorea.or.kr/cms/resource/09/1836909_image2_1.jpg";"http://tong.visitkorea.or.kr/cms/resource/09/1836909_image3_1.jpg";"Type3";"127.6432928307";"37.7931761426";"6";"20230701104427";"13";"";"남산도서관(춘천)";"24465";0
"춘천시 동내면 학곡동1길 17-4";"";"32";"0";"A02";"A0206";"A02060900";"130730";"14";"20060214090000";"http://tong.visitkorea.or.kr/cms/resource/28/2666628_image2_1.jpeg";"http://tong.visitkorea.or.kr/cms/resource/28/2666628_image2_1.jpeg";"Type3";"127.7628584618";"37.8361594807";"6";"20231123134610";"13";"";"동내도서관";"24408";0
"유성구 대덕대로 480";"(도룡동)";"3";"0";"A02";"A0206";"A02060300";"130731";"14";"20060217090000";"http://tong.visitkorea.or.kr/cms/resource/96/1957196_image2_1.jpg";"http://tong.visitkorea.or.kr/cms/resource/96/1957196_image3_1.jpg";"Type3";"127.3843228952";"36.3780596731";"6";"20231106155521";"4";"";"대전통일관";"34126";0
"고성군 거진읍 거탄진로29번길 7";"";"32";"0";"A02";"A0206";"A02060900";"130734";"14";"20060221090000";"http://tong.visitkorea.or.kr/cms/resource/93/1812993_image2_1.jpg";"http://tong.visitkorea.or.kr/cms/resource/93/1812993_image3_1.jpg";"Type3";"128.4500107853";"38.4391967511";"6";"20240126095532";"2";"";"고성교육도서관";"24720";0
"구미시 경은로 85";"(형곡동)";"35";"0";"A02";"A0206";"A02060900";"130740";"14";"20060224090000";"http://tong.visitkorea.or.kr/cms/resource/34/3029334_image2_1.jpg";"http://tong.visitkorea.or.kr/cms/resource/34/3029334_image3_1.jpg";"Type3";"128.3352233093";"36.1138069853";"6";"20231101144442";"4";"";"구미시립중앙도서관";"39293";0
"중구 서문로 10";"";"3";"0";"A02";"A0206";"A02060900";"130760";"14";"20060316090000";"http://tong.visitkorea.or.kr/cms/resource/23/3063023_image2_1.JPG";"http://tong.visitkorea.or.kr/cms/resource/23/3063023_image3_1.JPG";"Type3";"127.4091336540";"36.3092763148";"6";"20231208150006";"5";"";"대전한밭도서관";"35020";0
"해운대구 양운로 183";"(좌동)";"6";"0";"A02";"A0206";"A02060900";"130766";"14";"20060320090000";"http://tong.visitkorea.or.kr/cms/resource/67/1859067_image2_1.jpg";"http://tong.visitkorea.or.kr/cms/resource/67/1859067_image3_1.jpg";"Type3";"129.1689871837";"35.1779224038";"6";"20231101180005";"16";"";"부산 해운대도서관";"48080";0
"영도구 태종로 729";"(동삼동)";"6";"0";"A02";"A0206";"A02060300";"130774";"14";"20060327090000";"http://tong.visitkorea.or.kr/cms/resource/85/3031985_image2_1.JPG";"http://tong.visitkorea.or.kr/cms/resource/85/3031985_image3_1.JPG";"Type3";"129.0796423170";"35.0712160269";"6";"20231106154548";"14";"";"동삼동패총전시관";"49125";0
"강동구 올림픽로 875 (암사동)";"";"1";"";"A02";"A0207";"A02070200";"1307813";"15";"20110615014707";"http://tong.visitkorea.or.kr/cms/resource/66/3010566_image2_1.jpg";"http://tong.visitkorea.or.kr/cms/resource/66/3010566_image3_1.jpg";"Type3";"127.1306157102";"37.5591134023";"6";"20240206130654";"2";"02-3425-5240";"강동선사문화축제";"05239";0
"해운대구 재반로282번길 38";"";"6";"0";"A02";"A0206";"A02060900";"130796";"14";"20060418090000";"http://tong.visitkorea.or.kr/cms/resource/30/3081430_image2_1.JPG";"http://tong.visitkorea.or.kr/cms/resource/30/3081430_image3_1.JPG";"Type3";"129.1338451325";"35.2020357183";"6";"20240115153925";"16";"";"부산 반여도서관";"48025";0
"동구 성북로36번길 54";"(범일동)";"6";"0";"A02";"A0206";"A02060900";"130798";"14";"20060418090000";"http://tong.visitkorea.or.kr/cms/resource/28/1982328_image2_1.jpg";"http://tong.visitkorea.or.kr/cms/resource/28/1982328_image3_1.jpg";"Type3";"129.0524428566";"35.1380885970";"6";"20231030142323";"5";"";"부산 동구도서관";"48763";0
"기장군 기장읍 차성동로126번길 13-5";"";"6";"0";"A02";"A0206";"A02060900";"130799";"14";"20060418090000";"http://tong.visitkorea.or.kr/cms/resource/56/1895756_image2_1.jpg";"http://tong.visitkorea.or.kr/cms/resource/56/1895756_image3_1.jpg";"Type3";"129.2172810028";"35.2497097044";"6";"20231106110240";"3";"";"부산 기장도서관";"46063";0
"서구 가수원로 91-11";"(가수원동)";"3";"0";"A02";"A0206";"A02060900";"130802";"14";"20060418090000";"http://tong.visitkorea.or.kr/cms/resource/65/1944865_image2_1.jpg";"http://tong.visitkorea.or.kr/cms/resource/65/1944865_image3_1.jpg";"Type3";"127.3488559098";"36.3018455408";"6";"20231107151114";"3";"";"대전 가수원도서관";"35385";0
"중구 동서대로 1360";"(목동)";"3";"0";"A02";"A0206";"A02060900";"130803";"14";"20060418090000";"http://tong.visitkorea.or.kr/cms/resource/35/1585735_image2_1.jpg";"http://tong.visitkorea.or.kr/cms/resource/35/1585735_image3_1.jpg";"Type3";"127.4102552317";"36.3293601492";"6";"20230725172730";"5";"";"대전학생교육문화원";"34849";0
"남구 중앙로 15";"";"5";"0";"A02";"A0206";"A02060900";"130807";"14";"20060419090000";"http://tong.visitkorea.or.kr/cms/resource/17/1587517_image2_1.jpg";"http://tong.visitkorea.or.kr/cms/resource/17/1587517_image3_1.jpg";"Type3";"126.9005647433";"35.1450970088";"6";"20231101103524";"2";"";"금호평생교육관";"61633";0
"광산구 송정공원로 8-13";"(소촌동)";"5";"0";"A02";"A0206";"A02060900";"130808";"14";"20060420090000";"http://tong.visitkorea.or.kr/cms/resource/27/1587327_image2_1.jpg";"http://tong.visitkorea.or.kr/cms/resource/27/1587327_image3_1.jpg";"Type3";"126.7998069918";"35.1449147758";"6";"20231031151809";"1";"";"광주 송정도서관";"62380";0
"부천시 소사로 456";"(원미동)";"31";"0";"A02";"A0206";"A02060900";"130818";"14";"20060502090000";"http://tong.visitkorea.or.kr/cms/resource/89/1852689_image2_1.jpg";"http://tong.visitkorea.or.kr/cms/resource/89/1852689_image3_1.jpg";"Type3";"126.7990226445";"37.4979756752";"6";"20231205174130";"11";"";"부천시립원미도서관";"14659";0
"부천시 신흥로275번길 19";"(중동)";"31";"0";"A02";"A0206";"A02060900";"130821";"14";"20060503090000";"http://tong.visitkorea.or.kr/cms/resource/33/1852733_image2_1.jpg";"http://tong.visitkorea.or.kr/cms/resource/33/1852733_image3_1.jpg";"Type3";"126.7737246693";"37.5080379451";"6";"20231205174258";"11";"";"부천시립꿈빛도서관";"14535";0
"부천시 삼작로301번길 5";"(도당동)";"31";"0";"A02";"A0206";"A02060900";"130822";"14";"20060503090000";"http://tong.visitkorea.or.kr/cms/resource/95/1852695_image2_1.jpg";"http://tong.visitkorea.or.kr/cms/resource/95/1852695_image3_1.jpg";"Type3";"126.7941113424";"37.5207840484";"6";"20231205174245";"11";"";"부천시립북부도서관";"14459";0
"수원시 영통구 매봉로 10";"";"31";"0";"A02";"A0206";"A02060900";"130827";"14";"20060509090000";"http://tong.visitkorea.or.kr/cms/resource/69/1785969_image2_1.jpg";"http://tong.visitkorea.or.kr/cms/resource/69/1785969_image3_1.jpg";"Type3";"127.0523393541";"37.2688484353";"6";"20231211172515";"13";"";"바른샘어린이도서관";"16527";0
"성남시 수정구 공원로370번길 26";"(신흥동)";"31";"0";"A02";"A0206";"A02060900";"130830";"14";"20060509090000";"http://tong.visitkorea.or.kr/cms/resource/64/2555764_image2_1.jpg";"http://tong.visitkorea.or.kr/cms/resource/64/2555764_image2_1.jpg";"Type3";"127.1500699157";"37.4466323641";"6";"20230713150228";"12";"";"경기성남교육도서관";"13268";0
"수원시 장안구 조원로 18";"(조원동)";"31";"0";"A02";"A0206";"A02060900";"130831";"14";"20060510090000";"http://tong.visitkorea.or.kr/cms/resource/91/1785991_image2_1.jpg";"http://tong.visitkorea.or.kr/cms/resource/91/1785991_image3_1.jpg";"Type3";"127.0224634611";"37.2983667056";"6";"20231208101830";"13";"";"경기중앙교육도서관";"16279";0
"과천시 도서관길 36";"(별양동)";"31";"0";"A02";"A0206";"A02060900";"130832";"14";"20060510090000";"http://tong.visitkorea.or.kr/cms/resource/98/1858998_image2_1.jpg";"http://tong.visitkorea.or.kr/cms/resource/98/1858998_image3_1.jpg";"Type3";"126.9965953850";"37.4323257114";"6";"20240416153556";"3";"";"경기과천교육도서관";"13836";0
"사상구 덕상로72번길 9";"";"6";"0";"A02";"A0206";"A02060900";"130834";"14";"20060510090000";"http://tong.visitkorea.or.kr/cms/resource/03/1895803_image2_1.jpg";"http://tong.visitkorea.or.kr/cms/resource/03/1895803_image3_1.jpg";"Type3";"128.9898027697";"35.1781301800";"6";"20231106113149";"9";"";"부산점자도서관";"46938";0
"수원시 권선구 탑동로57번길 35";"";"31";"0";"A02";"A0206";"A02060900";"130837";"14";"20060511090000";"http://tong.visitkorea.or.kr/cms/resource/97/1785997_image2_1.jpg";"http://tong.visitkorea.or.kr/cms/resource/97/1785997_image3_1.jpg";"Type3";"126.9720381867";"37.2732048313";"6";"20231208154624";"13";"";"서수원도서관";"16603";0
"강남구 언주로152길 16";"(신사동)";"1";"0";"A02";"A0206";"A02060500";"130840";"14";"20060524090000";"http://tong.visitkorea.or.kr/cms/resource/55/682555_image2_1.jpg";"http://tong.visitkorea.or.kr/cms/resource/55/682555_image3_1.jpg";"Type3";"127.0349865585";"37.5228103408";"6";"20231206155934";"23";"";"갤러리 나우";"06021";0
"종로구 북촌로12길 10";"";"1";"0";"A02";"A0206";"A02060100";"130851";"14";"20060712090000";"http://tong.visitkorea.or.kr/cms/resource/68/923768_image2_1.jpg";"http://tong.visitkorea.or.kr/cms/resource/68/923768_image3_1.jpg";"Type3";"126.9856032749";"37.5817914891";"6";"20231208134709";"23";"";"동림매듭공방";"03056";0
"진도군 진도대로 3818 국립남도국악원";"";"38";"0";"A02";"A0206";"A02061100";"130861";"14";"20060911090000";"http://tong.visitkorea.or.kr/cms/resource/68/1608068_image2_1.jpg";"http://tong.visitkorea.or.kr/cms/resource/68/1608068_image3_1.jpg";"Type3";"126.2255871331";"34.3847797583";"6";"20240123173031";"21";"";"국립남도국악원";"58944";0
"관악구 관악로 1";"서울대학교 151동";"1";"0";"A02";"A0206";"A02060500";"130881";"14";"20061226090000";"http://tong.visitkorea.or.kr/cms/resource/21/1570721_image2_1.jpg";"http://tong.visitkorea.or.kr/cms/resource/21/1570721_image3_1.jpg";"Type3";"126.9522096436";"37.4639934641";"6";"20231204172733";"5";"";"서울대학교 미술관";"08826";0
"하동군 악양서로 346-1 매암다원문화박물관";"";"36";"0";"A02";"A0206";"A02060100";"130885";"14";"20070117090000";"http://tong.visitkorea.or.kr/cms/resource/93/2026193_image2_1.jpg";"http://tong.visitkorea.or.kr/cms/resource/93/2026193_image3_1.jpg";"Type3";"127.7093819210";"35.1611452121";"6";"20231110094224";"18";"";"매암차문화박물관";"52305";0
"송파구 올림픽로 240 롯데월드";"";"1";"0";"A02";"A0206";"A02060600";"130886";"14";"20070119090000";"http://tong.visitkorea.or.kr/cms/resource/19/3109819_image2_1.JPG";"http://tong.visitkorea.or.kr/cms/resource/19/3109819_image3_1.JPG";"Type3";"127.0976311526";"37.5123821225";"6";"20240318101424";"18";"";"샤롯데씨어터";"05554";0
"중구 동호로15길 80";"";"1";"0";"A02";"A0206";"A02060500";"130887";"14";"20070119090000";"http://tong.visitkorea.or.kr/cms/resource/82/2030382_image2_1.jpg";"http://tong.visitkorea.or.kr/cms/resource/82/2030382_image3_1.jpg";"Type3";"127.0079464678";"37.5541228842";"6";"20231207110258";"24";"";"몽인아트스페이스";"04604";0
"종로구 계동길 37";"(계동)";"1";"0";"A02";"A0203";"A02030400";"130903";"14";"20070404090000";"http://tong.visitkorea.or.kr/cms/resource/50/1570550_image2_1.jpg";"http://tong.visitkorea.or.kr/cms/resource/50/1570550_image3_1.jpg";"Type3";"126.9862366274";"37.5790751499";"6";"20231207172709";"23";"";"북촌문화센터";"03059";0
"무주군 적상면 괴목로 788";"";"37";"0";"A02";"A0206";"A02060300";"130909";"14";"20070608090000";"http://tong.visitkorea.or.kr/cms/resource/30/1247430_image2_1.jpg";"http://tong.visitkorea.or.kr/cms/resource/30/1247430_image3_1.jpg";"Type3";"127.7124714454";"35.9668985309";"6";"20240118110124";"5";"";"무주양수홍보관";"55529";0
"고흥군 영남면 팔영로 1081";"";"38";"0";"A02";"A0206";"A02060500";"130913";"14";"20070619090000";"http://tong.visitkorea.or.kr/cms/resource/80/2552180_image2_1.JPG";"http://tong.visitkorea.or.kr/cms/resource/80/2552180_image2_1.JPG";"Type3";"127.4572293239";"34.6037034299";"6";"20230417110708";"2";"";"남포미술관";"59520";0
"강남구 언주로 721";"";"1";"0";"A02";"A0206";"A02060100";"130924";"14";"20070711090000";"http://tong.visitkorea.or.kr/cms/resource/28/1837328_image2_1.jpg";"http://tong.visitkorea.or.kr/cms/resource/28/1837328_image3_1.jpg";"Type3";"127.0336451451";"37.5181775216";"6";"20231204163831";"1";"";"관세박물관";"06050";0
"중구 필동로1길 30";"(필동3가)";"1";"0";"A02";"A0206";"A02060100";"130927";"14";"20070716090000";"http://tong.visitkorea.or.kr/cms/resource/30/2551430_image2_1.jpg";"http://tong.visitkorea.or.kr/cms/resource/30/2551430_image2_1.jpg";"Type3";"127.0001581712";"37.5582444874";"6";"20230531104844";"24";"";"동국대학교 박물관";"04620";0
"용인시 처인구 명지로 116";"";"31";"0";"A02";"A0206";"A02060100";"130928";"14";"20070716090000";"http://tong.visitkorea.or.kr/cms/resource/46/3068646_image2_1.jpg";"http://tong.visitkorea.or.kr/cms/resource/46/3068646_image3_1.jpg";"Type3";"127.1856397023";"37.2217035027";"6";"20231214152821";"23";"";"명지대학교 박물관";"";0
"강북구 삼양로149가길 53";"(우이동)";"1";"0";"A02";"A0206";"A02060100";"130929";"14";"20180711191624";"http://tong.visitkorea.or.kr/cms/resource/72/1895072_image2_1.jpg";"http://tong.visitkorea.or.kr/cms/resource/72/1895072_image3_1.jpg";"Type3";"127.0084880313";"37.6538057493";"6";"20231204170444";"3";"";"박을복자수박물관";"01007";0
"종로구 비봉길 2-2";"(구기동)";"1";"0";"A02";"A0206";"A02060100";"130931";"14";"20070801090000";"http://tong.visitkorea.or.kr/cms/resource/94/1567894_image2_1.jpg";"http://tong.visitkorea.or.kr/cms/resource/94/1567894_image3_1.jpg";"Type3";"126.9570384493";"37.6087072921";"6";"20231206113710";"23";"";"삼성출판박물관";"03007";0
"종로구 평창문화로 151";"";"1";"0";"A02";"A0206";"A02060100";"130932";"14";"20070801090000";"http://tong.visitkorea.or.kr/cms/resource/74/696774_image2_1.jpg";"http://tong.visitkorea.or.kr/cms/resource/74/696774_image3_1.jpg";"Type3";"126.9760699939";"37.6105851932";"6";"20231206113433";"23";"";"상명대학교 박물관";"03004";0
"마포구 백범로 35";"(신수동) 동문회관 6층";"1";"0";"A02";"A0206";"A02060100";"130933";"14";"20070801090000";"http://tong.visitkorea.or.kr/cms/resource/68/1543668_image2_1.jpg";"http://tong.visitkorea.or.kr/cms/resource/68/1543668_image3_1.jpg";"Type3";"126.9410415214";"37.5516997442";"6";"20231207163640";"13";"";"서강대박물관";"04107";0
"광진구 능동로 238";"(능동)";"1";"0";"A02";"A0203";"A02030200";"130938";"14";"20070802090000";"http://tong.visitkorea.or.kr/cms/resource/02/720502_image2_1.jpg";"http://tong.visitkorea.or.kr/cms/resource/02/720502_image3_1.jpg";"Type3";"127.0771624650";"37.5513105664";"6";"20240318165135";"6";"";"광나루안전체험관";"04991";0
"국세청로 8-14";"(나성동)";"8";"0";"A02";"A0206";"A02060100";"130952";"14";"20070806090000";"http://tong.visitkorea.or.kr/cms/resource/64/2437964_image2_1.jpg";"http://tong.visitkorea.or.kr/cms/resource/64/2437964_image3_1.jpg";"Type3";"127.2607310549";"36.4852257627";"6";"20240307100244";"1";"";"국립조세박물관";"30128";0
"고양시 덕양구 화중로104번길 50";"(화정동)";"31";"0";"A02";"A0206";"A02060300";"130963";"14";"20070816090000";"http://tong.visitkorea.or.kr/cms/resource/22/1949922_image2_1.jpg";"http://tong.visitkorea.or.kr/cms/resource/22/1949922_image2_1.jpg";"Type3";"126.8340155763";"37.6358019379";"6";"20231205173646";"2";"";"국립여성사전시관";"10497";0
"광주시 삼지곡길 95";"(삼동)";"31";"";"A03";"A0302";"A03020700";"130984";"28";"20040223090000";"http://tong.visitkorea.or.kr/cms/resource/81/1956881_image2_1.jpg";"http://tong.visitkorea.or.kr/cms/resource/81/1956881_image3_1.jpg";"Type3";"127.2093290558";"37.4242693604";"6";"20230802203307";"5";"";"뉴서울컨트리클럽";"12767";0
"성남시 분당구 안양판교로1201번길 161";"(백현동)";"31";"";"A03";"A0302";"A03020700";"130985";"28";"20030523090000";"http://tong.visitkorea.or.kr/cms/resource/57/1956857_image2_1.jpg";"http://tong.visitkorea.or.kr/cms/resource/57/1956857_image3_1.jpg";"Type3";"127.0825806630";"37.3816331319";"6";"20230414104332";"12";"";"남서울컨트리클럽";"13541";75524
"파주시 광탄면 혜음로 324";"";"31";"";"A03";"A0302";"A03020700";"130987";"28";"20030522090000";"http://tong.visitkorea.or.kr/cms/resource/16/1956116_image2_1.jpg";"http://tong.visitkorea.or.kr/cms/resource/16/1956116_image3_1.jpg";"Type3";"126.8964821613";"37.7313808171";"6";"20230706110059";"27";"";"서서울컨트리클럽";"10955";114198
"중구 수침로55번길 56";"(태평동)";"3";"";"A04";"A0401";"A04010200";"1309877";"38";"20110615234518";"http://tong.visitkorea.or.kr/cms/resource/44/1585844_image2_1.jpg";"http://tong.visitkorea.or.kr/cms/resource/44/1585844_image3_1.jpg";"Type3";"127.3976786705";"36.3259297630";"6";"20231211112941";"5";"";"대전 태평시장";"34893";0
"광주시 도척면 도척윗로 280";"(도척면)";"31";"";"A03";"A0302";"A03020700";"130991";"28";"20040220090000";"http://tong.visitkorea.or.kr/cms/resource/70/1956870_image2_1.jpg";"http://tong.visitkorea.or.kr/cms/resource/70/1956870_image3_1.jpg";"Type3";"127.2953266164";"37.3331870228";"6";"20230610060649";"5";"";"곤지암 골프클럽";"12809";0
"이천시 중리천로115번길 45";"(안흥동)";"31";"";"A03";"A0303";"A03030700";"131014";"28";"20030526090000";"http://tong.visitkorea.or.kr/cms/resource/70/1875370_image2_1.jpg";"http://tong.visitkorea.or.kr/cms/resource/70/1875370_image3_1.jpg";"Type3";"127.4510196920";"37.2761825537";"6";"20231209110112";"26";"";"미란다 스파플러스";"17372";0
"화성시 봉담읍 삼천병마로 709";"";"31";"";"A03";"A0303";"A03030500";"131032";"28";"20020702090000";"http://tong.visitkorea.or.kr/cms/resource/83/1860983_image2_1.jpg";"http://tong.visitkorea.or.kr/cms/resource/83/1860983_image3_1.jpg";"Type3";"126.9359748483";"37.1712882108";"6";"20230209162056";"31";"031-298-9116";"덕우저수지";"18336";0
"음성군 맹동면 군자길 1492";"";"33";"";"A03";"A0303";"A03030500";"131043";"28";"20040223090000";"http://tong.visitkorea.or.kr/cms/resource/96/3064396_image2_1.JPG";"http://tong.visitkorea.or.kr/cms/resource/96/3064396_image3_1.JPG";"Type3";"127.5714974013";"36.8942899040";"6";"20231210122725";"6";"043-877-8008";"맹동저수지";"27736";0
"서산시 고북면 신송리";"";"34";"";"A03";"A0303";"A03030500";"131051";"28";"20020702090000";"http://tong.visitkorea.or.kr/cms/resource/31/1963231_image2_1.jpg";"http://tong.visitkorea.or.kr/cms/resource/31/1963231_image3_1.jpg";"Type3";"126.5342809476";"36.6481387950";"6";"20230228141757";"7";"041-664-2256";"고북신송지";"32028";0
"공주시 계룡면 하대리";"(계룡면)";"34";"";"A03";"A0303";"A03030500";"131052";"28";"20020702090000";"http://tong.visitkorea.or.kr/cms/resource/67/1902767_image2_1.jpg";"http://tong.visitkorea.or.kr/cms/resource/67/1902767_image3_1.jpg";"Type3";"127.1555886047";"36.3489145235";"6";"20230228143554";"1";"041-840-8850";"계룡저수지";"32615";0
"통영시 욕지면 갈도길";"(욕지면)";"36";"";"A03";"A0303";"A03030600";"131091";"28";"20030528090000";"http://tong.visitkorea.or.kr/cms/resource/83/822483_image2_1.jpg";"http://tong.visitkorea.or.kr/cms/resource/83/822483_image3_1.jpg";"Type3";"128.1855223235";"34.5654564250";"6";"20230314102729";"17";"055-650-4553";"갈도";"53100";0
"통영시 사량면";"(사량면)";"36";"";"A03";"A0303";"A03030600";"131094";"28";"20030528090000";"http://tong.visitkorea.or.kr/cms/resource/30/2016230_image2_1.jpg";"http://tong.visitkorea.or.kr/cms/resource/30/2016230_image3_1.jpg";"Type3";"128.2201676171";"34.8455146347";"6";"20230610054731";"17";"055-650-0580";"사량도 바다낚시";"53103";0
"고흥군 도양읍 목넘가는길";"(도양읍)";"38";"";"A03";"A0303";"A03030600";"131096";"28";"20020709090000";"http://tong.visitkorea.or.kr/cms/resource/48/2785348_image2_1.jpg";"http://tong.visitkorea.or.kr/cms/resource/48/2785348_image3_1.jpg";"Type3";"127.1298654870";"34.5248650445";"6";"20230502110222";"2";"061-830-6483";"고흥권";"59557";0
"신안군 증도면 병풍리";"";"38";"";"A03";"A0303";"A03030600";"131105";"28";"20030103090000";"http://tong.visitkorea.or.kr/cms/resource/44/2497144_image2_1.jpg";"http://tong.visitkorea.or.kr/cms/resource/44/2497144_image2_1.jpg";"Type3";"126.2065750120";"34.9662029135";"6";"20230612153549";"12";"";"병풍도";"58809";0
"영등포구 문래로 110";"(문래동3가)";"1";"";"A03";"A0302";"A03020200";"131136";"28";"20030410090000";"http://tong.visitkorea.or.kr/cms/resource/93/2028293_image2_1.jpg";"http://tong.visitkorea.or.kr/cms/resource/93/2028293_image3_1.jpg";"Type3";"126.8940106221";"37.5188582745";"6";"20230811171337";"20";"02-2167-0100";"문래청소년수련관";"07296";0
"양천구 목동서로 143";"";"1";"";"A03";"A0302";"A03020200";"131137";"28";"20021125090000";"http://tong.visitkorea.or.kr/cms/resource/30/2356830_image2_1.jpg";"http://tong.visitkorea.or.kr/cms/resource/30/2356830_image3_1.jpg";"Type3";"126.8754786448";"37.5307176769";"6";"20230920100540";"19";"02-2642-1318";"목동청소년수련관";"07991";0
"중구 을지로11길 23";"(수표동)";"1";"";"A03";"A0302";"A03020200";"131138";"28";"20030328090000";"http://tong.visitkorea.or.kr/cms/resource/06/2459306_image2_1.jpg";"http://tong.visitkorea.or.kr/cms/resource/06/2459306_image3_1.jpg";"Type3";"126.9905199091";"37.5671210604";"6";"20230413174159";"24";"02-2267-2914";"서울청소년수련관";"04543";0
"강남구 영동대로131길 26";"";"1";"";"A03";"A0302";"A03020200";"131139";"28";"20030527090000";"http://tong.visitkorea.or.kr/cms/resource/23/2462023_image2_1.jpg";"http://tong.visitkorea.or.kr/cms/resource/23/2462023_image3_1.jpg";"Type3";"127.0541432145";"37.5204498480";"6";"20230814141857";"1";"02-544-9725";"강남청소년수련관";"06073";0
"강서구 공항대로42길 23-19";"";"1";"";"A03";"A0302";"A03020200";"131140";"28";"20021107090000";"http://tong.visitkorea.or.kr/cms/resource/79/1805779_image2_1.jpg";"http://tong.visitkorea.or.kr/cms/resource/79/1805779_image3_1.jpg";"Type3";"126.8442724314";"37.5564807920";"6";"20230508103516";"4";"02-3664-2456~8";"강서청소년회관";"07647";0
"이천시 호법면 장자터로 114-127";"";"31";"";"A03";"A0302";"A03020200";"131156";"28";"20020731090000";"http://tong.visitkorea.or.kr/cms/resource/91/1956891_image2_1.jpg";"http://tong.visitkorea.or.kr/cms/resource/91/1956891_image3_1.jpg";"Type3";"127.3915721340";"37.1838254835";"6";"20230728145148";"26";"031-638-9631";"덕평수련원";"17396";0
"원주시 소초면 구룡사로 451";"";"32";"";"A03";"A0302";"A03020200";"131168";"28";"20030527090000";"http://tong.visitkorea.or.kr/cms/resource/36/1947336_image2_1.jpg";"http://tong.visitkorea.or.kr/cms/resource/36/1947336_image3_1.jpg";"Type3";"128.0528060678";"37.4038955557";"6";"20230802201726";"9";"033-731-1600";"강원도자연학습원";"26304";0
"속초시 청봉로 25";"(설악동)";"32";"";"A03";"A0302";"A03021700";"131176";"28";"20020809090000";"http://tong.visitkorea.or.kr/cms/resource/88/1851588_image2_1.jpg";"http://tong.visitkorea.or.kr/cms/resource/88/1851588_image3_1.jpg";"Type3";"128.5437914439";"38.1629502190";"6";"20240131095932";"5";"";"설악동야영장";"24904";0
"제천시 봉양읍 박달로 256-46";"";"33";"";"A03";"A0302";"A03020200";"131181";"28";"20050217090000";"http://tong.visitkorea.or.kr/cms/resource/51/1596851_image2_1.jpg";"http://tong.visitkorea.or.kr/cms/resource/51/1596851_image3_1.jpg";"Type3";"128.0603407805";"37.1431285608";"6";"20231206102916";"7";"043-652-9222";"박달재수련원";"27111";0
"부여군 충화면 충신로 618";"(충화면)";"34";"";"A03";"A0302";"A03020200";"131187";"28";"20040302090000";"http://tong.visitkorea.or.kr/cms/resource/95/1901695_image2_1.jpg";"http://tong.visitkorea.or.kr/cms/resource/95/1901695_image3_1.jpg";"Type3";"126.8249013885";"36.1459847619";"6";"20231228155237";"6";"";"부여청소년수련원";"33213";0
"구미시 산호대로 243";"";"35";"";"A03";"A0302";"A03020200";"131207";"28";"20020723090000";"http://tong.visitkorea.or.kr/cms/resource/57/3029257_image2_1.jpg";"http://tong.visitkorea.or.kr/cms/resource/57/3029257_image3_1.jpg";"Type3";"128.3839608909";"36.1055838153";"6";"20231101142816";"4";"054-480-4300";"구미시평생교육원";"39371";0
"구미시 해평면 해평4길 12";"";"35";"";"A03";"A0302";"A03020200";"131208";"28";"20030120090000";"http://tong.visitkorea.or.kr/cms/resource/71/1893671_image2_1.jpg";"http://tong.visitkorea.or.kr/cms/resource/71/1893671_image3_1.jpg";"Type3";"128.3702845280";"36.1975758827";"6";"20230816150821";"4";"054-474-0912";"구미시청소년수련원";"39154";0
"강진군 마량면 미항로 157";"";"38";"";"A03";"A0303";"A03030600";"131228";"28";"20050104090000";"http://tong.visitkorea.or.kr/cms/resource/68/1835468_image2_1.jpg";"http://tong.visitkorea.or.kr/cms/resource/68/1835468_image3_1.jpg";"Type3";"126.8192612135";"34.4494544202";"6";"20231030110637";"1";"";"마량항";"59269";0
"무주군 부남면 대소길";"(부남면)";"37";"";"A03";"A0303";"A03030500";"131236";"28";"202401181743";"http://tong.visitkorea.or.kr/cms/resource/32/711832_image2_1.jpg";"http://tong.visitkorea.or.kr/cms/resource/32/711832_image3_1.jpg";"Type3";"127.5515633415";"35.9735171402";"6";"20240118174312";"5";"063-320-5951";"부남면 금강하천";"55503";0
"남양주시 불암산로59번길 48-31";"";"31";"0";"A01";"A0101";"A01010700";"1312443";"12";"20110620184134";"http://tong.visitkorea.or.kr/cms/resource/52/2049352_image2_1.jpg";"http://tong.visitkorea.or.kr/cms/resource/52/2049352_image2_1.jpg";"Type3";"127.0988548862";"37.6504494362";"6";"20230125131713";"9";"";"산들소리";"12100";0
"당진시 면천면 면천로 844-5";"";"34";"";"A03";"A0303";"A03030500";"131253";"28";"20020704090000";"http://tong.visitkorea.or.kr/cms/resource/57/1963257_image2_1.jpg";"http://tong.visitkorea.or.kr/cms/resource/57/1963257_image3_1.jpg";"Type3";"126.6815605034";"36.8111170095";"6";"20231005135809";"4";"";"면천낚시터";"31805";0
"고성군 거진읍 거진항1길 62-3";"(거진읍)";"32";"";"A03";"A0303";"A03030600";"131270";"28";"20020709090000";"http://tong.visitkorea.or.kr/cms/resource/18/1813218_image2_1.jpg";"http://tong.visitkorea.or.kr/cms/resource/18/1813218_image3_1.jpg";"Type3";"128.4616650733";"38.4457045513";"6";"20230701132218";"2";"033-682-2782";"거진방파제";"24713";0
"강릉시 옥계면 금진리";"124-3";"32";"";"A03";"A0303";"A03030600";"131272";"28";"20021127090000";"http://tong.visitkorea.or.kr/cms/resource/33/3069333_image2_1.jpg";"http://tong.visitkorea.or.kr/cms/resource/33/3069333_image3_1.jpg";"Type3";"129.0524725126";"37.6504723123";"6";"20231214164726";"1";"033-660-3626";"금진방파제";"25633";0
"서천군 서면 서인로 56";"";"34";"";"A03";"A0303";"A03030600";"131273";"28";"20020704090000";"http://tong.visitkorea.or.kr/cms/resource/83/1875683_image2_1.jpg";"http://tong.visitkorea.or.kr/cms/resource/83/1875683_image3_1.jpg";"Type3";"126.5036250656";"36.1294478189";"6";"20231120145045";"8";"041-950-4114";"마량 방파제";"33604";0
"통영시 정량동";"";"36";"";"A03";"A0303";"A03030600";"131277";"28";"20020704090000";"http://tong.visitkorea.or.kr/cms/resource/35/1900235_image2_1.jpg";"http://tong.visitkorea.or.kr/cms/resource/35/1900235_image3_1.jpg";"Type3";"128.4412706549";"34.8421717211";"6";"20230213095432";"17";"055-650-0580";"동호방파제";"53048";0
"연천군 백학면 저수지길 21";"";"31";"";"A03";"A0303";"A03030500";"131281";"28";"20041221090000";"http://tong.visitkorea.or.kr/cms/resource/18/1861018_image2_1.jpg";"http://tong.visitkorea.or.kr/cms/resource/18/1861018_image3_1.jpg";"Type3";"126.9251181316";"38.0323128911";"6";"20231206120552";"21";"031-833-5470";"백학저수지";"11048";0
"충주시 노은면 대덕길 122";"";"33";"";"A03";"A0303";"A03030500";"131292";"28";"20020627090000";"http://tong.visitkorea.or.kr/cms/resource/02/1959702_image2_1.jpg";"http://tong.visitkorea.or.kr/cms/resource/02/1959702_image3_1.jpg";"Type3";"127.7121606539";"37.0584985562";"6";"20230228133429";"11";"043-853-9332";"노은지(대덕지)";"27450";0
"당진시 정미면 덕삼리";"(정미면)";"34";"";"A03";"A0303";"A03030500";"131296";"28";"20020627090000";"http://tong.visitkorea.or.kr/cms/resource/51/1963251_image2_1.jpg";"http://tong.visitkorea.or.kr/cms/resource/51/1963251_image3_1.jpg";"Type3";"126.5280208734";"36.8388528113";"6";"20231120143959";"4";"";"덕삼지";"31802";0
"홍천군 서면 한치골길 262";"";"32";"";"A03";"A0302";"A03021200";"131301";"28";"20031209090000";"http://tong.visitkorea.or.kr/cms/resource/70/2779470_image2_1.jpg";"http://tong.visitkorea.or.kr/cms/resource/70/2779470_image2_1.jpg";"Type3";"127.6873540732";"37.6523905338";"6";"20230701132242";"16";"";"비발디파크 스키장";"25102";0
"북구 고성로 191";"(고성동3가)";"4";"";"A03";"A0302";"A03021300";"131320";"28";"20031112090000";"http://tong.visitkorea.or.kr/cms/resource/55/1574355_image2_1.jpg";"http://tong.visitkorea.or.kr/cms/resource/55/1574355_image3_1.jpg";"Type3";"128.5861825706";"35.8830711126";"6";"20230110104610";"5";"";"대구실내빙상장";"41594";0
"목포시 양을로397번길 68";"(상동)";"38";"";"A03";"A0302";"A03020200";"131338";"28";"20030527090000";"http://tong.visitkorea.or.kr/cms/resource/08/1970508_image2_1.jpg";"http://tong.visitkorea.or.kr/cms/resource/08/1970508_image3_1.jpg";"Type3";"126.4108020745";"34.8221974975";"6";"20230220130315";"8";"061-276-3640~2";"목포시청소년수련관";"58608";0
"용인시 처인구 원삼면 이원로913번길 19-21";"";"31";"";"A03";"A0303";"A03030500";"131342";"28";"20021129090000";"http://tong.visitkorea.or.kr/cms/resource/89/3058089_image2_1.jpg";"http://tong.visitkorea.or.kr/cms/resource/89/3058089_image3_1.jpg";"Type3";"127.2831354635";"37.1573432520";"6";"20231205103127";"23";"";"고초골낚시터";"17169";0
"시흥시 뒷방울길 147";"";"31";"";"A03";"A0303";"A03030500";"131354";"28";"20020627090000";"http://tong.visitkorea.or.kr/cms/resource/29/1852829_image2_1.jpg";"http://tong.visitkorea.or.kr/cms/resource/29/1852829_image3_1.jpg";"Type3";"126.7507222679";"37.3704312966";"6";"20230209165510";"14";"";"뒷방울 저수지";"15007";0
"서산시 대산읍 가로림로 972";"";"34";"";"A03";"A0303";"A03030600";"131369";"28";"20020703090000";"http://tong.visitkorea.or.kr/cms/resource/93/1894293_image2_1.jpg";"http://tong.visitkorea.or.kr/cms/resource/93/1894293_image3_1.jpg";"Type3";"126.3339574081";"36.9617047127";"6";"20231208110505";"7";"041-660-2601";"벌말선착장";"31911";0
"제천시 봉양읍 명암로 243";"";"33";"";"A03";"A0303";"A03030500";"131398";"28";"20050207090000";"http://tong.visitkorea.or.kr/cms/resource/83/1846683_image2_1.jpg";"http://tong.visitkorea.or.kr/cms/resource/83/1846683_image3_1.jpg";"Type3";"128.1265896148";"37.1694489853";"6";"20231206113845";"7";"043-651-5566";"명암낚시터";"27109";0
"해운대구 APEC로 68";"(우동)";"6";"";"A03";"A0302";"A03020200";"131406";"28";"20021106090000";"http://tong.visitkorea.or.kr/cms/resource/00/1863200_image2_1.jpg";"http://tong.visitkorea.or.kr/cms/resource/00/1863200_image3_1.jpg";"Type3";"129.1376763055";"35.1674341084";"6";"20230615104329";"16";"";"부산사회체육센터";"48060";0
"익산시 금마면 고도9길 41-14";"";"37";"0";"A02";"A0206";"A02060100";"1314127";"14";"202401181743";"http://tong.visitkorea.or.kr/cms/resource/46/1306246_image2_1.jpg";"http://tong.visitkorea.or.kr/cms/resource/46/1306246_image3_1.jpg";"Type3";"127.0604063368";"36.0019413977";"6";"20240118174312";"9";"";"마한관";"54572";0
"화성시 중리길 183";"(청계동)";"31";"";"A03";"A0302";"A03020700";"131415";"28";"20040219090000";"http://tong.visitkorea.or.kr/cms/resource/67/1939967_image2_1.jpg";"http://tong.visitkorea.or.kr/cms/resource/67/1939967_image3_1.jpg";"Type3";"127.1127582970";"37.1902586109";"6";"20230822163811";"31";"";"리베라컨트리클럽";"18482";0
"화성시 동탄면 풀무골로106번길 244";"";"31";"";"A03";"A0302";"A03020700";"131416";"28";"20040223090000";"http://tong.visitkorea.or.kr/cms/resource/19/1939919_image2_1.jpg";"http://tong.visitkorea.or.kr/cms/resource/19/1939919_image3_1.jpg";"Type3";"127.1458941519";"37.1914118485";"6";"20231109110132";"31";"";"기흥컨트리클럽";"18465";0
"과천시 막계동";"(막계동)";"31";"";"A03";"A0302";"A03021400";"131433";"28";"20040119090000";"http://tong.visitkorea.or.kr/cms/resource/68/1861968_image2_1.jpg";"http://tong.visitkorea.or.kr/cms/resource/68/1861968_image3_1.jpg";"Type3";"127.0170406660";"37.4352174086";"6";"20230912171259";"3";"";"서울랜드 눈썰매장";"13829";0
"양천구 안양천로 939";"(목동)";"1";"";"A03";"A0302";"A03021600";"131434";"28";"20040224090000";"http://tong.visitkorea.or.kr/cms/resource/51/2356851_image2_1.jpg";"http://tong.visitkorea.or.kr/cms/resource/51/2356851_image3_1.jpg";"Type3";"126.8819114075";"37.5301456356";"6";"20230725173354";"19";"";"목동사격장";"07990";0
"관악구 신림로23길 17";"";"1";"";"A03";"A0302";"A03020200";"131453";"28";"20040227090000";"http://tong.visitkorea.or.kr/cms/resource/95/1903195_image2_1.jpg";"http://tong.visitkorea.or.kr/cms/resource/95/1903195_image3_1.jpg";"Type3";"126.9351915730";"37.4702257699";"6";"20231214154140";"5";"02-876-0636~8";"관악청소년회관";"08813";0
"춘천시 신샘밭로 89";"(사농동)";"32";"";"A03";"A0302";"A03020200";"131456";"28";"20040227090000";"http://tong.visitkorea.or.kr/cms/resource/27/1583527_image2_1.jpg";"http://tong.visitkorea.or.kr/cms/resource/27/1583527_image3_1.jpg";"Type3";"127.7204153141";"37.9225569719";"6";"20230701125745";"13";"033-255-6601~3";"강원도청소년수련관";"24207";0
"고양시 일산서구 탄중로101번길 13";"(덕이동)";"31";"";"A02";"A0203";"A02030600";"1314565";"38";"20110623035911";"http://tong.visitkorea.or.kr/cms/resource/16/1787116_image2_1.jpg";"http://tong.visitkorea.or.kr/cms/resource/16/1787116_image3_1.jpg";"Type3";"126.7557655552";"37.6930299906";"6";"20231205173226";"2";"덕이동소상공인협동조합 031-925-0606";"덕이동 로데오거리";"10236";0
"천안시 동남구 독립기념관로 1 독립기념관";"";"34";"";"A03";"A0302";"A03021700";"131464";"28";"20050127090000";"http://tong.visitkorea.or.kr/cms/resource/53/1875753_image2_1.jpg";"http://tong.visitkorea.or.kr/cms/resource/53/1875753_image3_1.jpg";"Type3";"127.2326089252";"36.7773972648";"6";"20231213145238";"12";"";"독립기념관 캠핑장";"31232";0
"창원시 의창구 두대로 97";"(삼동동)";"36";"";"A03";"A0302";"A03020200";"131477";"28";"20021125090000";"http://tong.visitkorea.or.kr/cms/resource/91/1212991_image2_1.jpg";"http://tong.visitkorea.or.kr/cms/resource/91/1212991_image3_1.jpg";"Type3";"128.6545972657";"35.2298960142";"6";"20230524112317";"16";"055-712-0372";"늘푸른전당";"51412";0
"익산시 여산면 영전길 2-95";"";"37";"0";"A02";"A0201";"A02010900";"1314771";"12";"202401181743";"http://tong.visitkorea.or.kr/cms/resource/80/1306580_image2_1.jpg";"http://tong.visitkorea.or.kr/cms/resource/80/1306580_image3_1.jpg";"Type3";"127.0852359439";"36.0592436258";"6";"20240118174312";"9";"";"백지사터";"54520";0
"김제시 금구면 대화리";"";"37";"";"A03";"A0303";"A03030500";"131479";"28";"202401181743";"http://tong.visitkorea.or.kr/cms/resource/86/1974386_image2_1.jpg";"http://tong.visitkorea.or.kr/cms/resource/86/1974386_image3_1.jpg";"Type3";"127.0331698950";"35.7887124369";"6";"20240118174312";"3";"063-540-3611";"대율저수지";"54341";0
"서구 금화로 278";"";"5";"";"A03";"A0302";"A03021300";"131516";"28";"20031112090000";"http://tong.visitkorea.or.kr/cms/resource/21/1587821_image2_1.jpg";"http://tong.visitkorea.or.kr/cms/resource/21/1587821_image3_1.jpg";"Type3";"126.8791890676";"35.1366003852";"6";"20230126133509";"5";"";"광주실내빙상장";"62048";0
"아산시 인주면 아산만로 1363";"";"34";"";"A03";"A0303";"A03030500";"131531";"28";"20031209090000";"http://tong.visitkorea.or.kr/cms/resource/25/3050325_image2_1.jpg";"http://tong.visitkorea.or.kr/cms/resource/25/3050325_image3_1.jpg";"Type3";"126.8546465096";"36.8527430131";"6";"20231209162112";"9";"";"삽교호(아산)";"31438";0
"동작구 사당로23길 57-7";"";"1";"";"A03";"A0302";"A03020200";"131534";"28";"20040226090000";"http://tong.visitkorea.or.kr/cms/resource/45/2958145_image2_1.jpg";"http://tong.visitkorea.or.kr/cms/resource/45/2958145_image3_1.jpg";"Type3";"126.9757596726";"37.4854497277";"6";"20230508150039";"12";"02-595-0231~3";"사당청소년문화의집";"07005";0
"달서구 앞산순환로 206";"(송현동)";"4";"";"A03";"A0302";"A03021100";"131547";"28";"20020813090000";"http://tong.visitkorea.or.kr/cms/resource/36/1573936_image2_1.jpg";"http://tong.visitkorea.or.kr/cms/resource/36/1573936_image3_1.jpg";"Type3";"128.5543870908";"35.8211941975";"6";"20230704163509";"2";"053-656-0467";"대덕승마장";"42841";0
"익산시 금마면 고도9길 41-14";"(금마면)";"37";"0";"A02";"A0202";"A02020700";"1315472";"12";"20110624022528";"http://tong.visitkorea.or.kr/cms/resource/68/3061468_image2_1.jpg";"http://tong.visitkorea.or.kr/cms/resource/68/3061468_image3_1.jpg";"Type3";"127.0574399549";"36.0011775445";"6";"20240118112726";"9";"";"서동공원";"54572";0
"부여군 초촌면 선사로 286";"";"34";"";"A03";"A0303";"A03030500";"131551";"28";"20040225090000";"http://tong.visitkorea.or.kr/cms/resource/73/1963273_image2_1.jpg";"http://tong.visitkorea.or.kr/cms/resource/73/1963273_image3_1.jpg";"Type3";"127.0410178838";"36.2610003563";"6";"20230610060805";"6";"041-830-6808";"부여 산직지";"33174";0
"서산시 한재무두리1길 5-22";"";"34";"";"A03";"A0303";"A03030500";"131552";"28";"20020819090000";"http://tong.visitkorea.or.kr/cms/resource/09/1894309_image2_1.jpg";"http://tong.visitkorea.or.kr/cms/resource/09/1894309_image3_1.jpg";"Type3";"126.3398547429";"36.8330835682";"6";"20230213174759";"7";"010-5917-3400";"서산 덕송지";"31921";0
"화성시 황계남길 21-10";"(송산동)";"31";"";"A03";"A0302";"A03020700";"131559";"28";"20030522090000";"http://tong.visitkorea.or.kr/cms/resource/40/1939940_image2_1.jpg";"http://tong.visitkorea.or.kr/cms/resource/40/1939940_image3_1.jpg";"Type3";"127.0080004513";"37.2144344985";"6";"20230531101210";"31";"";"남수원컨트리클럽";"18347";0
"청주시 청원구 오창읍 꽃화산길 51-20";"(오창읍)";"33";"";"A03";"A0302";"A03020700";"131573";"28";"20030523090000";"http://tong.visitkorea.or.kr/cms/resource/88/1597088_image2_1.jpg";"http://tong.visitkorea.or.kr/cms/resource/88/1597088_image3_1.jpg";"Type3";"127.3827441662";"36.7221646301";"6";"20230515114922";"10";"043-212-7111";"그랜드컨트리클럽";"28106";0
"유성구 덕명로56번길 199";"(덕명동)";"3";"";"A03";"A0302";"A03021100";"131579";"28";"20021115090000";"http://tong.visitkorea.or.kr/cms/resource/21/3062421_image2_1.JPG";"http://tong.visitkorea.or.kr/cms/resource/21/3062421_image3_1.JPG";"Type3";"127.3074388693";"36.3499587486";"6";"20231207181227";"4";"";"복용승마장";"34155";0
"강릉시 강동면 임곡로 1-17";"";"32";"";"A03";"A0302";"A03021100";"131581";"28";"20030410090000";"http://tong.visitkorea.or.kr/cms/resource/21/1813421_image2_1.jpg";"http://tong.visitkorea.or.kr/cms/resource/21/1813421_image3_1.jpg";"Type3";"128.9806849401";"37.7266815484";"6";"20230719093942";"1";"033-644-6264";"강릉승마장";"25626";0
"당진시 신평면";"";"34";"";"A03";"A0303";"A03030500";"131590";"28";"20030414090000";"http://tong.visitkorea.or.kr/cms/resource/19/1894319_image2_1.jpg";"http://tong.visitkorea.or.kr/cms/resource/19/1894319_image3_1.jpg";"Type3";"126.7446448085";"36.8724638115";"6";"20230508112849";"4";"041-360-8544";"당진 오봉제";"31747";0
"제주시 조천읍 비자림로 1118";"";"39";"";"A03";"A0302";"A03021100";"131597";"28";"20020812090000";"http://tong.visitkorea.or.kr/cms/resource/80/1618380_image2_1.jpg";"http://tong.visitkorea.or.kr/cms/resource/80/1618380_image3_1.jpg";"Type3";"126.7242349815";"33.4343380177";"6";"20231004170216";"4";"";"서진승마장";"63346";0
"당진시 신평면 새내큰말길";"";"34";"";"A03";"A0303";"A03030500";"131599";"28";"20030414090000";"http://tong.visitkorea.or.kr/cms/resource/24/1894324_image2_1.jpg";"http://tong.visitkorea.or.kr/cms/resource/24/1894324_image3_1.jpg";"Type3";"126.7404332581";"36.9027352443";"6";"20231207145511";"4";"041-360-8501";"당진 초대리지";"31730";0
"전주시 완산구 은행로 74-8";"";"37";"";"A05";"A0502";"A05020100";"1316009";"39";"202401181743";"http://tong.visitkorea.or.kr/cms/resource/09/1976809_image2_1.jpg";"http://tong.visitkorea.or.kr/cms/resource/09/1976809_image3_1.jpg";"Type3";"127.1523697516";"35.8134727939";"6";"20240118174312";"12";"063-288-8607";"다문";"55044";0
"광명시 오리로 703";"(하안동)";"31";"";"A03";"A0302";"A03020300";"131611";"28";"20020711090000";"http://tong.visitkorea.or.kr/cms/resource/99/3027699_image2_1.jpg";"http://tong.visitkorea.or.kr/cms/resource/99/3027699_image3_1.jpg";"Type3";"126.8717253645";"37.4618867172";"6";"20240206120407";"4";"";"광명시민체육관";"14259";0
"부천시 부일로 365";"";"31";"";"A03";"A0302";"A03020300";"131612";"28";"20020730090000";"http://tong.visitkorea.or.kr/cms/resource/34/1852834_image2_1.jpg";"http://tong.visitkorea.or.kr/cms/resource/34/1852834_image3_1.jpg";"Type3";"126.7704810743";"37.4882568532";"6";"20231205174206";"11";"032-665-1071";"부천시민운동장";"14613";0
"관악구 낙성대로 40";"(봉천동)";"1";"";"A03";"A0302";"A03020300";"131617";"28";"20020711090000";"http://tong.visitkorea.or.kr/cms/resource/14/1903214_image2_1.jpg";"http://tong.visitkorea.or.kr/cms/resource/14/1903214_image3_1.jpg";"Type3";"126.9574616287";"37.4751755932";"6";"20231109154223";"5";"";"관악구민운동장";"08790";0
"익산시 왕궁면 장중길 105-8";"";"37";"0";"A02";"A0201";"A02010700";"1316294";"12";"202401181743";"http://tong.visitkorea.or.kr/cms/resource/50/2514150_image2_1.jpg";"http://tong.visitkorea.or.kr/cms/resource/50/2514150_image2_1.jpg";"Type3";"127.0942930747";"35.9687652133";"6";"20240118174312";"9";"";"망모당";"54576";0
"봉화군 명호면 청량로 1136-18";"";"35";"";"A03";"A0303";"A03030800";"131638";"28";"20070907090000";"http://tong.visitkorea.or.kr/cms/resource/36/1981536_image2_1.jpg";"http://tong.visitkorea.or.kr/cms/resource/36/1981536_image3_1.jpg";"Type3";"128.9031432071";"36.8571522852";"6";"20230802203345";"8";"054-672-9991";"낙동강래프팅";"36252";0
"정선군 사북읍 하이원길 265";"";"32";"";"A03";"A0302";"A03021000";"131676";"28";"20030416090000";"http://tong.visitkorea.or.kr/cms/resource/91/1982091_image2_1.jpg";"http://tong.visitkorea.or.kr/cms/resource/91/1982091_image3_1.jpg";"Type3";"128.8216009997";"37.2127210495";"6";"20240123160420";"11";"";"강원랜드 카지노";"26154";0
"원주시 지정면 신평석화로 236";"";"32";"";"A03";"A0302";"A03020200";"131684";"28";"20040226090000";"http://tong.visitkorea.or.kr/cms/resource/66/1947366_image2_1.jpg";"http://tong.visitkorea.or.kr/cms/resource/66/1947366_image3_1.jpg";"Type3";"127.8794606973";"37.4008232364";"6";"20230701134921";"9";"033-732-3700";"동서울레스피아";"26358";0
"보령시 성주면 성주산로 500";"(성주면)";"34";"";"A03";"A0302";"A03020200";"131686";"28";"20040226090000";"http://tong.visitkorea.or.kr/cms/resource/25/1601125_image2_1.jpg";"http://tong.visitkorea.or.kr/cms/resource/25/1601125_image3_1.jpg";"Type3";"126.6515066314";"36.3273276778";"6";"20230324104447";"5";"041-931-2336";"보령시청소년수련관";"33486";0
"마포구 월드컵로 240";"(성산동)";"1";"";"A03";"A0302";"A03020300";"131712";"28";"20031208090000";"http://tong.visitkorea.or.kr/cms/resource/97/1805797_image2_1.jpg";"http://tong.visitkorea.or.kr/cms/resource/97/1805797_image3_1.jpg";"Type3";"126.8972867084";"37.5683081417";"6";"20230324105052";"13";"";"서울월드컵경기장";"03932";0
"유성구 월드컵대로 32";"";"3";"";"A03";"A0302";"A03020300";"131720";"28";"20030527090000";"http://tong.visitkorea.or.kr/cms/resource/18/1946518_image2_1.jpg";"http://tong.visitkorea.or.kr/cms/resource/18/1946518_image3_1.jpg";"Type3";"127.3251146529";"36.3651962068";"6";"20240311143536";"4";"042-610-2900";"대전월드컵경기장";"34148";0
"서구 금화로 240";"(풍암동)";"5";"";"A03";"A0302";"A03020300";"131721";"28";"20030527090000";"http://tong.visitkorea.or.kr/cms/resource/05/1587805_image2_1.jpg";"http://tong.visitkorea.or.kr/cms/resource/05/1587805_image3_1.jpg";"Type3";"126.8749061843";"35.1337617441";"6";"20230622144508";"5";"062-604-2002";"광주월드컵경기장";"62048";0
"문경시 동로면 여우목로 2788-1";"";"35";"";"A04";"A0401";"A04010200";"1317212";"38";"20110627201312";"http://tong.visitkorea.or.kr/cms/resource/37/1959637_image2_1.jpg";"http://tong.visitkorea.or.kr/cms/resource/37/1959637_image3_1.jpg";"Type3";"128.3146286717";"36.7736035274";"6";"20230526104201";"7";"054-550-6393";"문경 동로시장";"36902";0
"남해군 서면 스포츠파크길 15";"";"36";"";"A03";"A0302";"A03020300";"131734";"28";"20040225090000";"http://tong.visitkorea.or.kr/cms/resource/10/3063310_image2_1.jpg";"http://tong.visitkorea.or.kr/cms/resource/10/3063310_image3_1.jpg";"Type1";"127.8385936219";"34.8063984218";"6";"20231208164924";"5";"";"남해스포츠파크";"52410";0
"철원군 갈말읍 군탄리 707-17";"";"32";"";"A03";"A0305";"A03050100";"131738";"28";"20030527090000";"http://tong.visitkorea.or.kr/cms/resource/23/1846423_image2_1.jpg";"http://tong.visitkorea.or.kr/cms/resource/23/1846423_image3_1.jpg";"Type3";"127.2974214220";"38.1769472284";"6";"20230701132548";"12";"";"레포츠114";"24032";0
"용인시 기흥구 기흥단지로 398";"(고매동)";"31";"";"A03";"A0302";"A03020700";"131761";"28";"20040224090000";"http://tong.visitkorea.or.kr/cms/resource/12/1939912_image2_1.jpg";"http://tong.visitkorea.or.kr/cms/resource/12/1939912_image3_1.jpg";"Type3";"127.1386051932";"37.2174837025";"6";"20230828131724";"23";"";"골드컨트리클럽";"17087";216646
"부여군 규암면 호반로";"";"34";"";"A03";"A0303";"A03030500";"131763";"28";"20040226090000";"http://tong.visitkorea.or.kr/cms/resource/40/3038940_image2_1.JPG";"http://tong.visitkorea.or.kr/cms/resource/40/3038940_image3_1.JPG";"Type3";"126.8438184541";"36.2775061491";"6";"20231114122158";"6";"041-835-1997";"반산저수지";"33118";0
"인제군 인제읍 내린천로 6211";"";"32";"";"A03";"A0303";"A03030800";"131776";"28";"20040506090000";"http://tong.visitkorea.or.kr/cms/resource/11/2384211_image2_1.jpg";"http://tong.visitkorea.or.kr/cms/resource/11/2384211_image3_1.jpg";"Type3";"128.2067618712";"38.0431160103";"6";"20231117115639";"10";"";"내린천 래프팅";"24640";0
"서귀포시 상예로 381";"(상예동)";"39";"";"A03";"A0302";"A03021600";"131784";"28";"20040507090000";"http://tong.visitkorea.or.kr/cms/resource/13/1970013_image2_1.jpg";"http://tong.visitkorea.or.kr/cms/resource/13/1970013_image3_1.jpg";"Type3";"126.3950726325";"33.2776445400";"6";"20230214113747";"3";"";"대유랜드";"63548";0
"문경시 사격장길 155 문경관광사격장";"";"35";"";"A03";"A0302";"A03021600";"131789";"28";"20040510090000";"http://tong.visitkorea.or.kr/cms/resource/82/1615182_image2_1.jpg";"http://tong.visitkorea.or.kr/cms/resource/82/1615182_image3_1.jpg";"Type3";"128.1299822185";"36.6432761437";"6";"20231117160306";"7";"054-553-0001";"문경관광사격장";"36987";0
"김포시 월곶면 용강로13번길 38";"";"31";"";"A03";"A0302";"A03021400";"131795";"28";"20040531090000";"http://tong.visitkorea.or.kr/cms/resource/29/1939929_image2_1.jpg";"http://tong.visitkorea.or.kr/cms/resource/29/1939929_image3_1.jpg";"Type3";"126.5521834056";"37.7207870316";"6";"20231123111233";"8";"";"김포사계절썰매장";"10024";58859
"당진시 석문면 장고항로";"";"34";"";"A03";"A0303";"A03030600";"131815";"28";"20041112090000";"http://tong.visitkorea.or.kr/cms/resource/54/1885354_image2_1.jpg";"http://tong.visitkorea.or.kr/cms/resource/54/1885354_image3_1.jpg";"Type3";"126.5595239472";"37.0312922335";"6";"20240311165155";"4";"041-360-8220";"당진 장고항";"31701";0
"경주시 보문로 424-11";"(신평동)";"35";"";"A03";"A0302";"A03021600";"131830";"28";"20070311090000";"http://tong.visitkorea.or.kr/cms/resource/93/3030593_image2_1.jpg";"http://tong.visitkorea.or.kr/cms/resource/93/3030593_image3_1.jpg";"Type3";"129.2863888209";"35.8440219452";"6";"20231117151554";"2";"";"경주보문실탄사격장";"38117";0
"인제군 북면 만해로 91";"(북면)";"32";"";"A03";"A0302";"A03020200";"131834";"28";"20051108090000";"http://tong.visitkorea.or.kr/cms/resource/08/1813508_image2_1.jpg";"http://tong.visitkorea.or.kr/cms/resource/08/1813508_image3_1.jpg";"Type3";"128.3166085986";"38.1862375638";"6";"20230701131521";"10";"033-462-2303";"만해마을 수련원";"24606";0
"강릉시 죽헌길 140-12";"";"32";"0";"A02";"A0206";"A02060100";"1318353";"14";"20110628202650";"http://tong.visitkorea.or.kr/cms/resource/06/2363006_image2_1.jpg";"http://tong.visitkorea.or.kr/cms/resource/06/2363006_image3_1.jpg";"Type3";"128.8803035030";"37.7779681022";"6";"20230817095038";"1";"";"동양자수박물관";"25465";0
"진천군 진천읍 백곡로 1140-4";"";"33";"";"A03";"A0303";"A03030500";"131844";"28";"20060309090000";"http://tong.visitkorea.or.kr/cms/resource/87/3064587_image2_1.JPG";"http://tong.visitkorea.or.kr/cms/resource/87/3064587_image3_1.JPG";"Type3";"127.3975914578";"36.8718060195";"6";"20231210151554";"8";"043-539-7646";"백곡저수지낚시터";"27822";0
"무주군 부남면 무금로 693";"";"37";"";"A03";"A0305";"A03050100";"131849";"28";"20060515090000";"http://tong.visitkorea.or.kr/cms/resource/03/1983303_image2_1.jpg";"http://tong.visitkorea.or.kr/cms/resource/03/1983303_image3_1.jpg";"Type3";"127.5978168510";"36.0000399414";"6";"20240118101512";"5";"";"반딧불레저";"55502";0
"동작구 여의대방로54길 18";"(대방동)";"1";"";"A03";"A0302";"A03020200";"131852";"28";"20060524090000";"http://tong.visitkorea.or.kr/cms/resource/73/1898373_image2_1.jpg";"http://tong.visitkorea.or.kr/cms/resource/73/1898373_image3_1.jpg";"Type3";"126.9272383527";"37.5116708141";"6";"20230725110615";"12";"";"서울여성플라자";"06939";0
"산청군 금서면 친환경로 2619-2";"";"36";"";"A03";"A0303";"A03030800";"131853";"28";"20060607090000";"http://tong.visitkorea.or.kr/cms/resource/23/1611423_image2_1.jpg";"http://tong.visitkorea.or.kr/cms/resource/23/1611423_image3_1.jpg";"Type3";"127.8721886317";"35.4186162726";"6";"20230418111837";"9";"055-972-2002";"경호강래프팅";"52215";0
"산청군 산청읍 웅석봉로86번길 9-5";"";"36";"";"A03";"A0303";"A03030800";"131854";"28";"20060613090000";"http://tong.visitkorea.or.kr/cms/resource/96/2383596_image2_1.jpg";"http://tong.visitkorea.or.kr/cms/resource/96/2383596_image2_1.jpg";"Type3";"127.8722138602";"35.4098894804";"6";"20230802192254";"9";"055-974-2000";"사람과바다 래프팅";"52226";0
"서산시 운산면 봉운로";"(운산면)";"34";"";"A03";"A0303";"A03030500";"131856";"28";"20060725090000";"http://tong.visitkorea.or.kr/cms/resource/53/188453_image2_1.jpg";"http://tong.visitkorea.or.kr/cms/resource/53/188453_image3_1.jpg";"Type3";"126.6039709706";"36.7860546622";"6";"20231116100433";"7";"";"고풍저수지";"31950";0
"강릉시 사천면";"";"32";"";"A03";"A0303";"A03030500";"131862";"28";"20061016090000";"http://tong.visitkorea.or.kr/cms/resource/88/192088_image2_1.JPG";"http://tong.visitkorea.or.kr/cms/resource/88/192088_image3_1.JPG";"Type3";"128.7872117104";"37.7839517092";"6";"20230701134243";"1";"";"사기막저수지";"25438";0
"성남시 분당구 새마을로 255";"";"31";"";"A03";"A0302";"A03020700";"131876";"28";"20061117090000";"http://tong.visitkorea.or.kr/cms/resource/19/1875419_image2_1.jpg";"http://tong.visitkorea.or.kr/cms/resource/19/1875419_image3_1.jpg";"Type3";"127.1556599081";"37.3897418394";"6";"20230110164109";"12";"031-606-9955";"분당 그린피아골프";"13574";0
"경주시 알천북로 131";"(황성동)";"35";"";"A03";"A0302";"A03020200";"131885";"28";"20070110090000";"http://tong.visitkorea.or.kr/cms/resource/72/1891472_image2_1.jpg";"http://tong.visitkorea.or.kr/cms/resource/72/1891472_image3_1.jpg";"Type3";"129.2158863483";"35.8551304690";"6";"20230610063042";"2";"054-779-6171~6";"경주시청소년수련관";"38088";0
"곡성군 고달면 가정마을길 51";"";"38";"";"A03";"A0302";"A03021700";"131888";"28";"20070122090000";"http://tong.visitkorea.or.kr/cms/resource/36/2032536_image2_1.jpg";"http://tong.visitkorea.or.kr/cms/resource/36/2032536_image3_1.jpg";"Type3";"127.3698878695";"35.2279401177";"6";"20230601164925";"3";"";"곡성군청소년야영장";"57547";0
"청주시 흥덕구 옥산면 동림2길 149";"(옥산면)";"33";"";"A03";"A0302";"A03020700";"131890";"28";"20070118090000";"http://tong.visitkorea.or.kr/cms/resource/08/1847508_image2_1.jpg";"http://tong.visitkorea.or.kr/cms/resource/08/1847508_image3_1.jpg";"Type3";"127.3249897561";"36.6673143442";"6";"20230328104619";"10";"";"떼제베 컨트리클럽";"28103";0
"중구 명동8가길 27";"";"1";"";"A03";"A0302";"A03021600";"131901";"28";"20070831090000";"http://tong.visitkorea.or.kr/cms/resource/74/1813074_image2_1.jpg";"http://tong.visitkorea.or.kr/cms/resource/74/1813074_image3_1.jpg";"Type3";"126.9865898579";"37.5619632560";"6";"20230425103717";"24";"";"명동사격장";"04537";0
"광명시 하안로288번길 15";"(하안동)";"31";"";"A03";"A0303";"A03030400";"131913";"28";"20070404090000";"http://tong.visitkorea.or.kr/cms/resource/87/2827487_image2_1.jpg";"http://tong.visitkorea.or.kr/cms/resource/87/2827487_image3_1.jpg";"Type3";"126.8813661410";"37.4623118393";"6";"20230816103223";"4";"";"뉴서울 다이빙 풀";"14306";0
"창원시 진해구 소사로59번나길 4";"(소사동)";"36";"0";"A02";"A0206";"A02060100";"1319217";"14";"20110629024408";"http://tong.visitkorea.or.kr/cms/resource/82/1272482_image2_1.jpg";"http://tong.visitkorea.or.kr/cms/resource/82/1272482_image3_1.jpg";"Type3";"128.7762671470";"35.1292345230";"6";"20230303110249";"16";"";"김씨 박물관";"51597";0
"영월군 영월읍 어라연길 48";"";"32";"";"A03";"A0303";"A03030800";"131941";"28";"20070420090000";"http://tong.visitkorea.or.kr/cms/resource/51/1947351_image2_1.jpg";"http://tong.visitkorea.or.kr/cms/resource/51/1947351_image3_1.jpg";"Type3";"128.5171803963";"37.2346793779";"6";"20230701132925";"8";"1899-3168";"동강드림래프팅";"26222";0
"안산시 단원구 부흥로 376";"(대부남동)";"31";"";"A03";"A0302";"A03021100";"131950";"28";"20070426090000";"http://tong.visitkorea.or.kr/cms/resource/70/1939970_image2_1.jpg";"http://tong.visitkorea.or.kr/cms/resource/70/1939970_image3_1.jpg";"Type3";"126.6082117914";"37.2132442399";"6";"20231005174119";"15";"";"베르아델 승마클럽";"15650";0
"노원구 상계로5길 32";"";"1";"";"A03";"A0302";"A03020200";"131956";"28";"20070502090000";"http://tong.visitkorea.or.kr/cms/resource/67/1868067_image2_1.jpg";"http://tong.visitkorea.or.kr/cms/resource/67/1868067_image3_1.jpg";"Type3";"127.0628607539";"37.6571563395";"6";"20230518100544";"9";"02-933-1805";"금호스포츠센터";"01693";0
"무주군 무주읍 잠두길 5-11";"";"37";"";"A03";"A0303";"A03030800";"131961";"28";"202401181743";"http://tong.visitkorea.or.kr/cms/resource/28/2393428_image2_1.JPG";"http://tong.visitkorea.or.kr/cms/resource/28/2393428_image2_1.JPG";"Type3";"127.6073716053";"35.9982292071";"6";"20240118174312";"5";"";"무주래프팅";"55511";0
"봉화군 명호면 명재로 16";"";"35";"";"A03";"A0303";"A03030800";"131968";"28";"20070601090000";"http://tong.visitkorea.or.kr/cms/resource/24/1981524_image2_1.jpg";"http://tong.visitkorea.or.kr/cms/resource/24/1981524_image3_1.jpg";"Type3";"128.8899475340";"36.8444812610";"6";"20230324093851";"8";"054-674-0567 / 010-9895-0567";"강나루래프팅";"36254";0
"영월군 영월읍 동강로 878";"";"32";"";"A03";"A0303";"A03030800";"131970";"28";"20070601090000";"http://tong.visitkorea.or.kr/cms/resource/56/1822156_image2_1.jpg";"http://tong.visitkorea.or.kr/cms/resource/56/1822156_image3_1.jpg";"Type3";"128.5133779016";"37.2366374137";"6";"20230901142523";"8";"033-375-6926";"강사랑래프팅";"26222";0
"안동시 도산면 가송길 133";"";"35";"";"A03";"A0303";"A03030800";"131973";"28";"20070618090000";"http://tong.visitkorea.or.kr/cms/resource/39/1981539_image2_1.jpg";"http://tong.visitkorea.or.kr/cms/resource/39/1981539_image3_1.jpg";"Type3";"128.8913413968";"36.7658375050";"6";"20230802203031";"11";"054-856-7793";"도산래프팅";"36603";0
"남해군 이동면 보리암로 65-23";"";"36";"0";"A02";"A0201";"A02010800";"1319901";"12";"20110630001804";"http://tong.visitkorea.or.kr/cms/resource/81/1292681_image2_1.jpg";"http://tong.visitkorea.or.kr/cms/resource/81/1292681_image3_1.jpg";"Type3";"127.9692634648";"34.7788787861";"6";"20231227161015";"5";"";"금왕사";"52432";0
"남해군 상주면 보리암로 691";"";"36";"0";"A02";"A0201";"A02010200";"1320181";"12";"20110630015613";"http://tong.visitkorea.or.kr/cms/resource/19/1293619_image2_1.jpg";"http://tong.visitkorea.or.kr/cms/resource/19/1293619_image3_1.jpg";"Type3";"128.0050703454";"34.7137728082";"6";"20231205173916";"5";"";"남해 금산 봉수대";"52432";0
"남해군 남해읍 망운로10번길 47";"";"36";"0";"A02";"A0201";"A02010700";"1320343";"12";"20110630030542";"http://tong.visitkorea.or.kr/cms/resource/03/1295003_image2_1.jpg";"http://tong.visitkorea.or.kr/cms/resource/03/1295003_image3_1.jpg";"Type3";"127.8927657366";"34.8424842126";"6";"20230725155421";"5";"";"남해향교";"52418";0
"구미시 인동중앙로5길 16-7";"(황상동)";"35";"";"A04";"A0401";"A04010200";"132103";"38";"20030120090000";"http://tong.visitkorea.or.kr/cms/resource/68/1968768_image2_1.jpg";"http://tong.visitkorea.or.kr/cms/resource/68/1968768_image3_1.jpg";"Type3";"128.4213047274";"36.1084869505";"6";"20230329155320";"4";"054-471-0477";"구미 인동시장";"39430";0
"종로구 세종대로 149";"(세종로)";"1";"";"A04";"A0401";"A04010400";"132178";"38";"20030519090000";"http://tong.visitkorea.or.kr/cms/resource/41/2589341_image2_1.jpg";"http://tong.visitkorea.or.kr/cms/resource/41/2589341_image2_1.jpg";"Type3";"126.9761378170";"37.5695871827";"6";"20230125105348";"23";"02-399-3270";"동화면세점";"03186";0
"중구 남대문시장4길 21";"";"1";"";"A04";"A0401";"A04010200";"132180";"38";"20031117090000";"http://tong.visitkorea.or.kr/cms/resource/67/2612867_image2_1.jpg";"http://tong.visitkorea.or.kr/cms/resource/67/2612867_image3_1.jpg";"Type3";"126.9776796357";"37.5592467455";"6";"20240321172440";"24";"";"남대문시장";"04529";0
"중구 청계천로 274";"";"1";"";"A04";"A0401";"A04010200";"132182";"38";"20031119090000";"http://tong.visitkorea.or.kr/cms/resource/19/3077619_image2_1.JPG";"http://tong.visitkorea.or.kr/cms/resource/19/3077619_image3_1.JPG";"Type3";"127.0080126943";"37.5694211079";"6";"20240102135309";"24";"02-2265-3531";"서울 평화시장";"04563";0
"종로구 창경궁로 88";"";"1";"";"A04";"A0401";"A04010200";"132183";"38";"20031117090000";"http://tong.visitkorea.or.kr/cms/resource/81/2668981_image2_1.jpg";"http://tong.visitkorea.or.kr/cms/resource/81/2668981_image3_1.jpg";"Type3";"126.9997217621";"37.5701653166";"6";"20240117155356";"23";"";"광장시장";"03195";0
"부산진구 중앙대로 737";"(부전동)";"6";"";"A04";"A0401";"A04010600";"132185";"38";"20031117090000";"http://tong.visitkorea.or.kr/cms/resource/09/1960409_image2_1.jpg";"http://tong.visitkorea.or.kr/cms/resource/09/1960409_image3_1.jpg";"Type3";"129.0611192742";"35.1602390548";"6";"20231206143832";"7";"051-713-8261";"서면 지하도상가";"47254";0
"중구 마장로1길 21";"";"1";"";"A04";"A0401";"A04010200";"132186";"38";"20031117090000";"http://tong.visitkorea.or.kr/cms/resource/53/1984353_image2_1.jpg";"http://tong.visitkorea.or.kr/cms/resource/53/1984353_image3_1.jpg";"Type3";"127.0119012497";"37.5686851518";"6";"20230403142814";"24";"02-2232-2882";"서울 광희시장";"04567";0
"중구 구덕로 지하 44";"(남포동5가)";"6";"";"A04";"A0401";"A04010600";"132187";"38";"20031119090000";"http://tong.visitkorea.or.kr/cms/resource/22/1960422_image2_1.jpg";"http://tong.visitkorea.or.kr/cms/resource/22/1960422_image3_1.jpg";"Type3";"129.0306458464";"35.0980149031";"6";"20230428143243";"15";"051-713-8200";"남포동 지하도상가";"48953";0
"부산진구 중앙대로755번길 21";"(부전동)";"6";"";"A04";"A0401";"A04010200";"132188";"38";"20031117090000";"http://tong.visitkorea.or.kr/cms/resource/04/3070904_image2_1.JPG";"http://tong.visitkorea.or.kr/cms/resource/04/3070904_image3_1.JPG";"Type3";"129.0614025211";"35.1624610334";"6";"20231215134939";"7";"051-818-1091";"부산 부전시장";"47254";0
"중구 자갈치해안로 52";"(남포동4가)";"6";"";"A04";"A0401";"A04010200";"132190";"38";"20040109090000";"http://tong.visitkorea.or.kr/cms/resource/02/2364302_image2_1.jpg";"http://tong.visitkorea.or.kr/cms/resource/02/2364302_image3_1.jpg";"Type3";"129.0306042201";"35.0966511661";"6";"20240307113035";"15";"051-245-2594";"부산 자갈치시장";"48983";0
"중구 남대문시장4길";"";"1";"";"A04";"A0401";"A04010600";"132213";"38";"20031117090000";"http://tong.visitkorea.or.kr/cms/resource/76/1984376_image2_1.jpg";"http://tong.visitkorea.or.kr/cms/resource/76/1984376_image3_1.jpg";"Type3";"126.9769936007";"37.5587551235";"6";"20230209154247";"24";"남대문 상가 02-753-2805";"남대문 안경상가";"04528";0
"중구 을지로36길 35";"";"1";"";"A04";"A0401";"A04010200";"132217";"38";"20031119090000";"http://tong.visitkorea.or.kr/cms/resource/46/1984446_image2_1.jpg";"http://tong.visitkorea.or.kr/cms/resource/46/1984446_image3_1.jpg";"Type3";"127.0019383691";"37.5651409407";"6";"20230814171437";"24";"";"서울 중부시장";"04547";0
"종로구 인사동4길 17";"";"1";"";"A04";"A0401";"A04010600";"132222";"38";"20031119090000";"http://tong.visitkorea.or.kr/cms/resource/92/1020892_image2_1.jpg";"http://tong.visitkorea.or.kr/cms/resource/92/1020892_image3_1.jpg";"Type3";"126.9865478589";"37.5738340983";"6";"20231210153502";"23";"02-735-8489";"경일문화가게";"03148";0
"중구 남대문시장길 25-8";"(남대문로4가)";"1";"";"A04";"A0401";"A04010200";"132225";"38";"20031117090000";"http://tong.visitkorea.or.kr/cms/resource/34/3065134_image2_1.JPG";"http://tong.visitkorea.or.kr/cms/resource/34/3065134_image3_1.JPG";"Type3";"126.9774490656";"37.5604827090";"6";"20231211110322";"24";"02-752-1012";"남대문인삼시장";"04529";0
"종로구 삼일대로 428";"(낙원동)";"1";"";"A04";"A0401";"A04010600";"132226";"38";"20031117090000";"http://tong.visitkorea.or.kr/cms/resource/19/923719_image2_1.jpg";"http://tong.visitkorea.or.kr/cms/resource/19/923719_image3_1.jpg";"Type3";"126.9878811011";"37.5727564697";"6";"20230718133129";"23";"02-743-6131";"낙원 악기상가";"03140";0
"강남구 학동로 106";"(논현동)";"1";"";"A02";"A0203";"A02030600";"132235";"38";"20031117090000";"http://tong.visitkorea.or.kr/cms/resource/18/1920618_image2_1.jpg";"http://tong.visitkorea.or.kr/cms/resource/18/1920618_image3_1.jpg";"Type3";"127.0225185784";"37.5111836894";"6";"20240131115848";"1";"";"논현 가구거리";"06110";0
"중구 을지로33길 18-1 오성빌딩";"";"1";"";"A04";"A0401";"A04010200";"132241";"38";"20031120090000";"http://tong.visitkorea.or.kr/cms/resource/79/2667479_image2_1.jpg";"http://tong.visitkorea.or.kr/cms/resource/79/2667479_image3_1.jpg";"Type3";"126.9997190611";"37.5674656304";"6";"20231205175057";"24";"02-2266-8765";"방산 종합시장";"04546";0
"송파구 올림픽로 240";"(잠실동)";"1";"";"A04";"A0401";"A04010600";"132248";"38";"20031030090000";"http://tong.visitkorea.or.kr/cms/resource/29/1920629_image2_1.jpg";"http://tong.visitkorea.or.kr/cms/resource/29/1920629_image3_1.jpg";"Type3";"127.0972006734";"37.5110794886";"6";"20231211135251";"18";"02-411-2000";"롯데월드 쇼핑몰";"05554";0
"원주시 풍물시장길 30 (평원동)";"";"32";"";"A04";"A0401";"A04010100";"132268";"38";"20020422090000";"http://tong.visitkorea.or.kr/cms/resource/98/3045198_image2_1.jpg";"http://tong.visitkorea.or.kr/cms/resource/98/3045198_image3_1.jpg";"Type3";"127.9541387992";"37.3490389422";"6";"20231122181424";"9";"";"민속풍물시장";"26430";0
"남원시 의총로 78";"(하정동)";"37";"";"A04";"A0401";"A04010200";"132304";"38";"20050115090000";"http://tong.visitkorea.or.kr/cms/resource/63/1976563_image2_1.jpg";"http://tong.visitkorea.or.kr/cms/resource/63/1976563_image3_1.jpg";"Type3";"127.3766604172";"35.4077365919";"6";"20240118104406";"4";"063-632-5133";"남원 용남시장";"55763";0
"군산시 신금길 18";"";"37";"";"A04";"A0401";"A04010200";"132313";"38";"20031117090000";"http://tong.visitkorea.or.kr/cms/resource/83/3040583_image2_1.jpg";"http://tong.visitkorea.or.kr/cms/resource/83/3040583_image3_1.jpg";"Type3";"126.7203038781";"35.9832487811";"6";"20240322094256";"2";"063-445-4929";"군산 공설시장";"54027";0
"고창군 고창읍 동리로 120";"";"37";"";"A04";"A0401";"A04010900";"132323";"38";"202401181743";"http://tong.visitkorea.or.kr/cms/resource/10/1976510_image2_1.jpg";"http://tong.visitkorea.or.kr/cms/resource/10/1976510_image3_1.jpg";"Type3";"126.7054775943";"35.4325000830";"6";"20240118174312";"1";"061-564-6992";"고창 자수";"56441";0
"김제시 금산면 모악로 470";"";"37";"";"A04";"A0401";"A04010900";"132334";"38";"202401181743";"http://tong.visitkorea.or.kr/cms/resource/35/1976535_image2_1.jpg";"http://tong.visitkorea.or.kr/cms/resource/35/1976535_image3_1.jpg";"Type3";"127.0418376184";"35.7182844839";"6";"20240118174312";"3";"063-548-0222";"금산필방";"54343";0
"구로구 경인로53길 15";"";"1";"";"A04";"A0401";"A04010600";"132420";"38";"20031117090000";"http://tong.visitkorea.or.kr/cms/resource/97/1920597_image2_1.jpg";"http://tong.visitkorea.or.kr/cms/resource/97/1920597_image3_1.jpg";"Type3";"126.8746156713";"37.5009544532";"6";"20231205160000";"7";"";"구로 중앙유통단지";"08217";0
"동구 공항로33길 21";"";"4";"";"A04";"A0401";"A04010700";"132454";"38";"20040216090000";"http://tong.visitkorea.or.kr/cms/resource/68/1970168_image2_1.jpg";"http://tong.visitkorea.or.kr/cms/resource/68/1970168_image3_1.jpg";"Type3";"128.6331251029";"35.9029336186";"6";"20230823152704";"4";"053-982-4020";"대림목공예";"41039";0
"남원시 요천로 1357";"(조산동)";"37";"";"A04";"A0401";"A04010700";"132464";"38";"202401181743";"http://tong.visitkorea.or.kr/cms/resource/98/3064298_image2_1.jpg";"http://tong.visitkorea.or.kr/cms/resource/98/3064298_image3_1.jpg";"Type3";"127.3718166509";"35.3980653799";"6";"20240118174312";"4";"063-632-3644";"남원 목기공예사";"55766";0
"무안군 몽탄면 신창길 4-3";"";"38";"";"A04";"A0401";"A04010700";"132472";"38";"20040216090000";"http://tong.visitkorea.or.kr/cms/resource/41/1971641_image2_1.jpg";"http://tong.visitkorea.or.kr/cms/resource/41/1971641_image3_1.jpg";"Type3";"126.5063719360";"34.9149997225";"6";"20230221110926";"9";"061-453-6788";"두리토방(몽평요)";"58549";0
"수영구 광안해변로312번길 60";"";"6";"";"A04";"A0401";"A04010600";"132493";"38";"20031117090000";"http://tong.visitkorea.or.kr/cms/resource/64/1572164_image2_1.jpg";"http://tong.visitkorea.or.kr/cms/resource/64/1572164_image3_1.jpg";"Type3";"129.1278914077";"35.1542381830";"6";"20231114140902";"12";"051-753-0200";"민락어민활어직판장";"48281";0
"부산진구 중앙대로 704";"(부전동)";"6";"";"A04";"A0401";"A04010600";"132506";"38";"20031201090000";"http://tong.visitkorea.or.kr/cms/resource/95/1982195_image2_1.jpg";"http://tong.visitkorea.or.kr/cms/resource/95/1982195_image3_1.jpg";"Type3";"129.0595973128";"35.1555117782";"6";"20231215150917";"7";"051-803-0009";"동보프라자";"47291";0
"칠곡군 지천면 금호로1길 2-25";"";"35";"";"A04";"A0401";"A04010700";"132523";"38";"20040129090000";"http://tong.visitkorea.or.kr/cms/resource/58/1968958_image2_1.jpg";"http://tong.visitkorea.or.kr/cms/resource/58/1968958_image3_1.jpg";"Type3";"128.4455623436";"35.9576656269";"6";"20230823140315";"22";"054-972-2237";"국악기 유림";"39868";0
"중구 부평2길 44";"";"6";"";"A02";"A0203";"A02030600";"132550";"38";"20031117090000";"http://tong.visitkorea.or.kr/cms/resource/36/1982236_image2_1.jpg";"http://tong.visitkorea.or.kr/cms/resource/36/1982236_image3_1.jpg";"Type3";"129.0265905492";"35.1014505558";"6";"20231106163716";"15";"";"부평동한복거리";"48978";0
"충주시 연원5길 26";"(연수동)";"33";"";"A04";"A0401";"A04010700";"132571";"38";"20040129090000";"http://tong.visitkorea.or.kr/cms/resource/07/1959807_image2_1.jpg";"http://tong.visitkorea.or.kr/cms/resource/07/1959807_image3_1.jpg";"Type3";"127.9313236403";"36.9835584314";"6";"20230119132017";"11";"043-854-0049";"도예공방 필";"27349";0
"부산진구 중앙번영로20번길 34-3";"(범천동)";"6";"";"A04";"A0401";"A04010200";"132572";"38";"20031119090000";"http://tong.visitkorea.or.kr/cms/resource/23/3070923_image2_1.JPG";"http://tong.visitkorea.or.kr/cms/resource/23/3070923_image3_1.JPG";"Type3";"129.0611197346";"35.1434103837";"6";"20231215135507";"7";"";"부산 중앙시장";"47364";0
"중구 중앙대로29번길 8";"(중앙동1가)";"6";"";"A04";"A0401";"A04010600";"132574";"38";"20040224090000";"http://tong.visitkorea.or.kr/cms/resource/30/1960430_image2_1.jpg";"http://tong.visitkorea.or.kr/cms/resource/30/1960430_image3_1.jpg";"Type3";"129.0356453505";"35.1002564119";"7";"20230823164223";"15";"051-713-8200";"광복 지하도상가";"48956";0
"남양주시 수동면 지둔로 122-17";"";"31";"";"A04";"A0401";"A04010700";"132577";"38";"20040213090000";"http://tong.visitkorea.or.kr/cms/resource/23/1920623_image2_1.jpg";"http://tong.visitkorea.or.kr/cms/resource/23/1920623_image3_1.jpg";"Type3";"127.3124366743";"37.7035888029";"6";"20231227145415";"9";"02-523-7600∼1";"동양 국악기제작소";"12031";0
"금천구 디지털로9길 23";"";"1";"";"A04";"A0401";"A04010600";"132593";"38";"20031106090000";"http://tong.visitkorea.or.kr/cms/resource/10/1923610_image2_1.jpg";"http://tong.visitkorea.or.kr/cms/resource/10/1923610_image2_1.jpg";"Type3";"126.8863707829";"37.4786294780";"6";"20230512181720";"8";"02-2109-7000";"마리오아울렛";"08511";0
"함평군 해보면 밀재로 1286-21";"";"38";"";"A04";"A0401";"A04010700";"132600";"38";"20040216090000";"http://tong.visitkorea.or.kr/cms/resource/85/1971585_image2_1.jpg";"http://tong.visitkorea.or.kr/cms/resource/85/1971585_image3_1.jpg";"Type3";"126.6041567647";"35.1805158081";"6";"20231102101508";"22";"061-323-0313";"금영돗자리";"57117";0
"경주시 하동공예촌길 12-5";"";"35";"";"A04";"A0401";"A04010700";"132601";"38";"20040217090000";"http://tong.visitkorea.or.kr/cms/resource/82/1968982_image2_1.jpg";"http://tong.visitkorea.or.kr/cms/resource/82/1968982_image3_1.jpg";"Type3";"129.3113016391";"35.8051156955";"6";"20231031155121";"2";"054-746-5279";"보산토기";"38126";0
"미추홀구 연남로 35 인천종합터미널,롯데백화점";"";"2";"";"A04";"A0401";"A04010300";"132659";"38";"20061030090000";"http://tong.visitkorea.or.kr/cms/resource/27/3007027_image2_1.jpg";"http://tong.visitkorea.or.kr/cms/resource/27/3007027_image3_1.jpg";"Type3";"126.7023441253";"37.4422082182";"6";"20231016131930";"3";"1577-0001";"롯데백화점 인천점";"22242";0
"중구 남대문로 81";"";"1";"";"A04";"A0401";"A04010300";"132668";"38";"20061031090000";"http://tong.visitkorea.or.kr/cms/resource/24/2997124_image2_1.jpg";"http://tong.visitkorea.or.kr/cms/resource/24/2997124_image3_1.jpg";"Type3";"126.9817152234";"37.5647378465";"6";"20230804111706";"24";"010-6470-4769";"롯데백화점 본점";"04533";0
"동두천시 중앙로285번길 9";"(생연동)";"31";"";"A04";"A0401";"A04010200";"132744";"38";"20070212090000";"http://tong.visitkorea.or.kr/cms/resource/47/1956047_image2_1.jpg";"http://tong.visitkorea.or.kr/cms/resource/47/1956047_image3_1.jpg";"Type3";"127.0537099742";"37.9068854196";"6";"20230422223858";"10";"031-861-6938";"동두천 중앙시장";"11328";0
"삼척시 도계읍 강원남부로 1488";"";"32";"";"A04";"A0401";"A04010200";"132763";"38";"20070417090000";"http://tong.visitkorea.or.kr/cms/resource/92/1947792_image2_1.jpg";"http://tong.visitkorea.or.kr/cms/resource/92/1947792_image3_1.jpg";"Type3";"129.0437415047";"37.2373586135";"6";"20230905195519";"4";"전두시장 번영회 033-541-8151";"삼척 도계전두시장";"25947";0
"남원시 봉당길 8";"(동충동)";"37";"";"A04";"A0401";"A04010200";"132769";"38";"202401181743";"http://tong.visitkorea.or.kr/cms/resource/65/1976565_image2_1.jpg";"http://tong.visitkorea.or.kr/cms/resource/65/1976565_image3_1.jpg";"Type3";"127.3835180390";"35.4118029181";"6";"20240118174312";"4";"063-633-2572";"남원 터미널시장";"55749";0
"강릉시 금성로 21";"(성남동)";"32";"";"A04";"A0401";"A04010200";"132771";"38";"20070423090000";"http://tong.visitkorea.or.kr/cms/resource/60/1864960_image2_1.jpg";"http://tong.visitkorea.or.kr/cms/resource/60/1864960_image3_1.jpg";"Type3";"128.8986609221";"37.7540517822";"6";"20240315160506";"1";"033-648-2285";"강릉 중앙시장";"25543";0
"강릉시 옥천로 48";"(옥천동)";"32";"";"A04";"A0401";"A04010200";"132772";"38";"20070424090000";"http://tong.visitkorea.or.kr/cms/resource/13/3029813_image2_1.jpg";"http://tong.visitkorea.or.kr/cms/resource/13/3029813_image3_1.jpg";"Type3";"128.9007299929";"37.7601039005";"6";"20231102094525";"1";"";"강릉 동부시장";"25552";0
"강릉시 임영로155번길 6";"(용강동)";"32";"";"A04";"A0401";"A04010200";"132773";"38";"20070424090000";"http://tong.visitkorea.or.kr/cms/resource/06/1162106_image2_1.jpg";"http://tong.visitkorea.or.kr/cms/resource/06/1162106_image3_1.jpg";"Type3";"128.8908560377";"37.7550709566";"6";"20231026114010";"1";"033-648-9136";"강릉 서부시장";"25528";0
"동해시 중앙시장길 10 발한상가";"";"32";"";"A04";"A0401";"A04010200";"132776";"38";"20070502090000";"http://tong.visitkorea.or.kr/cms/resource/99/1163199_image2_1.jpg";"http://tong.visitkorea.or.kr/cms/resource/99/1163199_image3_1.jpg";"Type3";"129.1089844076";"37.5508793529";"6";"20230728142501";"3";"";"동쪽바다중앙시장";"25715";0
"부천시 조종로49번길 21-3";"";"31";"";"A04";"A0401";"A04010200";"132787";"38";"20070508090000";"http://tong.visitkorea.or.kr/cms/resource/68/1941768_image2_1.jpg";"http://tong.visitkorea.or.kr/cms/resource/68/1941768_image3_1.jpg";"Type3";"126.7901457969";"37.4936732397";"6";"20231205174153";"11";"032-655-6682";"부천 원미종합시장";"14568";0
"부천시 부일로749번길 31";"(역곡동)";"31";"";"A04";"A0401";"A04010200";"132789";"38";"20070509090000";"http://tong.visitkorea.or.kr/cms/resource/56/1941756_image2_1.jpg";"http://tong.visitkorea.or.kr/cms/resource/56/1941756_image3_1.jpg";"Type3";"126.8118884296";"37.4875798897";"6";"20231205174119";"11";"";"부천 역곡상상시장";"14670";0
"안양시 만안구 박달우회로124번길 41";"(박달동)";"31";"";"A04";"A0401";"A04010200";"132800";"38";"20070705090000";"http://tong.visitkorea.or.kr/cms/resource/17/1941717_image2_1.jpg";"http://tong.visitkorea.or.kr/cms/resource/17/1941717_image3_1.jpg";"Type3";"126.9097929158";"37.4057772416";"6";"20230712105322";"17";"";"박달시장";"13986";0
"중구 흑교로59번길 3";"";"6";"";"A05";"A0502";"A05020100";"132805";"39";"20040227090000";"http://tong.visitkorea.or.kr/cms/resource/32/1982732_image2_1.jpg";"http://tong.visitkorea.or.kr/cms/resource/32/1982732_image3_1.jpg";"Type3";"129.0244017679";"35.1045168387";"6";"20230816144320";"15";"051-257-3230";"물꽁식당";"48963";0
"북구 대천로139번길 8-1";"";"5";"";"A05";"A0502";"A05020100";"132868";"39";"20030826090000";"http://tong.visitkorea.or.kr/cms/resource/48/1892648_image2_1.jpg";"http://tong.visitkorea.or.kr/cms/resource/48/1892648_image3_1.jpg";"Type3";"126.9204952589";"35.1872009240";"6";"20230323091605";"4";"062-262-2222";"석암돌솥밥";"61125";0
"남구 봉선중앙로 71";"";"5";"";"A05";"A0502";"A05020400";"132881";"39";"20030901090000";"http://tong.visitkorea.or.kr/cms/resource/67/1892667_image2_1.jpg";"http://tong.visitkorea.or.kr/cms/resource/67/1892667_image3_1.jpg";"Type3";"126.9110587055";"35.1273130830";"6";"20230504154811";"2";"050-4106-1426";"대흥반점";"61695";0
"순천시 장천2길 30-29";"";"38";"";"A05";"A0502";"A05020100";"132883";"39";"20030408090000";"http://tong.visitkorea.or.kr/cms/resource/98/1904998_image2_1.jpg";"http://tong.visitkorea.or.kr/cms/resource/98/1904998_image3_1.jpg";"Type3";"127.4902065962";"34.9501068144";"6";"20230223135111";"11";"061-744-3582";"대원식당";"57956";0
"구례군 마산면 화엄사로 320";"";"38";"";"A05";"A0502";"A05020100";"132899";"39";"20031202090000";"http://tong.visitkorea.or.kr/cms/resource/65/1972365_image2_1.jpg";"http://tong.visitkorea.or.kr/cms/resource/65/1972365_image3_1.jpg";"Type3";"127.4877522180";"35.2380354639";"6";"20230524145858";"5";"061-782-3223";"그옛날산채식당";"57616";0
"목포시 호남로64번길 3-1";"";"38";"";"A05";"A0502";"A05020100";"132908";"39";"20031112090000";"http://tong.visitkorea.or.kr/cms/resource/85/1912785_image2_1.jpg";"http://tong.visitkorea.or.kr/cms/resource/85/1912785_image3_1.jpg";"Type3";"126.3856188686";"34.7939530443";"6";"20240118181408";"8";"061-242-6528";"독천식당";"58723";0
"중구 신포로27번길 29-1";"";"2";"";"A05";"A0502";"A05020100";"132940";"39";"20030820090000";"http://tong.visitkorea.or.kr/cms/resource/06/1872606_image2_1.jpg";"http://tong.visitkorea.or.kr/cms/resource/06/1872606_image3_1.jpg";"Type3";"126.6235838114";"37.4721200189";"6";"20231226163453";"10";"032-772-1504";"대성불고기";"22314";0
"미추홀구 한나루로586번길 92";"";"2";"";"A05";"A0502";"A05020100";"132948";"39";"20030819090000";"http://tong.visitkorea.or.kr/cms/resource/52/1872652_image2_1.jpg";"http://tong.visitkorea.or.kr/cms/resource/52/1872652_image3_1.jpg";"Type3";"126.6771015542";"37.4576309805";"6";"20230208172238";"3";"032-875-0410";"변가네옹진냉면";"22154";0
"청주시 청원구 내덕로 27";"";"33";"";"A05";"A0502";"A05020100";"132960";"39";"20030926090000";"http://tong.visitkorea.or.kr/cms/resource/98/1035698_image2_1.jpg";"http://tong.visitkorea.or.kr/cms/resource/98/1035698_image3_1.jpg";"Type3";"127.4833508199";"36.6570822415";"6";"20230222182316";"10";"043-221-0231";"가화한정식";"28481";0
"포항시 북구 중앙로298번길 13-4";"";"35";"";"A05";"A0502";"A05020100";"132974";"39";"20040224090000";"http://tong.visitkorea.or.kr/cms/resource/58/1896158_image2_1.jpg";"http://tong.visitkorea.or.kr/cms/resource/58/1896158_image3_1.jpg";"Type3";"129.3679121620";"36.0396208406";"6";"20231025133302";"23";"054-242-2712";"산촌식당";"37736";0
"포항시 북구 서동로 82";"";"35";"";"A05";"A0502";"A05020100";"132975";"39";"20031224090000";"http://tong.visitkorea.or.kr/cms/resource/59/1896159_image2_1.jpg";"http://tong.visitkorea.or.kr/cms/resource/59/1896159_image3_1.jpg";"Type3";"129.3668566801";"36.0402735243";"6";"20240129153148";"23";"054-247-2651";"로타리냉면";"37736";0
"포항시 북구 삼호로8번길 21-1";"";"35";"";"A05";"A0502";"A05020100";"132978";"39";"20040224090000";"http://tong.visitkorea.or.kr/cms/resource/69/1896169_image2_1.jpg";"http://tong.visitkorea.or.kr/cms/resource/69/1896169_image3_1.jpg";"Type3";"129.3696008397";"36.0417900721";"6";"20231013092109";"23";"054-246-0419";"고향숯불갈비";"37728";0
"경주시 알천북로 339-1";"";"35";"";"A05";"A0502";"A05020100";"132984";"39";"20031016090000";"http://tong.visitkorea.or.kr/cms/resource/79/1896179_image2_1.jpg";"http://tong.visitkorea.or.kr/cms/resource/79/1896179_image3_1.jpg";"Type3";"129.2346627905";"35.8442514964";"6";"20230914112506";"2";"054-746-3311,054-749-9944";"물방아삼계탕";"38113";0
"김천시 대항면 황학동길 10";"";"35";"";"A05";"A0502";"A05020100";"132996";"39";"20030417090000";"http://tong.visitkorea.or.kr/cms/resource/16/1902316_image2_1.jpg";"http://tong.visitkorea.or.kr/cms/resource/16/1902316_image3_1.jpg";"Type3";"128.0165293235";"36.1143733308";"6";"20230802203240";"6";"054-436-6121";"서울식당";"39565";0
"영주시 풍기읍 인삼로3번길 26";"";"35";"";"A05";"A0502";"A05020100";"133004";"39";"20031226090000";"http://tong.visitkorea.or.kr/cms/resource/85/1896185_image2_1.jpg";"http://tong.visitkorea.or.kr/cms/resource/85/1896185_image3_1.jpg";"Type3";"128.5257513874";"36.8728572170";"6";"20230316103939";"14";"054-636-2457";"서부냉면";"36025";0
"영주시 부석면 부석사로 319";"";"35";"";"A05";"A0502";"A05020100";"133005";"39";"20030411090000";"http://tong.visitkorea.or.kr/cms/resource/89/1896189_image2_1.jpg";"http://tong.visitkorea.or.kr/cms/resource/89/1896189_image3_1.jpg";"Type3";"128.6819005152";"36.9953544558";"7";"20230119142536";"14";"054-633-3606";"부석사종점식당";"36001";0
"수원시 장안구 서부로 2388";"";"31";"";"A05";"A0502";"A05020100";"133041";"39";"20030827090000";"http://tong.visitkorea.or.kr/cms/resource/32/1789932_image2_1.jpg";"http://tong.visitkorea.or.kr/cms/resource/32/1789932_image3_1.jpg";"Type3";"126.9853885176";"37.3173916170";"6";"20230313131703";"13";"031-255-1331";"삼풍가든";"16345";0
"수원시 팔달구 향교로 100";"";"31";"";"A05";"A0502";"A05020100";"133048";"39";"20030826090000";"http://tong.visitkorea.or.kr/cms/resource/41/1789941_image2_1.jpg";"http://tong.visitkorea.or.kr/cms/resource/41/1789941_image3_1.jpg";"Type3";"127.0113207906";"37.2711113298";"6";"20230413215830";"13";"031-242-4267";"두꺼비집";"16457";0
"진주시 남강로 661";"";"36";"";"A05";"A0502";"A05020400";"133120";"39";"20031015090000";"http://tong.visitkorea.or.kr/cms/resource/88/1901388_image2_1.jpg";"http://tong.visitkorea.or.kr/cms/resource/88/1901388_image3_1.jpg";"Type3";"128.0839482456";"35.1912512049";"6";"20230320190902";"13";"055-741-2757";"북경장";"52691";0
"남양주시 진접읍 금강로 1845";"";"31";"";"A05";"A0502";"A05020100";"133152";"39";"20040826090000";"http://tong.visitkorea.or.kr/cms/resource/78/1788078_image2_1.jpg";"http://tong.visitkorea.or.kr/cms/resource/78/1788078_image3_1.jpg";"Type3";"127.2073560432";"37.7492899056";"6";"20230920095751";"9";"031-572-4447";"더늘봄";"12018";0
"의왕시 사나골길 9-5 (오전동)";"";"31";"";"A05";"A0502";"A05020100";"133165";"39";"20040219090000";"http://tong.visitkorea.or.kr/cms/resource/67/1857367_image2_1.jpg";"http://tong.visitkorea.or.kr/cms/resource/67/1857367_image3_1.jpg";"Type3";"126.9858429358";"37.3565287552";"6";"20230914093217";"24";"031-452-4964";"산촌보리밥";"16065";0
"양평군 강하면 강남로 489";"";"31";"";"A05";"A0502";"A05020100";"133171";"39";"20030825090000";"http://tong.visitkorea.or.kr/cms/resource/57/1885057_image2_1.jpg";"http://tong.visitkorea.or.kr/cms/resource/57/1885057_image3_1.jpg";"Type3";"127.4381976153";"37.5057251850";"6";"20230413134148";"19";"031-771-0001";"나루께";"12575";0
"이천시 경충대로 2934";"";"31";"";"A05";"A0502";"A05020100";"133182";"39";"20031014090000";"http://tong.visitkorea.or.kr/cms/resource/76/1956576_image2_1.jpg";"http://tong.visitkorea.or.kr/cms/resource/76/1956576_image3_1.jpg";"Type3";"127.4185554382";"37.2946270526";"6";"20230125104901";"26";"031-635-6561";"관촌순두부";"17308";0
"여주시 대신면 천서리길 26";"";"31";"";"A05";"A0502";"A05020100";"133184";"39";"20030829090000";"http://tong.visitkorea.or.kr/cms/resource/99/1188599_image2_1.jpg";"http://tong.visitkorea.or.kr/cms/resource/99/1188599_image3_1.jpg";"Type3";"127.5489738547";"37.4032390852";"6";"20230327135302";"20";"031-882-8300";"강계봉진막국수";"12608";0
"이천시 어재연로10번길 8";"";"31";"";"A05";"A0502";"A05020100";"133185";"39";"20040219090000";"http://tong.visitkorea.or.kr/cms/resource/75/1884975_image2_1.jpg";"http://tong.visitkorea.or.kr/cms/resource/75/1884975_image3_1.jpg";"Type3";"127.4435036546";"37.2779738768";"6";"20230120110645";"26";"031-633-6865";"강원콩비지탕";"17374";0
"여주시 신륵사길 6-33";"(천송동)";"31";"";"A05";"A0502";"A05020100";"133186";"39";"20030826090000";"http://tong.visitkorea.or.kr/cms/resource/40/1673440_image2_1.jpg";"http://tong.visitkorea.or.kr/cms/resource/40/1673440_image3_1.jpg";"Type3";"127.6544034456";"37.2983253757";"6";"20230206160529";"20";"031-885-3234";"명성회관";"12636";0
"용인시 처인구 양지면 남평로 16";"";"31";"";"A05";"A0502";"A05020100";"133202";"39";"20040220090000";"http://tong.visitkorea.or.kr/cms/resource/04/1790704_image2_1.jpg";"http://tong.visitkorea.or.kr/cms/resource/04/1790704_image3_1.jpg";"Type3";"127.2867747034";"37.2318152649";"6";"20230113104059";"23";"031-338-3366";"금성";"17161";0
"양평군 서종면 무내미길 68";"";"31";"";"A05";"A0502";"A05020100";"133212";"39";"20040220090000";"http://tong.visitkorea.or.kr/cms/resource/35/1790935_image2_1.jpg";"http://tong.visitkorea.or.kr/cms/resource/35/1790935_image3_1.jpg";"Type3";"127.3510582284";"37.6049787436";"6";"20230308132039";"19";"031-773-6035";"서종가든";"12502";0
"양평군 양평읍 양근강변길 58";"";"31";"";"A05";"A0502";"A05020100";"133215";"39";"20040827090000";"http://tong.visitkorea.or.kr/cms/resource/50/1790950_image2_1.jpg";"http://tong.visitkorea.or.kr/cms/resource/50/1790950_image3_1.jpg";"Type3";"127.4891268087";"37.4890086097";"6";"20230824110821";"19";"031-771-2406";"비원매운탕";"12555";0
"인제군 북면 백담로 19";"";"32";"";"A05";"A0502";"A05020100";"133224";"39";"20070907090000";"http://tong.visitkorea.or.kr/cms/resource/28/1813728_image2_1.jpg";"http://tong.visitkorea.or.kr/cms/resource/28/1813728_image3_1.jpg";"Type3";"128.3448945880";"38.1967535500";"6";"20230702104027";"10";"033-462-9395";"백담순두부";"24606";0
"서대문구 연세로5다길 10";"";"1";"";"A05";"A0502";"A05020100";"133225";"39";"20040218090000";"http://tong.visitkorea.or.kr/cms/resource/62/1900462_image2_1.jpg";"http://tong.visitkorea.or.kr/cms/resource/62/1900462_image3_1.jpg";"Type3";"126.9349863818";"37.5565129647";"6";"20230913100813";"14";"02-337-9019";"삼호복집 신촌";"03789";0
"중구 보수대로36번길 14-1";"";"6";"";"A05";"A0502";"A05020100";"133227";"39";"20070831090000";"http://tong.visitkorea.or.kr/cms/resource/02/612202_image2_1.jpg";"http://tong.visitkorea.or.kr/cms/resource/02/612202_image3_1.jpg";"Type3";"129.0246573900";"35.1012422102";"6";"20230823173843";"15";"051-244-2146";"구포집";"48976";0
"무주군 무주읍 무금로 523";"";"37";"";"A05";"A0502";"A05020100";"133229";"39";"20021125090000";"http://tong.visitkorea.or.kr/cms/resource/67/1983467_image2_1.jpg";"http://tong.visitkorea.or.kr/cms/resource/67/1983467_image3_1.jpg";"Type3";"127.6066466527";"35.9988763422";"6";"20240118100136";"5";"063-322-9442";"강변가든";"55511";0
"양평군 강상면 강남로 1310";"";"31";"";"A05";"A0502";"A05020100";"133234";"39";"20030417090000";"http://tong.visitkorea.or.kr/cms/resource/66/1790966_image2_1.jpg";"http://tong.visitkorea.or.kr/cms/resource/66/1790966_image3_1.jpg";"Type3";"127.4911580840";"37.4576400597";"6";"20230920181422";"19";"031-771-9966";"사랑방";"12572";0
"동대문구 회기로8길 34";"";"1";"";"A05";"A0502";"A05020100";"133248";"39";"20040216090000";"http://tong.visitkorea.or.kr/cms/resource/63/1900463_image2_1.jpg";"http://tong.visitkorea.or.kr/cms/resource/63/1900463_image3_1.jpg";"Type3";"127.0409868683";"37.5905331359";"7";"20231108165010";"11";"02-963-2290";"모닥불";"02468";0
"제주시 연삼로 128";"";"39";"";"A05";"A0502";"A05020100";"133258";"39";"20040826090000";"http://tong.visitkorea.or.kr/cms/resource/01/1934501_image2_1.jpg";"http://tong.visitkorea.or.kr/cms/resource/01/1934501_image3_1.jpg";"Type3";"126.5059498300";"33.4927114054";"6";"20230814165231";"4";"064-722-3142";"도라지식당";"63145";0
"서초구 효령로57길 4";"";"1";"";"A05";"A0502";"A05020100";"133267";"39";"20040218090000";"http://tong.visitkorea.or.kr/cms/resource/48/1808748_image2_1.jpg";"http://tong.visitkorea.or.kr/cms/resource/48/1808748_image3_1.jpg";"Type3";"127.0170475825";"37.4854115834";"6";"20231107174235";"15";"02-584-4700";"삼학도";"06643";0
"보은군 속리산면 사내7길 11-4";"";"33";"";"A05";"A0502";"A05020100";"133271";"39";"20030102090000";"http://tong.visitkorea.or.kr/cms/resource/66/3082466_image2_1.JPG";"http://tong.visitkorea.or.kr/cms/resource/66/3082466_image3_1.JPG";"Type3";"127.8215489935";"36.5325748408";"6";"20240117111729";"3";"043-543-3736";"경희식당";"28908";0
"통영시 통영해안로 325";"";"36";"";"A05";"A0502";"A05020100";"133281";"39";"20040103090000";"http://tong.visitkorea.or.kr/cms/resource/66/400866_image2_1.jpg";"http://tong.visitkorea.or.kr/cms/resource/66/400866_image3_1.jpg";"Type3";"128.4236832526";"34.8438934368";"6";"20231211170022";"17";"055-645-2619";"뚱보할매김밥";"53053";0
"춘천시 남산면 강촌문배길 4";"";"32";"";"A05";"A0502";"A05020100";"133282";"39";"20040220090000";"http://tong.visitkorea.or.kr/cms/resource/61/1842861_image2_1.jpg";"http://tong.visitkorea.or.kr/cms/resource/61/1842861_image3_1.jpg";"Type3";"127.6161729723";"37.7966863427";"6";"20230702104104";"13";"033-262-2356";"대나무집";"24465";0
"종로구 창경궁로26길 34";"";"1";"";"A05";"A0502";"A05020100";"133288";"39";"20031013090000";"http://tong.visitkorea.or.kr/cms/resource/65/1355765_image2_1.jpg";"http://tong.visitkorea.or.kr/cms/resource/65/1355765_image3_1.jpg";"Type3";"126.9995714467";"37.5817722978";"6";"20231113161727";"23";"02-762-9839";"박석고개";"03079";0
"춘천시 소양고개길 26";"";"32";"";"A05";"A0502";"A05020100";"133302";"39";"20030924090000";"http://tong.visitkorea.or.kr/cms/resource/41/1842841_image2_1.jpg";"http://tong.visitkorea.or.kr/cms/resource/41/1842841_image3_1.jpg";"Type3";"127.7254937877";"37.8835810460";"6";"20230702102412";"13";"033-254-3203, 257-3203";"봉운장갈비";"24272";0
"달성군 하빈면 달구벌대로55길 104-4";"";"4";"";"A05";"A0502";"A05020100";"133306";"39";"20030819090000";"http://tong.visitkorea.or.kr/cms/resource/62/1821762_image2_1.jpg";"http://tong.visitkorea.or.kr/cms/resource/62/1821762_image3_1.jpg";"Type3";"128.4176530958";"35.8791101308";"6";"20230524150738";"3";"053-582-0278";"동곡할매손칼국수";"42903";0
"중구 세종대로11길 47";"";"1";"";"A05";"A0502";"A05020100";"133308";"39";"20040217090000";"http://tong.visitkorea.or.kr/cms/resource/97/1290397_image2_1.jpg";"http://tong.visitkorea.or.kr/cms/resource/97/1290397_image3_1.jpg";"Type3";"126.9732938489";"37.5618991361";"6";"20231206155224";"24";"02-755-0897";"서문회관";"04513";0
"중구 자갈치해안로 55";"";"6";"";"A05";"A0502";"A05020100";"133313";"39";"20021115090000";"http://tong.visitkorea.or.kr/cms/resource/51/1982751_image2_1.jpg";"http://tong.visitkorea.or.kr/cms/resource/51/1982751_image3_1.jpg";"Type3";"129.0311458269";"35.0971289007";"6";"20230117132539";"15";"0507-1338-7617";"부산명물횟집";"48984";0
"중구 국채보상로 598-1";"";"4";"";"A05";"A0502";"A05020100";"133324";"39";"20021030090000";"http://tong.visitkorea.or.kr/cms/resource/12/1896912_image2_1.jpg";"http://tong.visitkorea.or.kr/cms/resource/12/1896912_image3_1.jpg";"Type3";"128.5960514978";"35.8704060615";"6";"20230209130645";"8";"053-425-5924";"상주식당";"41938";0
"청주시 상당구 남사로93번길 21";"";"33";"";"A05";"A0502";"A05020100";"133343";"39";"20030926090000";"http://tong.visitkorea.or.kr/cms/resource/22/1982022_image2_1.jpg";"http://tong.visitkorea.or.kr/cms/resource/22/1982022_image3_1.jpg";"Type3";"127.4854957395";"36.6329211642";"6";"20230425141051";"10";"043-221-6523";"경주집버섯찌개";"28528";0
"청주시 상당구 남사로93번길 17";"(서문동)";"33";"";"A05";"A0502";"A05020100";"133344";"39";"20030417090000";"http://tong.visitkorea.or.kr/cms/resource/16/1982016_image2_1.jpg";"http://tong.visitkorea.or.kr/cms/resource/16/1982016_image3_1.jpg";"Type3";"127.4856512854";"36.6327795160";"6";"20231206132832";"10";"043-256-7928";"상주집";"28528";0
"옥천군 동이면 조령2길 23";"";"33";"";"A05";"A0502";"A05020100";"133383";"39";"20030925090000";"http://tong.visitkorea.or.kr/cms/resource/05/1983905_image2_1.jpg";"http://tong.visitkorea.or.kr/cms/resource/05/1983905_image3_1.jpg";"Type3";"127.6715832316";"36.2804454036";"6";"20230412145309";"5";"055-932-7358";"부산식당";"29022";0
"옥천군 청산면 지전1길 26";"";"33";"";"A05";"A0502";"A05020100";"133384";"39";"20040224090000";"http://tong.visitkorea.or.kr/cms/resource/59/1022759_image2_1.jpg";"http://tong.visitkorea.or.kr/cms/resource/59/1022759_image3_1.jpg";"Type3";"127.7925373090";"36.3461289679";"6";"20230423054205";"5";"043-732-8404";"선광집";"29013";0
"동구 산서로1659번길 29";"";"3";"";"A05";"A0502";"A05020100";"133387";"39";"20030819090000";"http://tong.visitkorea.or.kr/cms/resource/22/3071322_image2_1.JPG";"http://tong.visitkorea.or.kr/cms/resource/22/3071322_image3_1.JPG";"Type3";"127.4608961879";"36.2911348638";"6";"20231215153659";"2";"042-271-0207";"별천지식당";"34711";0
"공주시 금강공원길 15-2";"";"34";"";"A05";"A0502";"A05020100";"133392";"39";"20031010090000";"http://tong.visitkorea.or.kr/cms/resource/86/1022586_image2_1.jpg";"http://tong.visitkorea.or.kr/cms/resource/86/1022586_image3_1.jpg";"Type3";"127.1219440115";"36.4664893489";"6";"20230710153437";"1";"041-855-7080";"새이학가든";"32537";0
"서산시 고운로 162";"(동문동)";"34";"";"A05";"A0502";"A05020100";"133403";"39";"20030926090000";"http://tong.visitkorea.or.kr/cms/resource/13/3107513_image2_1.JPG";"http://tong.visitkorea.or.kr/cms/resource/13/3107513_image3_1.JPG";"Type3";"126.4532041292";"36.7833662561";"6";"20240304095758";"7";"041-665-5392";"삼기꽃게장";"31981";0
"군포시 군포로556번길 6";"";"31";"";"A05";"A0502";"A05020100";"133412";"39";"20030825090000";"http://tong.visitkorea.or.kr/cms/resource/97/1771097_image2_1.jpg";"http://tong.visitkorea.or.kr/cms/resource/97/1771097_image3_1.jpg";"Type3";"126.9472353625";"37.3554976301";"6";"20230418112555";"7";"031-452-0025";"군포식당";"15840";0
"전주시 완산구 전라감영2길 15";"";"37";"";"A05";"A0502";"A05020100";"133413";"39";"202401181743";"http://tong.visitkorea.or.kr/cms/resource/18/1977418_image2_1.jpg";"http://tong.visitkorea.or.kr/cms/resource/18/1977418_image3_1.jpg";"Type3";"127.1418595274";"35.8153168461";"6";"20240118174312";"12";"063-286-0100";"백번집";"55038";0
"전주시 완산구 전주객사2길 20";"";"37";"";"A05";"A0502";"A05020100";"133416";"39";"20030424090000";"http://tong.visitkorea.or.kr/cms/resource/82/1977482_image2_1.jpg";"http://tong.visitkorea.or.kr/cms/resource/82/1977482_image3_1.jpg";"Type3";"127.1411817453";"35.8177637785";"6";"20240118104605";"12";"063-284-8964";"삼일관";"54999";0
"하남시 하남대로 674";"";"31";"";"A05";"A0502";"A05020100";"133423";"39";"20040219090000";"http://tong.visitkorea.or.kr/cms/resource/78/1857378_image2_1.jpg";"http://tong.visitkorea.or.kr/cms/resource/78/1857378_image3_1.jpg";"Type3";"127.2170947242";"37.5320847708";"6";"20230331103302";"30";"031-791-0011";"마방집";"12956";0
"광주시 남한산성면 남한산성로 803-6";"";"31";"";"A05";"A0502";"A05020100";"133429";"39";"20031010090000";"http://tong.visitkorea.or.kr/cms/resource/06/1885006_image2_1.jpg";"http://tong.visitkorea.or.kr/cms/resource/06/1885006_image3_1.jpg";"Type3";"127.1843270605";"37.4766656097";"6";"20231205171354";"5";"031-743-5399";"산성별장";"12700";0
"광주시 곤지암읍 경충대로 621";"";"31";"";"A05";"A0502";"A05020100";"133432";"39";"20040220090000";"http://tong.visitkorea.or.kr/cms/resource/74/1956574_image2_1.jpg";"http://tong.visitkorea.or.kr/cms/resource/74/1956574_image3_1.jpg";"Type3";"127.3399609705";"37.3503886174";"6";"20231221171937";"5";"031-762-6265";"골목집소머리국밥";"12804";0
"고창군 아산면 중촌길 20-5";"";"37";"";"A05";"A0502";"A05020100";"133445";"39";"202401181743";"http://tong.visitkorea.or.kr/cms/resource/03/1977503_image2_1.jpg";"http://tong.visitkorea.or.kr/cms/resource/03/1977503_image3_1.jpg";"Type3";"126.5855281302";"35.5039010729";"6";"20240118174312";"1";"063-563-3434";"선운사 산장회관";"56452";0
"동두천시 생연로 124";"";"31";"";"A05";"A0502";"A05020100";"133451";"39";"20040219090000";"http://tong.visitkorea.or.kr/cms/resource/21/1188621_image2_1.jpg";"http://tong.visitkorea.or.kr/cms/resource/21/1188621_image3_1.jpg";"Type3";"127.0513547312";"37.9035218803";"6";"20230601162931";"10";"031-863-2011";"생연칼국수삼계탕";"11330";0
"곡성군 석곡면 석곡로 60";"";"38";"";"A05";"A0502";"A05020100";"133474";"39";"20031009090000";"http://tong.visitkorea.or.kr/cms/resource/63/1973463_image2_1.jpg";"http://tong.visitkorea.or.kr/cms/resource/63/1973463_image3_1.jpg";"Type3";"127.2538783151";"35.1324183407";"6";"20230413171828";"3";"061-362-3133";"석곡식당";"57559";0
"보성군 보성읍 신일길 13-5";"";"38";"";"A05";"A0502";"A05020100";"133476";"39";"20031226090000";"http://tong.visitkorea.or.kr/cms/resource/41/1743041_image2_1.jpg";"http://tong.visitkorea.or.kr/cms/resource/41/1743041_image3_1.jpg";"Type3";"127.0814915131";"34.7682008377";"6";"20230725100950";"10";"061-852-2412";"보성양탕집";"59457";0
"화천군 간동면 배터길 45";"";"32";"";"A05";"A0502";"A05020100";"133487";"39";"20040223090000";"http://tong.visitkorea.or.kr/cms/resource/30/1022530_image2_1.jpg";"http://tong.visitkorea.or.kr/cms/resource/30/1022530_image3_1.jpg";"Type3";"127.7756689748";"38.0961433392";"6";"20230702095650";"17";"";"강변횟집";"24132";0
"목포시 번화로 46";"";"38";"";"A05";"A0502";"A05020100";"133489";"39";"20021022090000";"http://tong.visitkorea.or.kr/cms/resource/87/1973387_image2_1.jpg";"http://tong.visitkorea.or.kr/cms/resource/87/1973387_image3_1.jpg";"Type3";"126.3844969330";"34.7861566818";"6";"20230526143128";"8";"061-242-8025";"만호유달횟집";"58753";0
"여수시 중앙1길 10";"";"38";"";"A05";"A0502";"A05020100";"133491";"39";"20031210090000";"http://tong.visitkorea.or.kr/cms/resource/88/1973188_image2_1.jpg";"http://tong.visitkorea.or.kr/cms/resource/88/1973188_image3_1.jpg";"Type3";"127.7366458955";"34.7400874110";"6";"20230221111108";"13";"061-662-3782";"노래미식당";"59737";0
"상주시 영남제일로 2160-3";"(남장동)";"35";"";"A05";"A0502";"A05020100";"133523";"39";"20040224090000";"http://tong.visitkorea.or.kr/cms/resource/08/1896208_image2_1.jpg";"http://tong.visitkorea.or.kr/cms/resource/08/1896208_image3_1.jpg";"Type3";"128.1128236736";"36.4096108765";"6";"20230821105640";"9";"054-534-5539";"남장송어장";"37163";0
"서구 구덕로 202";"";"6";"";"A05";"A0502";"A05020100";"133530";"39";"20030821090000";"http://tong.visitkorea.or.kr/cms/resource/66/1902066_image2_1.jpg";"http://tong.visitkorea.or.kr/cms/resource/66/1902066_image3_1.jpg";"Type3";"129.0201466324";"35.1026669669";"6";"20230125105042";"11";"051-244-6458";"대궁삼계탕";"49224";0
"해운대구 청사포로58번길 62";"";"6";"";"A05";"A0502";"A05020100";"133533";"39";"20030821090000";"http://tong.visitkorea.or.kr/cms/resource/62/1982662_image2_1.jpg";"http://tong.visitkorea.or.kr/cms/resource/62/1982662_image3_1.jpg";"Type3";"129.1881304242";"35.1611885212";"6";"20230503145745";"16";"051-742-0011";"금오횟집";"48116";0
"산청군 생초면 산수로 1020";"";"36";"";"A05";"A0502";"A05020100";"133546";"39";"20070413090000";"http://tong.visitkorea.or.kr/cms/resource/61/1892861_image2_1.jpg";"http://tong.visitkorea.or.kr/cms/resource/61/1892861_image3_1.jpg";"Type3";"127.8364398309";"35.4923462003";"6";"20231013171103";"9";"055-973-5757";"생초식당";"52203";0
"함양군 안의면 육십령로 3077";"";"36";"";"A05";"A0502";"A05020100";"133547";"39";"20031022090000";"http://tong.visitkorea.or.kr/cms/resource/16/1980516_image2_1.jpg";"http://tong.visitkorea.or.kr/cms/resource/16/1980516_image3_1.jpg";"Type3";"127.7801413376";"35.6228082233";"6";"20230818170613";"20";"055-962-4400";"동원가든";"50005";0
"군산시 개정면 금강로 470";"";"37";"";"A05";"A0502";"A05020100";"133561";"39";"20031008090000";"http://tong.visitkorea.or.kr/cms/resource/21/662521_image2_1.jpg";"http://tong.visitkorea.or.kr/cms/resource/21/662521_image3_1.jpg";"Type3";"126.7713770921";"35.9831246695";"6";"20240130153011";"2";"063-453-0608";"계곡가든꽃게장";"54065";0
"김제시 금구면 대율2길 192";"";"37";"";"A05";"A0502";"A05020100";"133564";"39";"20021122090000";"http://tong.visitkorea.or.kr/cms/resource/30/3045430_image2_1.jpg";"http://tong.visitkorea.or.kr/cms/resource/30/3045430_image3_1.jpg";"Type3";"127.0281258492";"35.7906649055";"6";"20240118111701";"3";"063-546-5350";"바랑산가든";"54341";0
"김제시 동서8길 21";"";"37";"";"A05";"A0502";"A05020100";"133573";"39";"20040826090000";"http://tong.visitkorea.or.kr/cms/resource/65/1977365_image2_1.jpg";"http://tong.visitkorea.or.kr/cms/resource/65/1977365_image3_1.jpg";"Type3";"126.8879603484";"35.7987171333";"6";"20240118105345";"3";"063-547-9991";"두꺼비회관";"54408";0
"완주군 봉동읍 봉동로 137-6";"";"37";"";"A05";"A0502";"A05020100";"133585";"39";"20040112090000";"http://tong.visitkorea.or.kr/cms/resource/94/1977494_image2_1.jpg";"http://tong.visitkorea.or.kr/cms/resource/94/1977494_image3_1.jpg";"Type3";"127.1677429103";"35.9373006324";"6";"20240118112153";"8";"063-261-2072";"선심갈비";"55326";0
"전주시 완산구 기린대로 177 호남성";"";"37";"";"A05";"A0502";"A05020100";"133608";"39";"20030430090000";"http://tong.visitkorea.or.kr/cms/resource/29/1977429_image2_1.jpg";"http://tong.visitkorea.or.kr/cms/resource/29/1977429_image3_1.jpg";"Type3";"127.1491531092";"35.8234743782";"6";"20240118100025";"12";"063-282-5001";"백송회관";"55000";0
"양주시 백석읍 기산로440번길 177";"";"31";"";"A05";"A0502";"A05020100";"133636";"39";"20031007090000";"http://tong.visitkorea.or.kr/cms/resource/37/1891637_image2_1.jpg";"http://tong.visitkorea.or.kr/cms/resource/37/1891637_image3_1.jpg";"Type3";"126.9394132839";"37.7687355709";"6";"20230329112735";"18";"031-871-8989";"대궐산장";"11518";0
"장흥군 장흥읍 동교2길 37";"";"38";"";"A05";"A0502";"A05020100";"133637";"39";"20031224090000";"http://tong.visitkorea.or.kr/cms/resource/70/219970_image2_1.jpg";"http://tong.visitkorea.or.kr/cms/resource/70/219970_image3_1.jpg";"Type3";"126.9091921816";"34.6791690530";"6";"20230414174009";"20";"061-862-1021";"바다하우스";"59324";0
"밀양시 상동면 안인1길 32-1";"";"36";"";"A05";"A0502";"A05020100";"133644";"39";"20031028090000";"http://tong.visitkorea.or.kr/cms/resource/68/1892868_image2_1.jpg";"http://tong.visitkorea.or.kr/cms/resource/68/1892868_image3_1.jpg";"Type3";"128.7634575952";"35.5203514535";"6";"20231026212002";"7";"055-354-6185";"광명횟집";"50409";0
"양산시 하북면 신평강변로 86";"";"36";"";"A05";"A0502";"A05020100";"133645";"39";"20040226090000";"http://tong.visitkorea.or.kr/cms/resource/57/3069857_image2_1.JPG";"http://tong.visitkorea.or.kr/cms/resource/57/3069857_image3_1.JPG";"Type3";"129.0814471923";"35.4933881544";"6";"20231215093744";"10";"";"경기식당";"50502";0
"청도군 청도읍 청화로 206-1";"";"35";"";"A05";"A0502";"A05020100";"133658";"39";"20040112090000";"http://tong.visitkorea.or.kr/cms/resource/22/1969322_image2_1.jpg";"http://tong.visitkorea.or.kr/cms/resource/22/1969322_image3_1.jpg";"Type3";"128.7462891144";"35.6405653633";"6";"20230417112028";"20";"054-371-2331";"삼양추어탕";"38341";0
"함양군 마천면 백무동로 321";"";"36";"";"A05";"A0502";"A05020100";"133673";"39";"20040225090000";"http://tong.visitkorea.or.kr/cms/resource/21/1980521_image2_1.jpg";"http://tong.visitkorea.or.kr/cms/resource/21/1980521_image3_1.jpg";"Type3";"127.6805986576";"35.3624275706";"6";"20231031130924";"20";"055-962-5277";"백무산장";"50057";0
"서산시 율지19길 78 반도회관";"";"34";"";"A05";"A0502";"A05020100";"133680";"39";"20030926090000";"http://tong.visitkorea.or.kr/cms/resource/71/1894071_image2_1.jpg";"http://tong.visitkorea.or.kr/cms/resource/71/1894071_image3_1.jpg";"Type3";"126.4651503612";"36.7799418564";"6";"20230308172351";"7";"041-665-2262";"반도회관";"31993";0
"의령군 의령읍 의병로18길 6";"";"36";"";"A05";"A0502";"A05020100";"133690";"39";"20031006090000";"http://tong.visitkorea.or.kr/cms/resource/40/1023140_image2_1.jpg";"http://tong.visitkorea.or.kr/cms/resource/40/1023140_image3_1.jpg";"Type3";"128.2603515987";"35.3192455091";"6";"20230725103005";"12";"055-573-2514";"다시식당";"52149";0
"양구군 방산면 장거리길 17";"";"32";"";"A05";"A0502";"A05020100";"133708";"39";"20031006090000";"http://tong.visitkorea.or.kr/cms/resource/82/1951382_image2_1.jpg";"http://tong.visitkorea.or.kr/cms/resource/82/1951382_image3_1.jpg";"Type3";"127.9490636313";"38.2087279232";"6";"20230702052350";"6";"033-481-5287";"백토미가";"24502";0
"강진군 강진읍 서성안길 5";"";"38";"";"A05";"A0502";"A05020100";"133734";"39";"20031006090000";"http://tong.visitkorea.or.kr/cms/resource/97/1973397_image2_1.jpg";"http://tong.visitkorea.or.kr/cms/resource/97/1973397_image3_1.jpg";"Type3";"126.7673445240";"34.6389073225";"6";"20230407131930";"1";"061-433-2147";"명동식당";"59235";0
"영암군 학산면 독천로 162-1";"";"38";"";"A05";"A0502";"A05020100";"133737";"39";"20021122090000";"http://tong.visitkorea.or.kr/cms/resource/53/1023753_image2_1.jpg";"http://tong.visitkorea.or.kr/cms/resource/53/1023753_image3_1.jpg";"Type3";"126.5670545241";"34.7247971400";"6";"20230308151606";"17";"061-472-4222";"독천식당";"58439";0
"속초시 관광로 457-11";"(노학동)";"32";"";"A05";"A0502";"A05020100";"133781";"39";"20031002090000";"http://tong.visitkorea.or.kr/cms/resource/29/1813729_image2_1.jpg";"http://tong.visitkorea.or.kr/cms/resource/29/1813729_image3_1.jpg";"Type3";"128.5331856739";"38.2007872757";"6";"20230913171949";"5";"033-635-2323";"두메산골";"24867";0
"서초구 서초대로 346";"";"1";"";"A05";"A0502";"A05020100";"133785";"39";"20040218090000";"http://tong.visitkorea.or.kr/cms/resource/31/1808731_image2_1.jpg";"http://tong.visitkorea.or.kr/cms/resource/31/1808731_image3_1.jpg";"Type3";"127.0194526437";"37.4951604943";"6";"20230317160845";"15";"02-537-0077";"서석대";"06631";0
"횡성군 강림면 주천강로강림5길 37";"";"32";"";"A05";"A0502";"A05020100";"133786";"39";"20031002090000";"http://tong.visitkorea.or.kr/cms/resource/88/1813788_image2_1.jpg";"http://tong.visitkorea.or.kr/cms/resource/88/1813788_image3_1.jpg";"Type3";"128.1360270228";"37.3806942392";"6";"20230702052801";"18";"033-342-7148";"강림순대";"25272";0
"용인시 기흥구 민속촌로 90";"";"31";"";"A05";"A0502";"A05020100";"133806";"39";"20031002090000";"http://tong.visitkorea.or.kr/cms/resource/29/1790729_image2_1.jpg";"http://tong.visitkorea.or.kr/cms/resource/29/1790729_image3_1.jpg";"Type3";"127.1205445440";"37.2593868634";"6";"20231207092000";"23";"031-288-2851";"민속장터";"17075";0
"광주시 남종면 산수로 1633";"";"31";"";"A05";"A0502";"A05020100";"133814";"39";"20041108090000";"http://tong.visitkorea.or.kr/cms/resource/35/688035_image2_1.jpg";"http://tong.visitkorea.or.kr/cms/resource/35/688035_image3_1.jpg";"Type3";"127.3011325839";"37.4952377933";"6";"20230116135643";"5";"031-767-9055";"강촌매운탕";"12708";0
"강릉시 토성로 171";"";"32";"";"A05";"A0502";"A05020100";"133817";"39";"20030408090000";"http://tong.visitkorea.or.kr/cms/resource/09/3007909_image2_1.jpg";"http://tong.visitkorea.or.kr/cms/resource/09/3007909_image3_1.jpg";"Type1";"128.8948695220";"37.7564680954";"6";"20240229093708";"1";"033-648-0340";"강릉감자옹심";"25530";0
"동해시 삼화로 253-6";"";"32";"";"A05";"A0502";"A05020100";"133820";"39";"20040102090000";"http://tong.visitkorea.or.kr/cms/resource/89/3070189_image2_1.jpg";"http://tong.visitkorea.or.kr/cms/resource/89/3070189_image3_1.jpg";"Type3";"129.0463534845";"37.4744869353";"6";"20231215112108";"3";"033-534-9199";"굴뚝촌";"25746";0
"부산진구 가야대로 772";"";"6";"";"A05";"A0502";"A05020400";"133831";"39";"20031001090000";"http://tong.visitkorea.or.kr/cms/resource/11/1982711_image2_1.jpg";"http://tong.visitkorea.or.kr/cms/resource/11/1982711_image3_1.jpg";"Type3";"129.0564308853";"35.1568643460";"6";"20230112162035";"7";"051-810-6340";"도림";"47285";0
"남양주시 조안면 다산로747번길 45";"";"31";"";"A05";"A0502";"A05020100";"133832";"39";"20040220090000";"http://tong.visitkorea.or.kr/cms/resource/10/3107010_image2_1.JPG";"http://tong.visitkorea.or.kr/cms/resource/10/3107010_image3_1.JPG";"Type3";"127.3033372906";"37.5178907614";"6";"20240228143015";"9";"";"감나무집";"12283";0
"부산진구 가야대로 772";"43층";"6";"";"A05";"A0502";"A05020100";"133839";"39";"20031001090000";"http://tong.visitkorea.or.kr/cms/resource/22/1982722_image2_1.jpg";"http://tong.visitkorea.or.kr/cms/resource/22/1982722_image3_1.jpg";"Type3";"129.0564308853";"35.1568643460";"6";"20230816113328";"7";"051-810-6330";"무궁화";"47285";0
"중구 명동8길 8-10";"";"1";"";"A05";"A0502";"A05020100";"133858";"39";"20030529090000";"http://tong.visitkorea.or.kr/cms/resource/81/3108581_image2_1.JPG";"http://tong.visitkorea.or.kr/cms/resource/81/3108581_image3_1.JPG";"Type3";"126.9840706025";"37.5633880455";"6";"20240311111833";"24";"02-776-3267";"백제삼계탕";"04536";0
"남구 앞산순환로 443";"";"4";"";"A05";"A0502";"A05020100";"133894";"39";"20030930090000";"http://tong.visitkorea.or.kr/cms/resource/05/1970305_image2_1.jpg";"http://tong.visitkorea.or.kr/cms/resource/05/1970305_image3_1.jpg";"Type3";"128.5735656841";"35.8310378812";"6";"20230403102623";"1";"053-656-8111";"대덕식당";"42490";0
"사상구 낙동대로 1231";"";"6";"0";"A01";"A0101";"A01010500";"1338947";"12";"20110722230035";"http://tong.visitkorea.or.kr/cms/resource/63/2488063_image2_1.jpg";"http://tong.visitkorea.or.kr/cms/resource/63/2488063_image2_1.jpg";"Type3";"128.9732044604";"35.1691447700";"6";"20240315101844";"9";"";"삼락생태공원";"46900";0
"중구 해관로 32";"";"6";"";"A05";"A0502";"A05020300";"133906";"39";"20030930090000";"http://tong.visitkorea.or.kr/cms/resource/89/1902089_image2_1.jpg";"http://tong.visitkorea.or.kr/cms/resource/89/1902089_image3_1.jpg";"Type3";"129.0359119519";"35.1017895777";"6";"20231206154312";"15";"051-246-1225";"명송초밥";"48957";0
"포항시 남구 중앙로134번길 27";"";"35";"";"A04";"A0401";"A04010200";"1339125";"38";"20110723005241";"http://tong.visitkorea.or.kr/cms/resource/78/1968978_image2_1.jpg";"http://tong.visitkorea.or.kr/cms/resource/78/1968978_image3_1.jpg";"Type3";"129.3709567383";"36.0258252363";"6";"20230816113007";"23";"054-272-3489";"동해 종합시장";"37791";0
"부천시 삼작로 400";"(원종동)";"31";"";"A04";"A0401";"A04010200";"1339134";"38";"20110723005852";"http://tong.visitkorea.or.kr/cms/resource/71/1941771_image2_1.jpg";"http://tong.visitkorea.or.kr/cms/resource/71/1941771_image3_1.jpg";"Type3";"126.8060575048";"37.5197316054";"6";"20230206173541";"11";"";"부천 원종종합시장";"14473";0
"북구 무룡로 177";"";"7";"";"A05";"A0502";"A05020100";"133922";"39";"20021118090000";"http://tong.visitkorea.or.kr/cms/resource/22/1588222_image2_1.jpg";"http://tong.visitkorea.or.kr/cms/resource/22/1588222_image3_1.jpg";"Type3";"129.3784244384";"35.5783313938";"6";"20231027110755";"4";"052-288-4545";"동해농장식당";"44246";0
"강릉시 강동면 대동안길 15";"";"32";"";"A05";"A0502";"A05020100";"133930";"39";"20040223090000";"http://tong.visitkorea.or.kr/cms/resource/37/1813837_image2_1.jpg";"http://tong.visitkorea.or.kr/cms/resource/37/1813837_image3_1.jpg";"Type3";"128.9779518857";"37.7256149516";"6";"20230727094721";"1";"033-644-6175";"꼭지네식당";"25620";0
"강릉시 정원로 74-15";"";"32";"";"A05";"A0502";"A05020100";"133932";"39";"20030929090000";"http://tong.visitkorea.or.kr/cms/resource/52/1822452_image2_1.jpg";"http://tong.visitkorea.or.kr/cms/resource/52/1822452_image3_1.jpg";"Type3";"128.8317275887";"37.8592327473";"6";"20230927101818";"1";"033-662-2263";"동해막국수";"25516";0
"부여군 부여읍 삼충로 97";"";"34";"";"A05";"A0502";"A05020100";"133950";"39";"20040224090000";"http://tong.visitkorea.or.kr/cms/resource/79/1902479_image2_1.jpg";"http://tong.visitkorea.or.kr/cms/resource/79/1902479_image3_1.jpg";"Type3";"126.9456282938";"36.2954253093";"6";"20230413170645";"6";"041-836-0306";"백제가든";"33127";0
"경주시 불국신택지7길 32-7";"";"35";"";"A05";"A0502";"A05020100";"133956";"39";"20040225090000";"http://tong.visitkorea.or.kr/cms/resource/15/1896215_image2_1.jpg";"http://tong.visitkorea.or.kr/cms/resource/15/1896215_image3_1.jpg";"Type3";"129.3269146823";"35.7868513844";"6";"20230504101105";"2";"054-746-4640";"부산식당";"38127";0
"경주시 흥무로 51-14";"";"35";"";"A05";"A0502";"A05020100";"133970";"39";"20040225090000";"http://tong.visitkorea.or.kr/cms/resource/48/1896248_image2_1.jpg";"http://tong.visitkorea.or.kr/cms/resource/48/1896248_image3_1.jpg";"Type3";"129.1953552292";"35.8405567268";"6";"20230314101726";"2";"054-774-2050";"석하한정식";"38058";0
"사상구 광장로 68";"";"6";"";"A05";"A0502";"A05020100";"133997";"39";"20041229090000";"http://tong.visitkorea.or.kr/cms/resource/94/1189494_image2_1.jpg";"http://tong.visitkorea.or.kr/cms/resource/94/1189494_image3_1.jpg";"Type3";"128.9840592735";"35.1617263562";"6";"20230710133020";"9";"051-322-1223";"대궐안집";"46972";0
"속초시 관광로 447";"";"32";"";"A05";"A0502";"A05020100";"134006";"39";"20040102090000";"http://tong.visitkorea.or.kr/cms/resource/46/1951346_image2_1.jpg";"http://tong.visitkorea.or.kr/cms/resource/46/1951346_image3_1.jpg";"Type3";"128.5349661070";"38.1995235687";"6";"20230702050319";"5";"033-636-3606";"본가 궁중해장국";"24867";0
"중구 세종대로 135";"";"1";"";"A05";"A0502";"A05020400";"134030";"39";"20041229090000";"http://tong.visitkorea.or.kr/cms/resource/46/1290346_image2_1.jpg";"http://tong.visitkorea.or.kr/cms/resource/46/1290346_image3_1.jpg";"Type3";"126.9762489670";"37.5678346101";"6";"20230727112324";"24";"02-2171-7869";"대상해";"04519";0
"철원군 동송읍 창동로 2421";"";"32";"";"A05";"A0502";"A05020100";"134047";"39";"20040220090000";"http://tong.visitkorea.or.kr/cms/resource/65/1022465_image2_1.jpg";"http://tong.visitkorea.or.kr/cms/resource/65/1022465_image3_1.jpg";"Type3";"127.2875914475";"38.1877957790";"6";"20231012174334";"12";"033-455-8787";"고석정회관";"24023";0
"안양시 만안구 박달로 579";"";"31";"";"A05";"A0502";"A05020100";"134065";"39";"20041230090000";"http://tong.visitkorea.or.kr/cms/resource/14/1942914_image2_1.jpg";"http://tong.visitkorea.or.kr/cms/resource/14/1942914_image3_1.jpg";"Type3";"126.9171701018";"37.4029360362";"6";"20230530174304";"17";"031-469-0041";"개성면옥";"13988";0
"여주시 강변북로 7";"";"31";"";"A05";"A0502";"A05020100";"134069";"39";"20061002090000";"http://tong.visitkorea.or.kr/cms/resource/68/1885068_image2_1.jpg";"http://tong.visitkorea.or.kr/cms/resource/68/1885068_image3_1.jpg";"Type3";"127.6489733128";"37.3006888924";"6";"20230802205641";"20";"031-885-8840";"마우리";"12639";0
"여주시 여양로 222-3";"";"31";"";"A05";"A0502";"A05020400";"134070";"39";"20040102090000";"http://tong.visitkorea.or.kr/cms/resource/75/1885075_image2_1.jpg";"http://tong.visitkorea.or.kr/cms/resource/75/1885075_image3_1.jpg";"Type3";"127.6493176639";"37.3028553147";"6";"20231206154444";"20";"031-885-0705";"만다린";"12636";0
"양양군 양양읍 거마천로 60";"";"32";"";"A05";"A0502";"A05020100";"134090";"39";"20040102090000";"http://tong.visitkorea.or.kr/cms/resource/40/1842740_image2_1.jpg";"http://tong.visitkorea.or.kr/cms/resource/40/1842740_image3_1.jpg";"Type3";"128.6046663507";"38.0776307675";"6";"20230701142520";"7";"033-671-2325";"녹원갈비";"25019";0
"양양군 양양읍 포월나들길 23";"";"32";"";"A05";"A0502";"A05020100";"134091";"39";"20040822090000";"http://tong.visitkorea.or.kr/cms/resource/82/3071582_image2_1.jpg";"http://tong.visitkorea.or.kr/cms/resource/82/3071582_image3_1.jpg";"Type3";"128.6304048744";"38.1036449100";"6";"20231215164813";"7";"033-671-1500";"등불가든";"25013";0
"평창군 대관령면 눈마을길 9";"";"32";"";"A05";"A0502";"A05020100";"134095";"39";"20040102090000";"http://tong.visitkorea.or.kr/cms/resource/76/816876_image2_1.jpg";"http://tong.visitkorea.or.kr/cms/resource/76/816876_image3_1.jpg";"Type3";"128.7100277480";"37.6691357197";"6";"20230702052602";"15";"033-335-5430";"고향이야기";"25346";0
"하동군 하동읍 경서대로 94";"";"36";"";"A05";"A0502";"A05020100";"134111";"39";"20040105090000";"http://tong.visitkorea.or.kr/cms/resource/15/1743015_image2_1.jpg";"http://tong.visitkorea.or.kr/cms/resource/15/1743015_image3_1.jpg";"Type3";"127.7467561384";"35.0645345134";"6";"20230322133806";"18";"055-883-8333";"동흥식당";"52332";0
"구미시 신시로16길 83";"(송정동)";"35";"";"A05";"A0502";"A05020100";"134112";"39";"20040103090000";"http://tong.visitkorea.or.kr/cms/resource/36/1969336_image2_1.jpg";"http://tong.visitkorea.or.kr/cms/resource/36/1969336_image3_1.jpg";"Type3";"128.3480331996";"36.1169124231";"6";"20230414103910";"4";"054-456-1400";"선산고을";"39279";0
"구미시 산업로 224";"";"35";"";"A05";"A0502";"A05020100";"134113";"39";"20040103090000";"http://tong.visitkorea.or.kr/cms/resource/46/1902346_image2_1.jpg";"http://tong.visitkorea.or.kr/cms/resource/46/1902346_image3_1.jpg";"Type3";"128.3451220903";"36.1260891046";"6";"20230726144533";"4";"054-457-7500";"금오산성숯불갈비";"39230";0
"청송군 청송읍 논시골로 14";"";"35";"";"A05";"A0502";"A05020100";"134141";"39";"20040224090000";"http://tong.visitkorea.or.kr/cms/resource/44/1981644_image2_1.jpg";"http://tong.visitkorea.or.kr/cms/resource/44/1981644_image3_1.jpg";"Type3";"129.0742262959";"36.4435166421";"6";"20230422130439";"21";"054-872-8881, 8882";"만수무강";"37423";0
"포항시 남구 구룡포읍 구평리";"";"35";"";"A05";"A0502";"A05020100";"134149";"39";"20040822090000";"http://tong.visitkorea.or.kr/cms/resource/61/1902361_image2_1.jpg";"http://tong.visitkorea.or.kr/cms/resource/61/1902361_image3_1.jpg";"Type3";"129.5380304365";"35.9488426847";"6";"20230727110928";"23";"054-284-7242";"구룡장어";"37940";0
"성주군 수륜면 성주가야산로 110";"";"35";"";"A05";"A0502";"A05020100";"134155";"39";"20041008090000";"http://tong.visitkorea.or.kr/cms/resource/16/1969316_image2_1.jpg";"http://tong.visitkorea.or.kr/cms/resource/16/1969316_image3_1.jpg";"Type3";"128.1392606493";"35.7907456327";"6";"20230605112652";"10";"054-932-5777";"산마루";"40063";0
"문경시 문경읍 새재로 458-1";"";"35";"";"A05";"A0502";"A05020100";"134164";"39";"20040821090000";"http://tong.visitkorea.or.kr/cms/resource/76/1959376_image2_1.jpg";"http://tong.visitkorea.or.kr/cms/resource/76/1959376_image3_1.jpg";"Type3";"128.1073483272";"36.7340208871";"6";"20230828131100";"7";"054-571-2030";"새재가든";"36917";0
"공주시 백미고을길 5-9";"";"34";"";"A05";"A0502";"A05020100";"134174";"39";"20040223090000";"http://tong.visitkorea.or.kr/cms/resource/81/3057481_image2_1.JPG";"http://tong.visitkorea.or.kr/cms/resource/81/3057481_image3_1.JPG";"Type3";"127.1229995205";"36.4647145711";"6";"20231204152304";"1";"041-857-9999";"고마나루1999";"32537";0
"인제군 북면 어두원길 25";"";"32";"";"A05";"A0502";"A05020100";"134188";"39";"20030828090000";"http://tong.visitkorea.or.kr/cms/resource/01/1813901_image2_1.jpg";"http://tong.visitkorea.or.kr/cms/resource/01/1813901_image3_1.jpg";"Type3";"128.2320316650";"38.1381415429";"6";"20230702045648";"10";"033-463-3842";"산채촌";"24608";0
"인제군 기린면 조침령로 1233";"";"32";"";"A05";"A0502";"A05020100";"134190";"39";"20041230090000";"http://tong.visitkorea.or.kr/cms/resource/04/1842504_image2_1.jpg";"http://tong.visitkorea.or.kr/cms/resource/04/1842504_image3_1.jpg";"Type3";"128.4164506809";"37.9682481749";"6";"20230702041932";"10";"033-463-1020";"두무대식당";"24653";0
"제천시 내토로 181";"";"33";"";"A05";"A0502";"A05020100";"134195";"39";"20030925090000";"http://tong.visitkorea.or.kr/cms/resource/89/1850689_image2_1.jpg";"http://tong.visitkorea.or.kr/cms/resource/89/1850689_image3_1.jpg";"Type3";"128.1785083185";"37.1300600454";"6";"20230622155158";"7";"043-644-2577";"비원";"27189";0
"논산시 가야곡면 탑정로 840";"";"34";"";"A05";"A0502";"A05020200";"134197";"39";"20030430090000";"http://tong.visitkorea.or.kr/cms/resource/91/1902491_image2_1.jpg";"http://tong.visitkorea.or.kr/cms/resource/91/1902491_image3_1.jpg";"Type3";"127.1541933666";"36.1755232187";"6";"20231122161022";"3";"041-742-7201";"루체";"33017";0
"동래구 금강로123번길 12";"";"6";"";"A05";"A0502";"A05020100";"134199";"39";"20030919090000";"http://tong.visitkorea.or.kr/cms/resource/15/1902115_image2_1.jpg";"http://tong.visitkorea.or.kr/cms/resource/15/1902115_image3_1.jpg";"Type3";"129.0792715868";"35.2208492664";"6";"20230410133243";"6";"051-552-0157";"동래별장";"47703";0
"강남구 선릉로146길 3";"";"1";"";"A05";"A0502";"A05020100";"134201";"39";"20030919090000";"http://tong.visitkorea.or.kr/cms/resource/89/1838489_image2_1.jpg";"http://tong.visitkorea.or.kr/cms/resource/89/1838489_image3_1.jpg";"Type3";"127.0399333544";"37.5219549732";"6";"20230228100709";"1";"02-518-4001";"무등산";"06062";0
"봉화군 소천면 청옥로 514";"";"35";"";"A05";"A0502";"A05020100";"134209";"39";"20030423090000";"http://tong.visitkorea.or.kr/cms/resource/50/612450_image2_1.jpg";"http://tong.visitkorea.or.kr/cms/resource/50/612450_image3_1.jpg";"Type3";"129.0038948575";"36.9671055159";"6";"20230508103224";"8";"054-673-2567";"대풍정식음소";"36264";0
"포천시 호국로964번길 12";"";"31";"";"A05";"A0502";"A05020100";"134224";"39";"20040220090000";"http://tong.visitkorea.or.kr/cms/resource/85/1789585_image2_1.jpg";"http://tong.visitkorea.or.kr/cms/resource/85/1789585_image3_1.jpg";"Type3";"127.1652014155";"37.8503273725";"6";"20230811155647";"29";"031-535-0303";"대복복집";"11162";0
"울진군 울진읍 현내항길 281";"";"35";"";"A05";"A0502";"A05020100";"134232";"39";"20040103090000";"http://tong.visitkorea.or.kr/cms/resource/32/1981632_image2_1.jpg";"http://tong.visitkorea.or.kr/cms/resource/32/1981632_image3_1.jpg";"Type3";"129.4156908579";"36.9907163529";"6";"20231215155021";"18";"054-783-2301";"돌고래횟집";"36321";0
"구례군 구례읍 섬진강로 6";"";"38";"";"A05";"A0502";"A05020100";"134246";"39";"20040102090000";"http://tong.visitkorea.or.kr/cms/resource/75/1973175_image2_1.jpg";"http://tong.visitkorea.or.kr/cms/resource/75/1973175_image3_1.jpg";"Type3";"127.4549707993";"35.1679066919";"6";"20230814161301";"5";"061-782-5888";"남촌회관";"57659";0
"부안군 변산면 묵정길 83-6";"";"37";"";"A05";"A0502";"A05020100";"134273";"39";"20040102090000";"http://tong.visitkorea.or.kr/cms/resource/39/1977439_image2_1.jpg";"http://tong.visitkorea.or.kr/cms/resource/39/1977439_image3_1.jpg";"Type3";"126.5585480964";"35.6885962884";"6";"20240118105427";"6";"063-584-4874";"변산온천산장";"56343";0
"장성군 황룡면 홍길동로 388-10";"";"38";"";"A05";"A0502";"A05020100";"134293";"39";"20040920090000";"http://tong.visitkorea.or.kr/cms/resource/60/1023760_image2_1.jpg";"http://tong.visitkorea.or.kr/cms/resource/60/1023760_image3_1.jpg";"Type3";"126.7323086510";"35.3177496497";"6";"20230410101648";"19";"061-393-0955";"산골짜기";"57223";0
"평창군 대관령면 횡계2길 3-6";"";"32";"";"A05";"A0502";"A05020100";"134298";"39";"20040220090000";"http://tong.visitkorea.or.kr/cms/resource/39/1822539_image2_1.jpg";"http://tong.visitkorea.or.kr/cms/resource/39/1822539_image3_1.jpg";"Type3";"128.7085777717";"37.6726602845";"6";"20230802201230";"15";"033-335-5360";"대관령숯불회관";"25344";0
"동해시 삼화로 527-4";"";"32";"";"A05";"A0502";"A05020100";"134319";"39";"20030715090000";"http://tong.visitkorea.or.kr/cms/resource/05/2394905_image2_1.JPG";"http://tong.visitkorea.or.kr/cms/resource/05/2394905_image2_1.JPG";"Type3";"129.0207727896";"37.4632127357";"6";"20230702051324";"3";"033-534-7051";"보리밭";"25746";0
"사상구 낙동대로 1564";"";"6";"";"A05";"A0502";"A05020100";"134326";"39";"20020926090000";"http://tong.visitkorea.or.kr/cms/resource/17/1902117_image2_1.jpg";"http://tong.visitkorea.or.kr/cms/resource/17/1902117_image3_1.jpg";"Type3";"128.9878357701";"35.1965808534";"6";"20230215151832";"9";"051-304-7733";"곰보식당";"46901";0
"동해시 임항로 36";"(1층 101호 부곡동, 승우4차아파트)";"32";"";"A05";"A0502";"A05020100";"134329";"39";"20040223090000";"http://tong.visitkorea.or.kr/cms/resource/80/3070380_image2_1.jpg";"http://tong.visitkorea.or.kr/cms/resource/80/3070380_image3_1.jpg";"Type3";"129.1061239407";"37.5383224115";"6";"20231215114037";"3";"033-535-1724";"산야";"25735";0
"홍천군 홍천읍 진리로 20";"";"32";"";"A05";"A0502";"A05020100";"134332";"39";"20040223090000";"http://tong.visitkorea.or.kr/cms/resource/75/1814075_image2_1.jpg";"http://tong.visitkorea.or.kr/cms/resource/75/1814075_image3_1.jpg";"Type3";"127.8893151246";"37.6924424224";"6";"20230702041352";"16";"033-434-2435";"삼오식당";"25133";0
"평창군 진부면 오대산3길 13";"";"32";"";"A05";"A0502";"A05020100";"134335";"39";"20040223090000";"http://tong.visitkorea.or.kr/cms/resource/38/1822538_image2_1.jpg";"http://tong.visitkorea.or.kr/cms/resource/38/1822538_image3_1.jpg";"Type3";"128.5997752001";"37.7142672615";"6";"20231103154648";"15";"033-333-3103";"산수명산";"25318";0
"횡성군 둔내면 고원로 158-27";"";"32";"";"A05";"A0502";"A05020100";"134355";"39";"20040223090000";"http://tong.visitkorea.or.kr/cms/resource/71/612471_image2_1.jpg";"http://tong.visitkorea.or.kr/cms/resource/71/612471_image3_1.jpg";"Type3";"128.2253151511";"37.5097143427";"6";"20230728104206";"18";"033-344-1808";"들꽃피는언덕";"25264";0
"파주시 문산읍 반구정로85번길 13";"";"31";"";"A05";"A0502";"A05020100";"134362";"39";"20040105090000";"http://tong.visitkorea.or.kr/cms/resource/92/1022392_image2_1.jpg";"http://tong.visitkorea.or.kr/cms/resource/92/1022392_image3_1.jpg";"Type3";"126.7517276212";"37.8684094698";"6";"20230221104751";"27";"031-952-3472";"반구정 나루터집";"10818";0
"삼척시 새천년도로 596";"";"32";"";"A05";"A0502";"A05020100";"134371";"39";"20040102090000";"http://tong.visitkorea.or.kr/cms/resource/01/3039501_image2_1.jpg";"http://tong.visitkorea.or.kr/cms/resource/01/3039501_image3_1.jpg";"Type3";"129.1638348519";"37.4671678508";"6";"20231115121833";"4";"033-572-1277";"부일막국수";"25909";0
"춘천시 남산면 강촌로 92";"";"32";"";"A05";"A0502";"A05020100";"134385";"39";"20040220090000";"http://tong.visitkorea.or.kr/cms/resource/71/1951371_image2_1.jpg";"http://tong.visitkorea.or.kr/cms/resource/71/1951371_image3_1.jpg";"Type3";"127.6354346847";"37.8110794706";"6";"20230702052646";"13";"033-262-6523";"물갯말닭갈비";"24465";0
"부안군 부안읍 당산로 71";"";"37";"";"A05";"A0502";"A05020100";"134397";"39";"20030610090000";"http://tong.visitkorea.or.kr/cms/resource/34/1977334_image2_1.jpg";"http://tong.visitkorea.or.kr/cms/resource/34/1977334_image3_1.jpg";"Type3";"126.7312760641";"35.7306944226";"6";"20240118111223";"6";"063-581-1626";"당산마루";"56305";0
"중구 서해대로449번길 40 (신흥동1가)";"2층";"2";"";"A05";"A0502";"A05020100";"134405";"39";"20030610090000";"http://tong.visitkorea.or.kr/cms/resource/74/1872974_image2_1.jpg";"http://tong.visitkorea.or.kr/cms/resource/74/1872974_image3_1.jpg";"Type3";"126.6324581423";"37.4670374324";"6";"20231031092652";"10";"032-766-9150";"선미정";"22324";0
"함평군 함평읍 함영로 1012";"";"38";"";"A05";"A0502";"A05020100";"134410";"39";"20040102090000";"http://tong.visitkorea.or.kr/cms/resource/30/1972330_image2_1.jpg";"http://tong.visitkorea.or.kr/cms/resource/30/1972330_image3_1.jpg";"Type3";"126.5262109279";"35.0663274174";"6";"20230602144916";"22";"061-323-6292, 7292";"고기굽는사람들";"57146";0
"사천시 숲뫼1길 41";"";"36";"";"A05";"A0502";"A05020100";"134414";"39";"20030908090000";"http://tong.visitkorea.or.kr/cms/resource/78/1904978_image2_1.jpg";"http://tong.visitkorea.or.kr/cms/resource/78/1904978_image3_1.jpg";"Type3";"128.0869657460";"34.9373353268";"6";"20230726132829";"8";"055-832-3188";"대영장어";"52562";0
"사천시 수남길 70";"";"36";"";"A05";"A0502";"A05020100";"134420";"39";"20030416090000";"http://tong.visitkorea.or.kr/cms/resource/19/1886119_image2_1.jpg";"http://tong.visitkorea.or.kr/cms/resource/19/1886119_image3_1.jpg";"Type3";"128.0703118758";"34.9285304645";"6";"20230131173815";"8";"055-833-3191";"보광식당";"52569";0
"사천시 목섬길 69";"";"36";"";"A05";"A0502";"A05020100";"134421";"39";"20030902090000";"http://tong.visitkorea.or.kr/cms/resource/34/1886134_image2_1.jpg";"http://tong.visitkorea.or.kr/cms/resource/34/1886134_image3_1.jpg";"Type3";"128.0752337824";"34.9241365992";"6";"20231006170355";"8";"055-832-3922";"복원횟집";"52568";0
"군산시 나운5길 63-2";"";"37";"";"A05";"A0502";"A05020100";"134446";"39";"202401181743";"http://tong.visitkorea.or.kr/cms/resource/60/1977460_image2_1.jpg";"http://tong.visitkorea.or.kr/cms/resource/60/1977460_image3_1.jpg";"Type3";"126.7039725616";"35.9617509561";"6";"20240118174312";"2";"063-463-2311";"산마루";"54140";0
"보성군 복내면 옥평길 27-1";"";"38";"";"A04";"A0401";"A04010700";"1344536";"38";"20110729181917";"http://tong.visitkorea.or.kr/cms/resource/61/1971661_image2_1.jpg";"http://tong.visitkorea.or.kr/cms/resource/61/1971661_image3_1.jpg";"Type3";"127.1331951563";"34.8857051734";"6";"20231205174833";"10";"";"삼베랑 (보성)";"59406";0
"양평군 강상면 독배길 32-25";"";"31";"";"A05";"A0502";"A05020300";"134461";"39";"20040102090000";"http://tong.visitkorea.or.kr/cms/resource/78/1790978_image2_1.jpg";"http://tong.visitkorea.or.kr/cms/resource/78/1790978_image3_1.jpg";"Type3";"127.4734614321";"37.4935772381";"6";"20230816160525";"19";"031-774-7020";"길조";"12571";0
"괴산군 청천면 괴산로 217";"";"33";"";"A05";"A0502";"A05020100";"134463";"39";"20040102090000";"http://tong.visitkorea.or.kr/cms/resource/63/1849863_image2_1.jpg";"http://tong.visitkorea.or.kr/cms/resource/63/1849863_image3_1.jpg";"Type3";"127.8080559827";"36.6238835824";"6";"20230117151253";"1";"043-833-1773";"명신펜션식당";"28064";0
"삼척시 원당로2길 69";"";"32";"";"A05";"A0502";"A05020100";"134470";"39";"20040102090000";"http://tong.visitkorea.or.kr/cms/resource/00/1814100_image2_1.jpg";"http://tong.visitkorea.or.kr/cms/resource/00/1814100_image3_1.jpg";"Type3";"129.1534005870";"37.4375182824";"6";"20231005174326";"4";"033-575-0011";"강화가든";"25918";0
"영월군 북면 하늘샘길 10";"";"32";"";"A05";"A0502";"A05020100";"134501";"39";"20030924090000";"http://tong.visitkorea.or.kr/cms/resource/64/1842464_image2_1.jpg";"http://tong.visitkorea.or.kr/cms/resource/64/1842464_image3_1.jpg";"Type3";"128.4261382828";"37.2442793251";"6";"20230725165427";"8";"033-372-3240";"문곡송어횟집";"26210";0
"함양군 안의면 농월정길 7";"";"36";"";"A05";"A0502";"A05020100";"134503";"39";"20031001090000";"http://tong.visitkorea.or.kr/cms/resource/06/1980506_image2_1.jpg";"http://tong.visitkorea.or.kr/cms/resource/06/1980506_image3_1.jpg";"Type3";"127.7809634782";"35.6231359783";"6";"20230927165839";"20";"055-963-7279";"금수강산";"50005";0
"포천시 일동면 화동로 1258";"";"31";"";"A05";"A0502";"A05020100";"134510";"39";"20050202090000";"http://tong.visitkorea.or.kr/cms/resource/00/219800_image2_1.jpg";"http://tong.visitkorea.or.kr/cms/resource/00/219800_image3_1.jpg";"Type3";"127.3309938331";"37.9719301184";"6";"20230227103840";"29";"031-536-9919";"명지원 이동갈비";"11118";0
"의왕시 백운로 140-10";"(오전동)";"31";"";"A05";"A0502";"A05020100";"134512";"39";"20041230090000";"http://tong.visitkorea.or.kr/cms/resource/75/1856875_image2_1.jpg";"http://tong.visitkorea.or.kr/cms/resource/75/1856875_image2_1.jpg";"Type3";"126.9917284933";"37.3572204467";"6";"20230327113847";"24";"031-456-8023";"산촌";"16065";0
"춘천시 효석로 29";"";"32";"";"A05";"A0502";"A05020100";"134544";"39";"20040223090000";"http://tong.visitkorea.or.kr/cms/resource/39/1842839_image2_1.jpg";"http://tong.visitkorea.or.kr/cms/resource/39/1842839_image3_1.jpg";"Type3";"127.7349601843";"37.8636474301";"6";"20231101140400";"13";"033-262-9288";"서울녹각삼계탕";"24374";0
"남해군 상주로 22";"";"36";"";"A05";"A0502";"A05020100";"134546";"39";"20040225090000";"http://tong.visitkorea.or.kr/cms/resource/57/1886157_image2_1.jpg";"http://tong.visitkorea.or.kr/cms/resource/57/1886157_image3_1.jpg";"Type3";"127.9876938815";"34.7216577330";"6";"20230424143207";"5";"055-867-6498,7948";"삼현식당";"52440";0
"영동군 횡지구백길 5 자계예술촌";"";"33";"";"A02";"A0207";"A02070200";"1345504";"15";"20110730020406";"http://tong.visitkorea.or.kr/cms/resource/06/2996406_image2_1.jpg";"http://tong.visitkorea.or.kr/cms/resource/06/2996406_image3_1.jpg";"Type3";"127.7463800199";"36.0519866772";"6";"20240206130654";"4";"043-743-0004";"산골공연 예술잔치";"29158";0
"창녕군 영산면 온천로 103-25";"";"36";"";"A05";"A0502";"A05020100";"134557";"39";"20070906090000";"http://tong.visitkorea.or.kr/cms/resource/91/1892891_image2_1.jpg";"http://tong.visitkorea.or.kr/cms/resource/91/1892891_image3_1.jpg";"Type3";"128.5389348535";"35.4463084605";"6";"20231109154553";"15";"055-521-6116";"도리원";"50348";0
"청송군 청송읍 중앙로 415";"";"35";"";"A05";"A0502";"A05020100";"134560";"39";"20040407090000";"http://tong.visitkorea.or.kr/cms/resource/25/1023625_image2_1.jpg";"http://tong.visitkorea.or.kr/cms/resource/25/1023625_image3_1.jpg";"Type3";"129.0713932678";"36.4416306914";"6";"20230214151046";"21";"";"달기약수닭백숙해성";"37423";0
"옥천군 옥천읍 성왕로 1169";"";"33";"";"A05";"A0502";"A05020100";"134563";"39";"20040419090000";"http://tong.visitkorea.or.kr/cms/resource/07/1849807_image2_1.jpg";"http://tong.visitkorea.or.kr/cms/resource/07/1849807_image3_1.jpg";"Type3";"127.5696192099";"36.3132703838";"6";"20231229094439";"5";"043-731-5501";"명가샤브마을";"29031";0
"옥천군 군북면 성왕로 1564";"";"33";"";"A05";"A0502";"A05020100";"134564";"39";"20040419090000";"http://tong.visitkorea.or.kr/cms/resource/89/1849789_image2_1.jpg";"http://tong.visitkorea.or.kr/cms/resource/89/1849789_image3_1.jpg";"Type3";"127.5885501360";"36.3395177228";"6";"20230823151604";"5";"043-733-3678";"새강변가든";"29004";0
"횡성군 둔내면 경강로구두미1길 111";"";"32";"";"A05";"A0502";"A05020100";"134581";"39";"20040623090000";"http://tong.visitkorea.or.kr/cms/resource/98/1928398_image2_1.jpg";"http://tong.visitkorea.or.kr/cms/resource/98/1928398_image3_1.jpg";"Type3";"128.2599323071";"37.5748324655";"6";"20230802194923";"18";"033-345-1566";"계곡쉼터 녹지원";"25261";0
"연천군 전곡읍 전곡역로 61";"";"31";"";"A05";"A0502";"A05020400";"134595";"39";"20040705090000";"http://tong.visitkorea.or.kr/cms/resource/09/1857409_image2_1.jpg";"http://tong.visitkorea.or.kr/cms/resource/09/1857409_image3_1.jpg";"Type3";"127.0697051106";"38.0241331363";"6";"20230726113007";"21";"031-832-2307";"명신반점";"11034";0
"연천군 청산면 초대로 5";"";"31";"";"A05";"A0502";"A05020100";"134597";"39";"20040706090000";"http://tong.visitkorea.or.kr/cms/resource/47/1857447_image2_1.jpg";"http://tong.visitkorea.or.kr/cms/resource/47/1857447_image3_1.jpg";"Type3";"127.0803273928";"37.9885985898";"6";"20240223164744";"21";"031-835-2102";"고려설렁탕해장국";"11023";0
"오산시 경기대로658번길 19";"";"31";"";"A05";"A0502";"A05020100";"134601";"39";"20040706090000";"http://tong.visitkorea.or.kr/cms/resource/87/1857487_image2_1.jpg";"http://tong.visitkorea.or.kr/cms/resource/87/1857487_image3_1.jpg";"Type3";"127.0542860767";"37.1809586419";"6";"20230725110947";"22";"031-372-7500";"무진장갈비";"18112";0
"동두천시 생연로 192";"";"31";"";"A05";"A0502";"A05020100";"134606";"39";"20040708090000";"http://tong.visitkorea.or.kr/cms/resource/58/1901358_image2_1.jpg";"http://tong.visitkorea.or.kr/cms/resource/58/1901358_image3_1.jpg";"Type3";"127.0535099206";"37.9093629046";"6";"20230217163622";"10";"031-865-2130";"삼복횟집";"11326";0
"예산군 예산읍 수철길 199";"";"34";"";"A05";"A0502";"A05020100";"134615";"39";"20040728090000";"http://tong.visitkorea.or.kr/cms/resource/22/1894122_image2_1.jpg";"http://tong.visitkorea.or.kr/cms/resource/22/1894122_image3_1.jpg";"Type3";"126.8668602714";"36.7142425170";"6";"20230213171513";"11";"041-334-5520";"민속촌가든";"32422";0
"청송군 진보면 경동로 5173-17";"";"35";"";"A05";"A0502";"A05020100";"134640";"39";"20040916090000";"http://tong.visitkorea.or.kr/cms/resource/40/1981640_image2_1.jpg";"http://tong.visitkorea.or.kr/cms/resource/40/1981640_image3_1.jpg";"Type3";"129.1218980391";"36.5056938074";"6";"20240126175915";"21";"054-872-2263, 2264";"만바우촌";"37411";0
"경산시 대학로 73-2";"";"35";"";"A05";"A0502";"A05020400";"134650";"39";"20040922090000";"http://tong.visitkorea.or.kr/cms/resource/00/1969300_image2_1.jpg";"http://tong.visitkorea.or.kr/cms/resource/00/1969300_image3_1.jpg";"Type3";"128.7310378339";"35.8346764886";"6";"20230704155405";"1";"053-814-5042";"부천성";"38654";0
"상주시 문무2길 17";"";"35";"";"A05";"A0502";"A05020100";"134673";"39";"20041111090000";"http://tong.visitkorea.or.kr/cms/resource/04/1896304_image2_1.jpg";"http://tong.visitkorea.or.kr/cms/resource/04/1896304_image3_1.jpg";"Type3";"128.1534865250";"36.4165747165";"6";"20230531154326";"9";"0504-0999-3133";"대벌식당";"37184";0
"서대문구 통일로 107-39";"";"1";"";"A05";"A0502";"A05020300";"134686";"39";"20041125090000";"http://tong.visitkorea.or.kr/cms/resource/12/1900512_image2_1.jpg";"http://tong.visitkorea.or.kr/cms/resource/12/1900512_image3_1.jpg";"Type3";"126.9660944402";"37.5641931854";"6";"20230802203018";"14";"02-364-9838";"사조참치";"03740";0
"하동군 진교면 사기아름길 92";"(진교면)";"36";"0";"A02";"A0203";"A02030100";"1346886";"12";"20110801202016";"http://tong.visitkorea.or.kr/cms/resource/56/2005056_image2_1.jpg";"http://tong.visitkorea.or.kr/cms/resource/56/2005056_image3_1.jpg";"Type3";"127.8867695744";"35.0368150815";"6";"20231109135401";"18";"";"사기아름마을";"52346";0
"제주시 노연로 80";"";"39";"";"A05";"A0502";"A05020100";"134692";"39";"20041126090000";"http://tong.visitkorea.or.kr/cms/resource/64/1934564_image2_1.jpg";"http://tong.visitkorea.or.kr/cms/resource/64/1934564_image3_1.jpg";"Type3";"126.4885904017";"33.4850425335";"6";"20230724154524";"4";"064-710-8231";"삼다정";"63132";0
"화순군 봉수길 25 봉하 산촌생태마을";"";"38";"0";"A02";"A0203";"A02030100";"1347045";"12";"20110801233705";"http://tong.visitkorea.or.kr/cms/resource/28/2515928_image2_1.jpg";"http://tong.visitkorea.or.kr/cms/resource/28/2515928_image2_1.jpg";"Type3";"126.8700432381";"34.8894197643";"6";"20230803131054";"24";"";"봉하산촌마을";"58160";0
"태안군 안면읍 방포항길 118";"";"34";"";"A05";"A0502";"A05020100";"134719";"39";"20041130090000";"http://tong.visitkorea.or.kr/cms/resource/00/2811800_image2_1.jpg";"http://tong.visitkorea.or.kr/cms/resource/00/2811800_image2_1.jpg";"Type3";"126.3364025782";"36.5052518517";"6";"20230316101922";"14";"041-673-1124";"다미횟집";"32166";0
"남양주시 와부읍 경강로 876";"";"31";"";"A05";"A0502";"A05020100";"134729";"39";"20041201090000";"http://tong.visitkorea.or.kr/cms/resource/83/2499083_image2_1.jpg";"http://tong.visitkorea.or.kr/cms/resource/83/2499083_image3_1.jpg";"Type3";"127.2349145429";"37.5594680265";"6";"20230222102814";"9";"031-576-6497";"개성집";"12277";0
"양평군 양평읍 당너머길 29";"";"31";"";"A05";"A0502";"A05020100";"134738";"39";"20041202090000";"http://tong.visitkorea.or.kr/cms/resource/94/1790994_image2_1.jpg";"http://tong.visitkorea.or.kr/cms/resource/94/1790994_image3_1.jpg";"Type3";"127.4752608945";"37.5065618766";"6";"20230503151535";"19";"031-772-7723";"당너머";"12545";0
"중구 남대문로 52-5";"";"1";"";"A05";"A0502";"A05020400";"134746";"39";"20041203090000";"http://tong.visitkorea.or.kr/cms/resource/11/1291311_image2_1.jpg";"http://tong.visitkorea.or.kr/cms/resource/11/1291311_image3_1.jpg";"Type3";"126.9816486368";"37.5621242602";"6";"20230216111732";"24";"02-776-0508";"개화";"04535";0
"종로구 종로 19";"";"1";"";"A05";"A0502";"A05020100";"134752";"39";"20041203090000";"http://tong.visitkorea.or.kr/cms/resource/62/1353462_image2_1.jpg";"http://tong.visitkorea.or.kr/cms/resource/62/1353462_image3_1.jpg";"Type3";"126.9798041130";"37.5708482131";"6";"20240118151947";"23";"";"미진";"03157";0
"서초구 서초중앙로2길 42";"";"1";"";"A05";"A0502";"A05020100";"134771";"39";"20070824175730";"http://tong.visitkorea.or.kr/cms/resource/82/1808682_image2_1.jpg";"http://tong.visitkorea.or.kr/cms/resource/82/1808682_image3_1.jpg";"Type3";"127.0196807188";"37.4839006953";"6";"20230418111422";"15";"02-3482-3112";"부일갈비";"06725";0
"전주시 덕진구 권삼득로 436";"";"37";"";"A05";"A0502";"A05020100";"134780";"39";"20041209090000";"http://tong.visitkorea.or.kr/cms/resource/94/1977394_image2_1.jpg";"http://tong.visitkorea.or.kr/cms/resource/94/1977394_image3_1.jpg";"Type3";"127.1171719273";"35.8500541319";"6";"20240118110716";"12";"063-271-3307~8";"무궁화";"54840";0
"부안군 변산면 묵정길 18";"";"37";"";"A05";"A0502";"A05020100";"134782";"39";"202401181743";"http://tong.visitkorea.or.kr/cms/resource/75/1977975_image2_1.jpg";"http://tong.visitkorea.or.kr/cms/resource/75/1977975_image3_1.jpg";"Type3";"126.5647807961";"35.6916377143";"6";"20240118174312";"6";"063-583-9763";"김인경원조바지락죽";"56343";0
"양양군 서면 약수길 39";"";"32";"";"A05";"A0502";"A05020100";"134786";"39";"20041210090000";"http://tong.visitkorea.or.kr/cms/resource/55/1842755_image2_1.jpg";"http://tong.visitkorea.or.kr/cms/resource/55/1842755_image3_1.jpg";"Type3";"128.4468556763";"38.0773721885";"6";"20230702050442";"7";"033-672-3428";"산골식당";"25033";0
"송파구 양재대로71길 1-4";"";"1";"";"A05";"A0502";"A05020100";"134796";"39";"20041210090000";"http://tong.visitkorea.or.kr/cms/resource/03/2684503_image2_1.jpg";"http://tong.visitkorea.or.kr/cms/resource/03/2684503_image2_1.jpg";"Type3";"127.1261508456";"37.5100745717";"6";"20230612163053";"18";"02-415-5522";"벽제갈비 방이";"05639";0
"연천군 미산면 숭의전로 381";"";"31";"";"A05";"A0502";"A05020100";"134803";"39";"20041214090000";"http://tong.visitkorea.or.kr/cms/resource/86/1857486_image2_1.jpg";"http://tong.visitkorea.or.kr/cms/resource/86/1857486_image3_1.jpg";"Type3";"126.9727695375";"38.0246479821";"6";"20230222112113";"21";"031-835-5464";"고려가든";"11046";0
"강남구 강남대로152길 9";"";"1";"";"A05";"A0502";"A05020100";"134808";"39";"20041215090000";"http://tong.visitkorea.or.kr/cms/resource/54/1838554_image2_1.jpg";"http://tong.visitkorea.or.kr/cms/resource/54/1838554_image3_1.jpg";"Type3";"127.0202352812";"37.5172440556";"6";"20230823142951";"1";"02-544-7207";"마산옥";"06035";0
"김포시 장릉로 80";"";"31";"";"A05";"A0502";"A05020100";"134826";"39";"20050111090000";"http://tong.visitkorea.or.kr/cms/resource/06/2397206_image2_1.jpeg";"http://tong.visitkorea.or.kr/cms/resource/06/2397206_image2_1.jpeg";"Type3";"126.7170491393";"37.6124442399";"6";"20230321144932";"8";"031-983-0805";"보람갈비";"10110";0
"고성군 개천면 나선길 81-9";"";"36";"0";"A02";"A0203";"A02030100";"1348752";"12";"20110803021015";"http://tong.visitkorea.or.kr/cms/resource/16/2485716_image2_1.jpg";"http://tong.visitkorea.or.kr/cms/resource/16/2485716_image2_1.jpg";"Type3";"128.3161519576";"35.1221769982";"6";"20231221145303";"3";"";"무지돌이마을";"52903";0
"구리시 이문안로 6-1";"";"31";"";"A05";"A0502";"A05020100";"134877";"39";"20050203090000";"http://tong.visitkorea.or.kr/cms/resource/13/1856013_image2_1.jpg";"http://tong.visitkorea.or.kr/cms/resource/13/1856013_image3_1.jpg";"Type3";"127.1320452081";"37.5916457597";"6";"20231211140228";"6";"031-556-4077";"감악산생꼬기꾸이";"11938";0
"안성시 중앙로419번길 44";"";"31";"";"A05";"A0502";"A05020100";"134907";"39";"20050204090000";"http://tong.visitkorea.or.kr/cms/resource/43/1789443_image2_1.jpg";"http://tong.visitkorea.or.kr/cms/resource/43/1789443_image3_1.jpg";"Type3";"127.2739848975";"37.0086630299";"6";"20230920171319";"16";"031-677-7766";"담소원";"17590";0
"안성시 장기로45번길 22-3";"(서인동)";"31";"";"A05";"A0502";"A05020200";"134911";"39";"20050204090000";"http://tong.visitkorea.or.kr/cms/resource/48/1789448_image2_1.jpg";"http://tong.visitkorea.or.kr/cms/resource/48/1789448_image3_1.jpg";"Type3";"127.2686798892";"37.0062271047";"6";"20230313161522";"16";"031-674-9993";"마로니에";"17581";0
"안성시 양성면 미리내성지로 283";"";"31";"";"A05";"A0502";"A05020100";"134914";"39";"20070903090000";"http://tong.visitkorea.or.kr/cms/resource/52/1789452_image2_1.jpg";"http://tong.visitkorea.or.kr/cms/resource/52/1789452_image3_1.jpg";"Type3";"127.2595022635";"37.1297932322";"6";"20230612162105";"16";"031-674-6437";"물레방앗간가든";"17500";0
"안성시 안성맞춤대로 945";"";"31";"";"A05";"A0502";"A05020100";"134915";"39";"20050204090000";"http://tong.visitkorea.or.kr/cms/resource/57/1789457_image2_1.jpg";"http://tong.visitkorea.or.kr/cms/resource/57/1789457_image3_1.jpg";"Type3";"127.2690273060";"36.9981224904";"6";"20231018162729";"16";"031-675-7779";"백두산정육점가든";"17595";0
"포천시 소흘읍 광릉수목원로 700-5";"";"31";"";"A05";"A0502";"A05020100";"134944";"39";"20050510090000";"http://tong.visitkorea.or.kr/cms/resource/01/1789601_image2_1.jpg";"http://tong.visitkorea.or.kr/cms/resource/01/1789601_image3_1.jpg";"Type3";"127.1583598085";"37.7737250592";"6";"20230913132706";"29";"031-541-6870";"동이손만두";"11186";0
"동래구 온천장로119번길 57";"";"6";"";"A05";"A0502";"A05020400";"134949";"39";"20050510090000";"http://tong.visitkorea.or.kr/cms/resource/55/1191855_image2_1.jpg";"http://tong.visitkorea.or.kr/cms/resource/55/1191855_image3_1.jpg";"Type3";"129.0817935615";"35.2218825305";"6";"20231110132423";"6";"051-555-4987, 051-552-2074";"금문";"47709";0
"이천시 부발읍 경충대로2300번길 21-7";"";"31";"";"A05";"A0502";"A05020100";"134960";"39";"20050328090000";"http://tong.visitkorea.or.kr/cms/resource/12/1885112_image2_1.jpg";"http://tong.visitkorea.or.kr/cms/resource/12/1885112_image3_1.jpg";"Type3";"127.4733791122";"37.2645370847";"6";"20230610061643";"26";"031-636-9222";"가든이천공원";"17327";0
"양평군 용문면 은고갯길 3";"";"31";"";"A05";"A0502";"A05020100";"134970";"39";"20050412090000";"http://tong.visitkorea.or.kr/cms/resource/04/1791004_image2_1.jpg";"http://tong.visitkorea.or.kr/cms/resource/04/1791004_image3_1.jpg";"Type3";"127.6296468741";"37.5072368550";"6";"20230224112243";"19";"031-771-0702";"고바우설렁탕";"12513";0
"영암군 학산면 독천로 171-1";"";"38";"";"A05";"A0502";"A05020100";"134971";"39";"20050412090000";"http://tong.visitkorea.or.kr/cms/resource/59/1972359_image2_1.jpg";"http://tong.visitkorea.or.kr/cms/resource/59/1972359_image3_1.jpg";"Type3";"126.5680072023";"34.7254443051";"6";"20231108132333";"17";"061-472-4128";"그린식당";"58439";0
"전주시 덕진구 솔내8길 10-2";"(송천동1가)";"37";"";"A05";"A0502";"A05020100";"134973";"39";"202401181743";"http://tong.visitkorea.or.kr/cms/resource/28/1977328_image2_1.jpg";"http://tong.visitkorea.or.kr/cms/resource/28/1977328_image3_1.jpg";"Type3";"127.1221128697";"35.8609252028";"6";"20240118174312";"12";"063-254-2670";"다원추어탕";"54836";0
"강화군 길상면 해안동로 76";"";"2";"";"A05";"A0502";"A05020100";"134974";"39";"20050415090000";"http://tong.visitkorea.or.kr/cms/resource/25/1898925_image2_1.jpg";"http://tong.visitkorea.or.kr/cms/resource/25/1898925_image3_1.jpg";"Type3";"126.5310433168";"37.6341689752";"";"20230109142339";"1";"032-937-4000";"등나무가든";"23049";0
"제주시 한림읍 한림로 692-1";"";"39";"";"A05";"A0502";"A05020400";"134977";"39";"20050419090000";"http://tong.visitkorea.or.kr/cms/resource/39/1934539_image2_1.jpg";"http://tong.visitkorea.or.kr/cms/resource/39/1934539_image3_1.jpg";"Type3";"126.2651835921";"33.4165771361";"6";"20230802201514";"4";"064-796-2042";"보영반점";"63030";0
"화성시 남양읍 남양성지로 227";"";"31";"";"A05";"A0502";"A05020100";"134982";"39";"20050419090000";"http://tong.visitkorea.or.kr/cms/resource/06/1857806_image2_1.jpg";"http://tong.visitkorea.or.kr/cms/resource/06/1857806_image3_1.jpg";"Type3";"126.8266391508";"37.2137202512";"6";"20230602140429";"31";"031-356-8950";"남양옛날불낙지";"18258";0
"의왕시 오매기백운산길 54-13";"(오전동)";"31";"";"A05";"A0502";"A05020200";"134986";"39";"20050419090000";"http://tong.visitkorea.or.kr/cms/resource/04/1857804_image2_1.jpg";"http://tong.visitkorea.or.kr/cms/resource/04/1857804_image3_1.jpg";"Type3";"126.9980501707";"37.3561456843";"6";"20230221104216";"24";"031-429-2838";"농군의집";"16065";0
"수영구 민락수변로 103";"";"6";"";"A05";"A0502";"A05020100";"134989";"39";"20050419090000";"http://tong.visitkorea.or.kr/cms/resource/43/1866443_image2_1.jpg";"http://tong.visitkorea.or.kr/cms/resource/43/1866443_image3_1.jpg";"Type3";"129.1318466039";"35.1548020818";"6";"20230707113114";"12";"051-755-0005";"밀레니엄횟집";"48280";0
"영암군 영암읍 서문로 10";"";"38";"";"A05";"A0502";"A05020100";"134992";"39";"20050419090000";"http://tong.visitkorea.or.kr/cms/resource/62/1973262_image2_1.jpg";"http://tong.visitkorea.or.kr/cms/resource/62/1973262_image3_1.jpg";"Type3";"126.6958135919";"34.7990770252";"6";"20230913100209";"17";"061-473-2892";"동락식당";"58417";0
"금정구 산성로 516";"";"6";"";"A05";"A0502";"A05020100";"135004";"39";"20050525090000";"http://tong.visitkorea.or.kr/cms/resource/66/1982766_image2_1.jpg";"http://tong.visitkorea.or.kr/cms/resource/66/1982766_image3_1.jpg";"Type3";"129.0552285771";"35.2448405765";"6";"20230821101839";"2";"051-517-5502";"산성청송가든";"46238";0
"광주시 남한산성면 불당길37번길 66-11";"";"31";"";"A05";"A0502";"A05020100";"135007";"39";"20050620090000";"http://tong.visitkorea.or.kr/cms/resource/24/1885124_image2_1.jpg";"http://tong.visitkorea.or.kr/cms/resource/24/1885124_image3_1.jpg";"Type3";"127.2099531644";"37.4536437432";"6";"20231221150901";"5";"031-743-3155";"두메산골집";"12703";0
"금정구 북문로 23";"";"6";"";"A05";"A0502";"A05020100";"135008";"39";"20050613090000";"http://tong.visitkorea.or.kr/cms/resource/27/1982727_image2_1.jpg";"http://tong.visitkorea.or.kr/cms/resource/27/1982727_image3_1.jpg";"Type3";"129.0559394308";"35.2519647913";"6";"20231106162442";"2";"051-517-3352";"무심정";"46237";0
"담양군 담양읍 담주1길 6";"";"38";"";"A05";"A0502";"A05020100";"135059";"39";"20050526090000";"http://tong.visitkorea.or.kr/cms/resource/47/1973247_image2_1.jpg";"http://tong.visitkorea.or.kr/cms/resource/47/1973247_image3_1.jpg";"Type3";"126.9817642355";"35.3211812623";"6";"20230823170910";"7";"061-381-2194";"덕인갈비";"57341";0
"강릉시 공항길127번길 50";"";"32";"";"A05";"A0502";"A05020100";"135067";"39";"20071106142146";"http://tong.visitkorea.or.kr/cms/resource/56/1814156_image2_1.jpg";"http://tong.visitkorea.or.kr/cms/resource/56/1814156_image3_1.jpg";"Type3";"128.9531528912";"37.7652098881";"6";"20230702095247";"1";"033-652-0204";"무지개횟집";"25617";0
"평창군 봉평면 이효석길 33-13";"";"32";"";"A05";"A0502";"A05020100";"135079";"39";"20050711090000";"http://tong.visitkorea.or.kr/cms/resource/20/3076920_image2_1.jpg";"http://tong.visitkorea.or.kr/cms/resource/20/3076920_image3_1.jpg";"Type3";"128.3603610462";"37.6109774112";"6";"20240118161203";"15";"033-335-4594";"메밀꽃필무렵";"25304";0
"강화군 선원면 해안동로 1199";"";"2";"";"A05";"A0502";"A05020100";"135099";"39";"20050831090000";"http://tong.visitkorea.or.kr/cms/resource/30/1898930_image2_1.jpg";"http://tong.visitkorea.or.kr/cms/resource/30/1898930_image3_1.jpg";"Type3";"126.5133785963";"37.7219084379";"6";"20230602092402";"1";"032-932-7628";"선창집";"23042";0
"무안군 몽탄면 우명길 52";"";"38";"";"A05";"A0502";"A05020100";"135104";"39";"20050902090000";"http://tong.visitkorea.or.kr/cms/resource/73/1973273_image2_1.jpg";"http://tong.visitkorea.or.kr/cms/resource/73/1973273_image3_1.jpg";"Type3";"126.5189695932";"34.9654414630";"6";"20230216173700";"9";"061-452-3775";"두암식당";"58547";0
"인제군 기린면 방태산길 119";"";"32";"";"A05";"A0502";"A05020100";"135113";"39";"20061127090000";"http://tong.visitkorea.or.kr/cms/resource/84/2489984_image2_1.jpg";"http://tong.visitkorea.or.kr/cms/resource/84/2489984_image2_1.jpg";"Type3";"128.3829157278";"37.9390009283";"6";"20230702045231";"10";"0507-1400-3944<br />010-3896-3944";"방태산황토펜션식당";"24656";0
"영등포구 영중로10길 30";"";"1";"";"A05";"A0502";"A05020400";"135114";"39";"20051012090000";"http://tong.visitkorea.or.kr/cms/resource/98/2684998_image2_1.jpg";"http://tong.visitkorea.or.kr/cms/resource/98/2684998_image2_1.jpg";"Type3";"126.9085565270";"37.5185918989";"6";"20230322111442";"20";"02-2678-3256";"대문점";"07304";0
"고양시 덕양구 행주산성로 178";"";"31";"";"A05";"A0502";"A05020100";"135220";"39";"20060309090000";"http://tong.visitkorea.or.kr/cms/resource/75/1785675_image2_1.jpg";"http://tong.visitkorea.or.kr/cms/resource/75/1785675_image3_1.jpg";"Type3";"126.8149599497";"37.6015111435";"6";"20231103112110";"2";"1544-5292";"나루터";"10440";0
"서천군 서면 서인로 318";"";"34";"";"A05";"A0502";"A05020100";"135224";"39";"20060310090000";"http://tong.visitkorea.or.kr/cms/resource/91/3047091_image2_1.JPG";"http://tong.visitkorea.or.kr/cms/resource/91/3047091_image3_1.JPG";"Type3";"126.5058771786";"36.1473541412";"6";"20231204160147";"8";"041-951-7677";"서산회관";"33604";0
"진도군 진도읍 쌍정2길 22";"";"38";"";"A05";"A0502";"A05020100";"135236";"39";"20060315090000";"http://tong.visitkorea.or.kr/cms/resource/74/1023774_image2_1.jpg";"http://tong.visitkorea.or.kr/cms/resource/74/1023774_image3_1.jpg";"Type3";"126.2655424466";"34.4818500702";"6";"20231103151805";"21";"061-544-4117";"사랑방";"58923";0
"남양주시 덕릉로1071번길 34-11";"";"31";"";"A05";"A0502";"A05020100";"135253";"39";"20060518090000";"http://tong.visitkorea.or.kr/cms/resource/22/1788722_image2_1.jpg";"http://tong.visitkorea.or.kr/cms/resource/22/1788722_image3_1.jpg";"Type3";"127.1015342541";"37.6834234277";"6";"20230222102251";"9";"031-527-2255";"목향원";"12091";0
"경주시 천북면 목실길 84-5";"";"35";"";"A05";"A0502";"A05020700";"135264";"39";"20060712090000";"http://tong.visitkorea.or.kr/cms/resource/33/1896333_image2_1.jpg";"http://tong.visitkorea.or.kr/cms/resource/33/1896333_image3_1.jpg";"Type3";"129.2715811125";"35.8675440098";"6";"20231215155313";"2";"054-773-8866";"다유(茶由)";"38038";0
"청송군 청송읍 약수길 54-5";"";"35";"";"A05";"A0502";"A05020100";"135268";"39";"20060712090000";"http://tong.visitkorea.or.kr/cms/resource/20/688120_image2_1.jpg";"http://tong.visitkorea.or.kr/cms/resource/20/688120_image3_1.jpg";"Type3";"129.0871919500";"36.4389201899";"6";"20230314133146";"21";"054-873-2662";"달기약수촌";"37423";0
"홍천군 서면 한치골길 1122-54";"";"32";"";"A05";"A0502";"A05020100";"135282";"39";"20060814090000";"http://tong.visitkorea.or.kr/cms/resource/70/3043070_image2_1.jpg";"http://tong.visitkorea.or.kr/cms/resource/70/3043070_image3_1.jpg";"Type3";"127.6950463785";"37.7014988643";"6";"20231117153547";"16";"033-434-9102";"강가촌";"25101";0
"제주시 조천읍 남조로 2625";"";"39";"";"A05";"A0502";"A05020700";"135288";"39";"20060817090000";"http://tong.visitkorea.or.kr/cms/resource/69/1934469_image2_1.jpg";"http://tong.visitkorea.or.kr/cms/resource/69/1934469_image3_1.jpg";"Type3";"126.6524703491";"33.4964050036";"6";"20230905111851";"4";"064-782-1418";"고우니가든";"63343";0
"용인시 수지구 동천로 635";"";"31";"";"A05";"A0502";"A05020100";"135291";"39";"20060822090000";"http://tong.visitkorea.or.kr/cms/resource/49/1885149_image2_1.jpg";"http://tong.visitkorea.or.kr/cms/resource/49/1885149_image3_1.jpg";"Type3";"127.0547921610";"37.3588769386";"7";"20230707171352";"23";"031-263-8266";"귀래정";"16800";0
"정선군 정선읍 정선로 1314";"";"32";"";"A05";"A0502";"A05020100";"135386";"39";"20060830090000";"http://tong.visitkorea.or.kr/cms/resource/45/591145_image2_1.jpg";"http://tong.visitkorea.or.kr/cms/resource/45/591145_image3_1.jpg";"Type3";"128.6598910582";"37.3788432697";"6";"20230702045641";"11";"033-563-2211";"동박골식당";"26131";0
"연수구 청능대로53번길 24-4";"(청학동)";"2";"";"A05";"A0502";"A05020100";"135417";"39";"20070321090000";"http://tong.visitkorea.or.kr/cms/resource/49/1873049_image2_1.jpg";"http://tong.visitkorea.or.kr/cms/resource/49/1873049_image3_1.jpg";"Type3";"126.6736363109";"37.4177133340";"6";"20230119151500";"8";"032-818-1893";"금산식당(청학점)";"21917";0
"용산구 이촌로75길 22";"(이촌동)";"1";"";"A05";"A0502";"A05020300";"135423";"39";"20070911090000";"http://tong.visitkorea.or.kr/cms/resource/48/1805348_image2_1.jpg";"http://tong.visitkorea.or.kr/cms/resource/48/1805348_image3_1.jpg";"Type3";"126.9744949024";"37.5207650483";"6";"20231017154904";"21";"02-790-0917";"니와";"04423";0
"용인시 처인구 양지면 남평로 155";"(양지면)";"31";"";"A05";"A0502";"A05020100";"135449";"39";"20061214090000";"http://tong.visitkorea.or.kr/cms/resource/45/1790745_image2_1.jpg";"http://tong.visitkorea.or.kr/cms/resource/45/1790745_image3_1.jpg";"Type3";"127.2986737158";"37.2286464017";"6";"20230831095521";"23";"031-338-7628";"대흥갈비";"17162";0
"평창군 봉평면 태기로 80-29";"";"32";"";"A05";"A0502";"A05020100";"135450";"39";"20061214090000";"http://tong.visitkorea.or.kr/cms/resource/07/552307_image2_1.jpg";"http://tong.visitkorea.or.kr/cms/resource/07/552307_image3_1.jpg";"Type3";"128.3195820731";"37.5883403665";"6";"20230702104014";"15";"033-333-3637";"묵사발";"25306";0
"이천시 마장면 지산로22번길 17";"";"31";"";"A05";"A0502";"A05020100";"135454";"39";"20061214090000";"http://tong.visitkorea.or.kr/cms/resource/99/3048699_image2_1.jpg";"http://tong.visitkorea.or.kr/cms/resource/99/3048699_image3_1.jpg";"Type3";"127.3678343259";"37.2214984781";"6";"20231205165258";"26";"031-637-6040";"강민주의들밥 본점";"17389";0
"이천시 마장면 지산로 168";"";"31";"";"A05";"A0502";"A05020100";"135456";"39";"20061214090000";"http://tong.visitkorea.or.kr/cms/resource/92/1956592_image2_1.jpg";"http://tong.visitkorea.or.kr/cms/resource/92/1956592_image3_1.jpg";"Type3";"127.3573132799";"37.2135742036";"6";"20230516152418";"26";"031-638-3331";"돈내놔";"17390";0
"평창군 대관령면 송전길 14";"";"32";"";"A05";"A0502";"A05020100";"135473";"39";"20061215090000";"http://tong.visitkorea.or.kr/cms/resource/05/1985705_image2_1.jpg";"http://tong.visitkorea.or.kr/cms/resource/05/1985705_image3_1.jpg";"Type3";"128.7092557247";"37.6649139716";"6";"20230915131805";"15";"033-335-8885";"대관령황태촌";"25342";0
"이천시 마장면 덕평로 713";"";"31";"";"A05";"A0502";"A05020300";"135480";"39";"20061215090000";"http://tong.visitkorea.or.kr/cms/resource/81/1956581_image2_1.jpg";"http://tong.visitkorea.or.kr/cms/resource/81/1956581_image3_1.jpg";"Type3";"127.3698674416";"37.2226872664";"6";"20231107172948";"26";"031-637-8042";"나고야";"17389";0
"평창군 대관령면 올림픽로 187";"";"32";"";"A05";"A0502";"A05020100";"135489";"39";"20061215090000";"http://tong.visitkorea.or.kr/cms/resource/57/552257_image2_1.jpg";"http://tong.visitkorea.or.kr/cms/resource/57/552257_image3_1.jpg";"Type3";"128.7099556167";"37.6663888139";"6";"20230702045056";"15";"033-335-3070";"날마다좋은집";"25342";0
"용인시 처인구 양지면 남평로 36";"";"31";"";"A05";"A0502";"A05020100";"135495";"39";"20061218090000";"http://tong.visitkorea.or.kr/cms/resource/63/1790763_image2_1.jpg";"http://tong.visitkorea.or.kr/cms/resource/63/1790763_image3_1.jpg";"Type3";"127.2882079397";"37.2306543138";"6";"20231109145154";"23";"031-338-5775";"산마루";"17161";0
"충주시 수안보면 다릿골길 31";"";"33";"";"A05";"A0502";"A05020100";"135503";"39";"20070305090000";"http://tong.visitkorea.or.kr/cms/resource/61/1849761_image2_1.jpg";"http://tong.visitkorea.or.kr/cms/resource/61/1849761_image3_1.jpg";"Type3";"127.9819782852";"36.8563656504";"6";"20230803135730";"11";"043-846-4646";"다릿골농장가든";"27497";0
"원주시 지정면 작압길 183";"";"32";"";"A05";"A0502";"A05020100";"135516";"39";"20070306090000";"http://tong.visitkorea.or.kr/cms/resource/64/448164_image2_1.jpg";"http://tong.visitkorea.or.kr/cms/resource/64/448164_image3_1.jpg";"Type3";"127.8587306562";"37.3520701546";"6";"20230702104433";"9";"033-732-5992";"들녘";"26359";0
"평창군 봉평면 이효석길 142";"";"32";"";"A05";"A0502";"A05020100";"135525";"39";"20070306090000";"http://tong.visitkorea.or.kr/cms/resource/68/735068_image2_1.jpg";"http://tong.visitkorea.or.kr/cms/resource/68/735068_image3_1.jpg";"Type3";"128.3711322422";"37.6127607437";"6";"20230920112307";"15";"033-336-1211";"고향막국수";"25304";0
"평창군 봉평면 기풍로 108";"";"32";"";"A05";"A0502";"A05020100";"135532";"39";"20070307090000";"http://tong.visitkorea.or.kr/cms/resource/01/816901_image2_1.jpg";"http://tong.visitkorea.or.kr/cms/resource/01/816901_image3_1.jpg";"Type3";"128.3783593882";"37.6120831812";"6";"20231020113046";"15";"033-335-8805";"봉평메밀미가연";"25303";0
"서구 상무연하로 72";"";"5";"";"A05";"A0502";"A05020100";"135533";"39";"20070307090000";"http://tong.visitkorea.or.kr/cms/resource/44/1892744_image2_1.jpg";"http://tong.visitkorea.or.kr/cms/resource/44/1892744_image3_1.jpg";"Type3";"126.8505022648";"35.1546367535";"6";"20230601114711";"5";"062-374-1000";"금다연한정식";"61949";0
"무주군 설천면 만선1로 60";"";"37";"";"A05";"A0502";"A05020100";"135563";"39";"202401181743";"http://tong.visitkorea.or.kr/cms/resource/61/1983461_image2_1.jpg";"http://tong.visitkorea.or.kr/cms/resource/61/1983461_image3_1.jpg";"Type3";"127.7554693059";"35.9047480294";"6";"20240118174312";"5";"063-322-1188";"가족마당";"55555";0
"중구 소파로 93";"";"1";"";"A05";"A0502";"A05020100";"135679";"39";"20070322090000";"http://tong.visitkorea.or.kr/cms/resource/43/1355543_image2_1.jpg";"http://tong.visitkorea.or.kr/cms/resource/43/1355543_image3_1.jpg";"Type3";"126.9852040201";"37.5567638358";"6";"20230512180922";"24";"02-754-1978";"남산골산채집";"04630";0
"미추홀구 소성로326번길 4";"";"2";"";"A05";"A0502";"A05020100";"135696";"39";"20070613090000";"http://tong.visitkorea.or.kr/cms/resource/54/1873754_image2_1.jpg";"http://tong.visitkorea.or.kr/cms/resource/54/1873754_image3_1.jpg";"Type3";"126.6832460000";"37.4373973287";"6";"20240227103130";"3";"032-426-7270";"가마솥손두부";"22238";0
"미추홀구 매소홀로488번길 6-29";"(학익동)";"2";"";"A05";"A0502";"A05020100";"135736";"39";"20070430090000";"http://tong.visitkorea.or.kr/cms/resource/54/1884554_image2_1.jpg";"http://tong.visitkorea.or.kr/cms/resource/54/1884554_image3_1.jpg";"Type3";"126.6755244377";"37.4390025615";"6";"20230824110417";"3";"032-864-3003";"금산식당(학익점)";"22223";0
"미추홀구 미추홀대로697번길 36";"";"2";"";"A05";"A0502";"A05020100";"135751";"39";"20070504090000";"http://tong.visitkorea.or.kr/cms/resource/78/1884578_image2_1.jpg";"http://tong.visitkorea.or.kr/cms/resource/78/1884578_image3_1.jpg";"Type3";"126.6781236218";"37.4598029683";"6";"20230822150939";"3";"032-862-6981";"농원숯불왕갈비";"22139";0
"논산시 부창로 76";"";"34";"";"A05";"A0502";"A05020100";"135768";"39";"20070531090000";"http://tong.visitkorea.or.kr/cms/resource/12/3050212_image2_1.JPG";"http://tong.visitkorea.or.kr/cms/resource/12/3050212_image3_1.JPG";"Type3";"127.0860989186";"36.1957058328";"6";"20231209160816";"3";"041-735-2914";"김재성두부촌";"32976";0
"무주군 무주읍 내도로 126";"";"37";"";"A05";"A0502";"A05020100";"135771";"39";"202401181743";"http://tong.visitkorea.or.kr/cms/resource/22/579522_image2_1.jpg";"http://tong.visitkorea.or.kr/cms/resource/22/579522_image3_1.jpg";"Type3";"127.6450649779";"36.0167416587";"6";"20240118174312";"5";"063-322-2799";"섬마을";"55507";0
"춘천시 금강로62번길 7";"";"32";"";"A05";"A0502";"A05020100";"135774";"39";"20070620090000";"http://tong.visitkorea.or.kr/cms/resource/99/1842799_image2_1.jpg";"http://tong.visitkorea.or.kr/cms/resource/99/1842799_image3_1.jpg";"Type3";"127.7279048044";"37.8793704698";"6";"20230702051934";"13";"033-256-6448";"명동1번지닭갈비";"24353";0
"태안군 안면읍 방포로 52";"";"34";"";"A05";"A0502";"A05020100";"135789";"39";"20070713090000";"http://tong.visitkorea.or.kr/cms/resource/53/559353_image2_1.jpg";"http://tong.visitkorea.or.kr/cms/resource/53/559353_image3_1.jpg";"Type3";"126.3411463898";"36.5130593681";"6";"20231109131953";"14";"041-673-7871";"백경관";"32166";0
"고창군 녹두로 1265 고창군농산물유통센타";"고창군 농산물유통센터 일원";"37";"";"A02";"A0207";"A02070200";"1358036";"15";"20110810220643";"http://tong.visitkorea.or.kr/cms/resource/27/3000127_image2_1.jpg";"http://tong.visitkorea.or.kr/cms/resource/27/3000127_image3_1.jpg";"Type3";"126.6846960753";"35.4337773663";"6";"20240206130654";"1";"063-564-2009, 063-564-6188";"고창해풍고추축제";"56443";0
"삼척시 새천년도로 125";"";"32";"";"A05";"A0502";"A05020100";"135814";"39";"20070713090000";"http://tong.visitkorea.or.kr/cms/resource/76/3070576_image2_1.jpg";"http://tong.visitkorea.or.kr/cms/resource/76/3070576_image3_1.jpg";"Type3";"129.1921858597";"37.4422351648";"6";"20231215120650";"4";"033-574-5240";"삼척횟집";"25925";0
"남해군 상주면 남해대로 694";"";"36";"";"A05";"A0502";"A05020100";"135825";"39";"20070713090000";"http://tong.visitkorea.or.kr/cms/resource/27/218427_image2_1.jpg";"http://tong.visitkorea.or.kr/cms/resource/27/218427_image3_1.jpg";"Type3";"127.9872133217";"34.7234408585";"6";"20230223163621";"5";"055-863-2738";"대중식당";"52440";0
"해운대구 해운대해변로209번나길 17";"";"6";"";"A05";"A0502";"A05020100";"135827";"39";"20070713090000";"http://tong.visitkorea.or.kr/cms/resource/87/218487_image2_1.jpg";"http://tong.visitkorea.or.kr/cms/resource/87/218487_image3_1.jpg";"Type3";"129.1546889075";"35.1604296524";"6";"20231110143450";"16";"051-741-3888";"동백섬횟집";"48093";0
"연제구 월드컵대로 344";"";"6";"";"A03";"A0302";"A03020300";"1358310";"28";"20110811001026";"http://tong.visitkorea.or.kr/cms/resource/19/1919819_image2_1.jpg";"http://tong.visitkorea.or.kr/cms/resource/19/1919819_image2_1.jpg";"Type3";"129.0582325921";"35.1902245312";"6";"20231227093214";"13";"051-504-8001";"부산종합운동장";"47500";0
"완도군 신지면 명사십리길 74";"";"38";"";"A05";"A0502";"A05020100";"135840";"39";"20070716090000";"http://tong.visitkorea.or.kr/cms/resource/11/218411_image2_1.jpg";"http://tong.visitkorea.or.kr/cms/resource/11/218411_image3_1.jpg";"Type3";"126.8064485901";"34.3278816983";"6";"20230526115759";"18";"061-552-4015";"모래뜰";"59146";0
"남해군 상주면 남해대로675번길 75";"";"36";"";"A05";"A0502";"A05020100";"135850";"39";"20070716090000";"http://tong.visitkorea.or.kr/cms/resource/29/218429_image2_1.jpg";"http://tong.visitkorea.or.kr/cms/resource/29/218429_image3_1.jpg";"Type3";"127.9920935970";"34.7177638012";"6";"20230822174512";"5";"055-863-5226";"상주바다횟집";"52440";0
"무주군 무주읍 단천로 102";"";"37";"";"A05";"A0502";"A05020100";"135886";"39";"20070808090000";"http://tong.visitkorea.or.kr/cms/resource/33/219833_image2_1.jpg";"http://tong.visitkorea.or.kr/cms/resource/33/219833_image3_1.jpg";"Type3";"127.6621748152";"36.0076124471";"6";"20240118105756";"5";"063-322-0979";"금강식당";"55517";0
"무주군 설천면 구천동로 948";"";"37";"";"A05";"A0502";"A05020100";"135887";"39";"20070808090000";"http://tong.visitkorea.or.kr/cms/resource/36/219836_image2_1.jpg";"http://tong.visitkorea.or.kr/cms/resource/36/219836_image3_1.jpg";"Type3";"127.7719122326";"35.9069619601";"6";"20240118103351";"5";"063-322-3123";"별미가든";"55557";0
"남원시 천거길 9";"";"37";"";"A05";"A0502";"A05020100";"135890";"39";"202401181743";"http://tong.visitkorea.or.kr/cms/resource/15/219815_image2_1.jpg";"http://tong.visitkorea.or.kr/cms/resource/15/219815_image3_1.jpg";"Type3";"127.3753468331";"35.4004512815";"6";"20240118174312";"4";"063-625-2443";"새집추어탕";"55777";0
"울주군 상북면 배내로 1116";"";"7";"";"A05";"A0502";"A05020100";"135898";"39";"20070808090000";"http://tong.visitkorea.or.kr/cms/resource/90/219890_image2_1.jpg";"http://tong.visitkorea.or.kr/cms/resource/90/219890_image3_1.jpg";"Type3";"129.0127352410";"35.5397066642";"6";"20230519101546";"5";"052-264-3508";"산돼지마을";"44909";0
"제주시 관덕로15길 25";"";"39";"";"A05";"A0502";"A05020100";"135919";"39";"20070809090000";"http://tong.visitkorea.or.kr/cms/resource/55/219955_image2_1.jpg";"http://tong.visitkorea.or.kr/cms/resource/55/219955_image3_1.jpg";"Type3";"126.5266586225";"33.5155647604";"6";"20231024141557";"4";"064-753-0008";"돔베돈";"63277";0
"인제군 미시령로 1197";"";"32";"";"A05";"A0502";"A05020100";"135924";"39";"20070809090000";"http://tong.visitkorea.or.kr/cms/resource/34/219934_image2_1.jpg";"http://tong.visitkorea.or.kr/cms/resource/34/219934_image3_1.jpg";"Type3";"128.3467581717";"38.2011614054";"6";"20230702100817";"10";"033-462-3988";"백담산촌식당";"24605";0
"춘천시 금강로62번길 10-1";"";"32";"";"A05";"A0502";"A05020100";"135932";"39";"20070810090000";"http://tong.visitkorea.or.kr/cms/resource/00/552200_image2_1.jpg";"http://tong.visitkorea.or.kr/cms/resource/00/552200_image3_1.jpg";"Type3";"127.7275381731";"37.8793065816";"6";"20230702040847";"13";"033-241-5272";"복천닭갈비";"24353";0
"춘천시 동면 금촌로 397-3";"";"32";"";"A05";"A0502";"A05020100";"135934";"39";"20070810090000";"http://tong.visitkorea.or.kr/cms/resource/87/552187_image2_1.jpg";"http://tong.visitkorea.or.kr/cms/resource/87/552187_image3_1.jpg";"Type3";"127.7773448700";"37.8753135316";"6";"20230702041703";"13";"033-256-0053";"메밀촌";"24212";0
"충주시 안림로 167";"";"33";"";"A05";"A0502";"A05020100";"135938";"39";"20070810090000";"http://tong.visitkorea.or.kr/cms/resource/94/219794_image2_1.jpg";"http://tong.visitkorea.or.kr/cms/resource/94/219794_image3_1.jpg";"Type3";"127.9633876932";"36.9743073085";"6";"20230810134015";"11";"043-853-4949";"샤브락";"27486";0
"충주시 동량면 지등로 441";"";"33";"";"A05";"A0502";"A05020100";"135939";"39";"20070810090000";"http://tong.visitkorea.or.kr/cms/resource/91/219791_image2_1.jpg";"http://tong.visitkorea.or.kr/cms/resource/91/219791_image3_1.jpg";"Type3";"127.9694858407";"37.0197744128";"6";"20230803133019";"11";"043-851-4077";"마당가든";"27320";0
"달성군 유가읍 휴양림길 207";"";"4";"";"A05";"A0502";"A05020100";"135943";"39";"20070813090000";"http://tong.visitkorea.or.kr/cms/resource/64/219864_image2_1.jpg";"http://tong.visitkorea.or.kr/cms/resource/64/219864_image2_1.jpg";"Type3";"128.5043311685";"35.6922134196";"6";"20230616154031";"3";"053-615-7400";"길목가든";"42991";0
"고성군 토성면 잼버리동로 97";"";"32";"";"A02";"A0202";"A02020200";"136082";"32";"20031218090000";"http://tong.visitkorea.or.kr/cms/resource/52/1581452_image2_1.jpg";"http://tong.visitkorea.or.kr/cms/resource/52/1581452_image3_1.jpg";"Type3";"128.5195664383";"38.2337859469";"6";"20231016145427";"2";"033-633-9100";"설악포유리조트";"24763";0
"송파구 오금로11길 11-21";"(방이동)";"1";"";"B02";"B0201";"B02010900";"136310";"32";"20030812090000";"http://tong.visitkorea.or.kr/cms/resource/72/1920672_image2_1.jpg";"http://tong.visitkorea.or.kr/cms/resource/72/1920672_image3_1.jpg";"Type3";"127.1082634313";"37.5154402929";"6";"20231227143123";"18";"02-425-6700";"라자호텔";"05542";0
"동구 무등로321번길 2";"";"5";"";"B02";"B0201";"B02010100";"136416";"32";"20040505090000";"http://tong.visitkorea.or.kr/cms/resource/46/1587546_image2_1.jpg";"http://tong.visitkorea.or.kr/cms/resource/46/1587546_image3_1.jpg";"Type3";"126.9184960636";"35.1621787163";"6";"20240412101111";"3";"062-525-2111";"금수장관광호텔";"61401";0
"함양군 함양읍 동위천1길 5";"";"36";"";"B02";"B0201";"B02010900";"136505";"32";"20021111090000";"http://tong.visitkorea.or.kr/cms/resource/46/1981346_image2_1.jpg";"http://tong.visitkorea.or.kr/cms/resource/46/1981346_image3_1.jpg";"Type3";"127.7202965058";"35.5224351891";"6";"20230518101409";"20";"055-963-7980";"별궁모텔";"50035";0
"강서구 까치산로 83";"";"1";"";"B02";"B0201";"B02010900";"136577";"32";"20021216090000";"http://tong.visitkorea.or.kr/cms/resource/39/1805439_image2_1.jpg";"http://tong.visitkorea.or.kr/cms/resource/39/1805439_image3_1.jpg";"Type3";"126.8475613135";"37.5460598395";"6";"20230613170225";"4";"02-2606-9552";"르아브르";"07678";0
"강화군 내가면 해안서로 972";"";"2";"";"B02";"B0201";"B02010600";"136605";"32";"20031222090000";"http://tong.visitkorea.or.kr/cms/resource/56/1575756_image2_1.jpg";"http://tong.visitkorea.or.kr/cms/resource/56/1575756_image3_1.jpg";"Type3";"126.3745584698";"37.7045385779";"6";"20230830172354";"1";"032-933-8891";"강화유스호스텔";"23054";0
"속초시 사당골길 43";"";"32";"";"A02";"A0202";"A02020200";"136634";"32";"20051122090000";"http://tong.visitkorea.or.kr/cms/resource/74/1335574_image2_1.jpg";"http://tong.visitkorea.or.kr/cms/resource/74/1335574_image3_1.jpg";"Type3";"128.5496875363";"38.1820481114";"6";"20230720144744";"5";"033-636-8000";"설악금호리조트";"24868";0
"강동구 구천면로 77";"(천호동)";"1";"0";"A02";"A0205";"A02050600";"1366921";"12";"20110819021516";"http://tong.visitkorea.or.kr/cms/resource/51/1985151_image2_1.jpg";"http://tong.visitkorea.or.kr/cms/resource/51/1985151_image3_1.jpg";"Type3";"127.1141592915";"37.5444759163";"6";"20231207133047";"2";"";"광진교 8번가";"05250";0
"종로구 창의문로 145";"";"1";"0";"A02";"A0203";"A02030400";"1367251";"12";"20110819182238";"http://tong.visitkorea.or.kr/cms/resource/19/3109519_image2_1.JPG";"http://tong.visitkorea.or.kr/cms/resource/19/3109519_image3_1.JPG";"Type3";"126.9640854894";"37.5924870824";"6";"20240315153532";"23";"";"부암동";"03022";0
"태안군 태안읍 중앙로 227-8";"";"34";"";"B02";"B0201";"B02010900";"137097";"32";"20030917090000";"http://tong.visitkorea.or.kr/cms/resource/26/711026_image2_1.jpg";"http://tong.visitkorea.or.kr/cms/resource/26/711026_image3_1.jpg";"Type3";"126.3126677529";"36.7495233041";"6";"20231215161512";"14";"041-675-0166";"블루힐 모텔";"32140";0
"천안시 동남구 목천읍 동평3길 71";"";"34";"";"B02";"B0201";"B02010900";"137159";"32";"20050118090000";"http://tong.visitkorea.or.kr/cms/resource/32/1964232_image2_1.jpg";"http://tong.visitkorea.or.kr/cms/resource/32/1964232_image3_1.jpg";"Type3";"127.2425441872";"36.7757615191";"6";"20230329144444";"12";"041-557-5511";"모텔라마다";"31230";0
"중구 서성로 6-1";"";"4";"0";"A02";"A0201";"A02010400";"1373030";"12";"20110829230825";"http://tong.visitkorea.or.kr/cms/resource/13/1026313_image2_1.jpg";"http://tong.visitkorea.or.kr/cms/resource/13/1026313_image3_1.jpg";"Type3";"128.5878384221";"35.8672090500";"6";"20230320113506";"8";"";"서상돈 고택";"41933";0
"속초시 청대로 2";"";"32";"";"B02";"B0201";"B02010900";"137324";"32";"20030828090000";"http://tong.visitkorea.or.kr/cms/resource/85/709585_image2_1.jpg";"http://tong.visitkorea.or.kr/cms/resource/85/709585_image3_1.jpg";"Type3";"128.6002939920";"38.1839433186";"6";"20230702180927";"5";"033-636-0096";"광림모텔";"24894";0
"속초시 부월1길 38";"";"32";"";"B02";"B0201";"B02010900";"137326";"32";"20030730090000";"http://tong.visitkorea.or.kr/cms/resource/42/709642_image2_1.jpg";"http://tong.visitkorea.or.kr/cms/resource/42/709642_image3_1.jpg";"Type3";"128.5955053642";"38.1895175764";"6";"20230702112528";"5";"033-633-1988";"대궐파크";"24892";0
"속초시 동해대로 4164";"(조양동)";"32";"";"B02";"B0201";"B02010900";"137328";"32";"20030514090000";"http://tong.visitkorea.or.kr/cms/resource/53/709653_image2_1.jpg";"http://tong.visitkorea.or.kr/cms/resource/53/709653_image3_1.jpg";"Type3";"128.5801983686";"38.1911948613";"6";"20230702184914";"5";"033-635-0325";"미라지모텔";"24872";0
"곡성군 곡성읍 중앙로 54";"";"38";"";"A05";"A0502";"A05020100";"1373338";"39";"20110830025122";"http://tong.visitkorea.or.kr/cms/resource/56/2032556_image2_1.jpg";"http://tong.visitkorea.or.kr/cms/resource/56/2032556_image3_1.jpg";"Type3";"127.2895047838";"35.2782747162";"6";"20230814132353";"3";"061-362-1539";"궁전회관";"57541";0
"남원시 양림길 12 춘향테마파크";"사랑의광장 및 야외무대";"37";"";"A02";"A0207";"A02070200";"1373481";"15";"20110830192413";"http://tong.visitkorea.or.kr/cms/resource/46/2998546_image2_1.jpg";"http://tong.visitkorea.or.kr/cms/resource/46/2998546_image3_1.jpg";"Type3";"127.3866152190";"35.4028678706";"6";"20240118105751";"4";"063-620-6710";"남원흥부제";"55795";0
"보은군 마로면 임곡길 66-80";"";"33";"";"B02";"B0201";"B02010500";"137379";"32";"20031023090000";"http://tong.visitkorea.or.kr/cms/resource/52/1960352_image2_1.jpg";"http://tong.visitkorea.or.kr/cms/resource/52/1960352_image3_1.jpg";"Type3";"127.8607067082";"36.4291484926";"6";"20230324133009";"3";"043-542-0981";"나인밸리파크";"28964";0
"제주시 조천읍 일주동로 1616-7";"";"39";"";"A02";"A0202";"A02020200";"137474";"32";"20031218090000";"http://tong.visitkorea.or.kr/cms/resource/73/1933373_image2_1.jpg";"http://tong.visitkorea.or.kr/cms/resource/73/1933373_image3_1.jpg";"Type3";"126.7051311743";"33.5517830527";"6";"20231222153424";"4";"064-782-8600";"사조리조트 제주";"63339";0
"고성군 현내면 금강산로 416";"";"32";"";"B02";"B0201";"B02010500";"137477";"32";"20030926090000";"http://tong.visitkorea.or.kr/cms/resource/87/1335487_image2_1.jpg";"http://tong.visitkorea.or.kr/cms/resource/87/1335487_image3_1.jpg";"Type3";"128.4193668841";"38.5108294531";"6";"20231103164933";"2";"033-680-7800";"금강산콘도";"24702";0
"가평군 청평면 경춘로 1401";"";"31";"";"B02";"B0201";"B02010600";"137495";"32";"20040423090000";"http://tong.visitkorea.or.kr/cms/resource/46/1786046_image2_1.jpg";"http://tong.visitkorea.or.kr/cms/resource/46/1786046_image3_1.jpg";"Type3";"127.4613848818";"37.7763747353";"6";"20231026134028";"1";"031-581-7030";"상천체육문화연수원";"12449";0
"김제시 금산면 모악로 460-20";"";"37";"";"B02";"B0201";"B02010600";"137498";"32";"202401181743";"http://tong.visitkorea.or.kr/cms/resource/72/1976272_image2_1.jpg";"http://tong.visitkorea.or.kr/cms/resource/72/1976272_image3_1.jpg";"Type3";"127.0415765757";"35.7165152364";"6";"20240118174312";"3";"063-548-4401";"모악산유스호스텔";"54343";0
"서천군 서면 부사로 239";"";"34";"";"B02";"B0201";"B02010900";"137505";"32";"20030821090000";"http://tong.visitkorea.or.kr/cms/resource/86/1964286_image2_1.jpg";"http://tong.visitkorea.or.kr/cms/resource/86/1964286_image3_1.jpg";"Type3";"126.5281940499";"36.1693742219";"6";"20240417105912";"8";"041-952-4812";"백이모텔";"33603";0
"남해군 설천면 노량로 194";"";"36";"";"B02";"B0201";"B02010900";"137509";"32";"20021107090000";"http://tong.visitkorea.or.kr/cms/resource/15/1869315_image2_1.jpg";"http://tong.visitkorea.or.kr/cms/resource/15/1869315_image3_1.jpg";"Type3";"127.8740926537";"34.9392924750";"6";"20231107170048";"5";"055-863-5505";"남해비치텔";"52400";0
"철원군 동송읍 창동로 2405";"";"32";"";"B02";"B0201";"B02010900";"137644";"32";"20091001222604";"http://tong.visitkorea.or.kr/cms/resource/32/597632_image2_1.jpg";"http://tong.visitkorea.or.kr/cms/resource/32/597632_image3_1.jpg";"Type3";"127.2867693147";"38.1873124871";"6";"20230702181948";"12";"033-455-2170<br />033-455-1138";"그린모텔";"24023";0
"봉화군 봉화읍 예봉로 2043";"";"35";"";"B02";"B0201";"B02010900";"137742";"32";"20030519090000";"http://tong.visitkorea.or.kr/cms/resource/50/1893550_image2_1.jpg";"http://tong.visitkorea.or.kr/cms/resource/50/1893550_image3_1.jpg";"Type3";"128.7385987663";"36.8830628507";"6";"20231108165251";"8";"054-674-0300";"궁전파크모텔";"36238";0
"서귀포시 일주동로 8941";"";"39";"";"B02";"B0201";"B02010700";"137788";"32";"20070907090000";"http://tong.visitkorea.or.kr/cms/resource/97/1933397_image2_1.jpg";"http://tong.visitkorea.or.kr/cms/resource/97/1933397_image3_1.jpg";"Type3";"126.5360193536";"33.2503192271";"6";"20230518102636";"3";"064-739-3331";"서귀포 귤림성";"63571";0
"태백시 고원로 87";"";"32";"";"B02";"B0201";"B02010900";"137852";"32";"20040429090000";"http://tong.visitkorea.or.kr/cms/resource/22/601722_image2_1.jpg";"http://tong.visitkorea.or.kr/cms/resource/22/601722_image3_1.jpg";"Type3";"128.9882125981";"37.1631049574";"6";"20231120115823";"14";"033-552-5691";"리베라모텔(태백)";"26019";0
"담양군 금성면 금성산성길 202";"";"38";"";"A02";"A0202";"A02020200";"137891";"32";"20040712090000";"http://tong.visitkorea.or.kr/cms/resource/37/1338137_image2_1.jpg";"http://tong.visitkorea.or.kr/cms/resource/37/1338137_image3_1.jpg";"Type3";"127.0243815575";"35.3655464134";"6";"20231016173922";"7";"061-380-5000";"담양리조트";"57301";0
"완도군 완도읍 개포로56번길 41";"";"38";"";"B02";"B0201";"B02010900";"137981";"32";"20031209090000";"http://tong.visitkorea.or.kr/cms/resource/47/1972147_image2_1.jpg";"http://tong.visitkorea.or.kr/cms/resource/47/1972147_image3_1.jpg";"Type3";"126.7498315599";"34.3181846283";"6";"20230526133856";"18";"061-555-0100";"그랜드 모텔";"59118";0
"태안군 소원면 가락골길 44-8";"";"34";"";"B02";"B0201";"B02010700";"137991";"32";"20030917090000";"http://tong.visitkorea.or.kr/cms/resource/46/1964246_image2_1.jpg";"http://tong.visitkorea.or.kr/cms/resource/46/1964246_image3_1.jpg";"Type3";"126.1419962763";"36.7812917275";"6";"20230610055128";"14";"041-672-8572";"바다내음펜션";"32123";0
"양평군 용문면 학골길 21";"";"31";"";"B02";"B0201";"B02010700";"137992";"32";"20030916090000";"http://tong.visitkorea.or.kr/cms/resource/07/1942807_image2_1.jpg";"http://tong.visitkorea.or.kr/cms/resource/07/1942807_image3_1.jpg";"Type3";"127.5599114550";"37.5098186066";"6";"20230517142803";"19";"031-772-9351";"벨뷰펜션";"12509";0
"가평군 북면 화악산로 729-64";"";"31";"";"B02";"B0201";"B02010600";"137995";"32";"20031111090000";"http://tong.visitkorea.or.kr/cms/resource/60/1786060_image2_1.jpg";"http://tong.visitkorea.or.kr/cms/resource/60/1786060_image3_1.jpg";"Type3";"127.5537941058";"37.9321416459";"6";"20231227144536";"1";"031-581-5304";"그린캠프유스호스텔";"12402";0
"인제군 인제읍 고사리길 151";"";"32";"";"B02";"B0201";"B02010700";"138046";"32";"20040713090000";"http://tong.visitkorea.or.kr/cms/resource/39/1843139_image2_1.jpg";"http://tong.visitkorea.or.kr/cms/resource/39/1843139_image3_1.jpg";"Type3";"128.2094557318";"38.0542258804";"6";"20230702185144";"10";"033-462-3947";"꿈동산펜션";"24640";0
"동구 중앙대로196번길 16-10";"";"6";"";"B02";"B0201";"B02010900";"138089";"32";"20040413090000";"http://tong.visitkorea.or.kr/cms/resource/31/720231_image2_1.jpg";"http://tong.visitkorea.or.kr/cms/resource/31/720231_image3_1.jpg";"Type3";"129.0405945615";"35.1133994764";"6";"20231222150003";"5";"051-442-1248";"부산뷰호텔";"48821";0
"해운대구 해운대해변로298번길 24";"";"6";"0";"A02";"A0206";"A02060500";"1381088";"14";"20110907022016";"http://tong.visitkorea.or.kr/cms/resource/81/1982281_image2_1.jpg";"http://tong.visitkorea.or.kr/cms/resource/81/1982281_image3_1.jpg";"Type3";"129.1666100994";"35.1602160088";"6";"20231027155013";"16";"";"갤러리 미고";"48099";0
"태안군 남면 몽대로 494-8";"";"34";"";"B02";"B0201";"B02010700";"138111";"32";"20040430090000";"http://tong.visitkorea.or.kr/cms/resource/11/1964211_image2_1.jpg";"http://tong.visitkorea.or.kr/cms/resource/11/1964211_image3_1.jpg";"Type3";"126.2718234439";"36.6738674438";"6";"20231108135939";"14";"041-672-4097";"마리나 비치펜션";"32152";0
"보성군 보성읍 노산길 5-56";"";"38";"";"B02";"B0201";"B02010700";"138116";"32";"20070913090000";"http://tong.visitkorea.or.kr/cms/resource/13/1972213_image2_1.jpg";"http://tong.visitkorea.or.kr/cms/resource/13/1972213_image3_1.jpg";"Type3";"127.0922941327";"34.7362546066";"6";"20231109143351";"10";"061-852-1966";"보성골망태펜션";"59448";0
"서귀포시 남원읍 태위로 522-12";"";"39";"";"A02";"A0202";"A02020200";"138185";"32";"20040615090000";"http://tong.visitkorea.or.kr/cms/resource/67/3024967_image2_1.jpg";"http://tong.visitkorea.or.kr/cms/resource/67/3024967_image3_1.jpg";"Type3";"126.7028238197";"33.2737526275";"6";"20231214162554";"3";"064-766-8000";"금호리조트 제주";"63620";0
"용인시 처인구 포곡읍 전대로78번길 18-1";"";"31";"";"B02";"B0201";"B02010900";"138191";"32";"20040622090000";"http://tong.visitkorea.or.kr/cms/resource/40/1869240_image2_1.jpg";"http://tong.visitkorea.or.kr/cms/resource/40/1869240_image3_1.jpg";"Type3";"127.2174099983";"37.2865493486";"6";"20240417132037";"23";"031-334-3573";"리츠모텔";"17023";0
"양양군 강현면 일출로 8";"";"32";"";"B02";"B0201";"B02010900";"138224";"32";"20040802090000";"http://tong.visitkorea.or.kr/cms/resource/74/3076874_image2_1.jpg";"http://tong.visitkorea.or.kr/cms/resource/74/3076874_image3_1.jpg";"Type3";"128.6293156121";"38.1187875731";"6";"20231229115646";"7";"033-671-6336";"낙산 패밀리파크";"25009";0
"양구군 방산면 남밭길150번길 69";"";"32";"";"B02";"B0201";"B02010700";"138225";"32";"20040802090000";"http://tong.visitkorea.or.kr/cms/resource/19/1949319_image2_1.jpg";"http://tong.visitkorea.or.kr/cms/resource/19/1949319_image3_1.jpg";"Type3";"127.8967467168";"38.1912345294";"6";"20230702182729";"6";"033-481-3975";"산골나그네 펜션";"24504";0
"인제군 기린면 대내로 97";"";"32";"";"B02";"B0201";"B02010700";"138252";"32";"20040903090000";"http://tong.visitkorea.or.kr/cms/resource/96/1843096_image2_1.jpg";"http://tong.visitkorea.or.kr/cms/resource/96/1843096_image3_1.jpg";"Type3";"128.3152015836";"37.9665269889";"6";"20230702112819";"10";"033-461-1303";"맑은물소리 펜션";"24663";0
"태안군 남면 달산포로 201-10";"";"34";"";"B02";"B0201";"B02010700";"138325";"32";"20041126090000";"http://tong.visitkorea.or.kr/cms/resource/42/1964242_image2_1.jpg";"http://tong.visitkorea.or.kr/cms/resource/42/1964242_image3_1.jpg";"Type3";"126.2998573264";"36.6621220537";"6";"20230613170846";"14";"041-674-4640";"몽산포펜션";"32154";0
"제천시 금성면 청풍호로 1511";"";"33";"";"B02";"B0201";"B02010700";"138352";"32";"20041119090000";"http://tong.visitkorea.or.kr/cms/resource/68/1848168_image2_1.jpg";"http://tong.visitkorea.or.kr/cms/resource/68/1848168_image3_1.jpg";"Type3";"128.1783195175";"37.0320546531";"6";"20230613175541";"7";"043-642-4600";"블루밍데이즈펜션";"27211";0
"영월군 영월읍 동강로 225";"";"32";"";"B02";"B0201";"B02010700";"138384";"32";"20051230090000";"http://tong.visitkorea.or.kr/cms/resource/85/1948485_image2_1.jpg";"http://tong.visitkorea.or.kr/cms/resource/85/1948485_image3_1.jpg";"Type3";"128.5073211811";"37.2005581189";"6";"20230702182956";"8";"033-374-7151";"동강빌리지";"26223";0
"해남군 송지면 땅끝해안로 1354-12";"";"38";"";"B02";"B0201";"B02010900";"138486";"32";"20050912090000";"http://tong.visitkorea.or.kr/cms/resource/01/1972201_image2_1.jpg";"http://tong.visitkorea.or.kr/cms/resource/01/1972201_image3_1.jpg";"Type3";"126.5204592274";"34.3511383002";"6";"20231227142937";"23";"061-535-5757";"바닷가모텔";"59064";0
"서귀포시 성산읍 신천서로 11";"";"39";"";"B02";"B0201";"B02010700";"138494";"32";"20050325090000";"http://tong.visitkorea.or.kr/cms/resource/68/1933168_image2_1.jpg";"http://tong.visitkorea.or.kr/cms/resource/68/1933168_image3_1.jpg";"Type3";"126.8501205782";"33.3441111157";"6";"20231107165607";"3";"064-787-0543";"귤익는마을";"63637";0
"태안군 남면 우운길 158-8";"";"34";"";"B02";"B0201";"B02010700";"138502";"32";"20071106171221";"http://tong.visitkorea.or.kr/cms/resource/80/1964180_image2_1.jpg";"http://tong.visitkorea.or.kr/cms/resource/80/1964180_image3_1.jpg";"Type3";"126.2776394664";"36.6783559141";"6";"20230706164640";"14";"041-672-3363";"데네브펜션";"32152";0
"태안군 안면읍 방포1길 40-19";"";"34";"";"B02";"B0201";"B02010700";"138545";"32";"20050706090000";"http://tong.visitkorea.or.kr/cms/resource/67/1964267_image2_1.jpg";"http://tong.visitkorea.or.kr/cms/resource/67/1964267_image3_1.jpg";"Type3";"126.3350498045";"36.5097596436";"6";"20230602162203";"14";"041-673-5162";"바다햇살고운집";"32166";0
"인제군 인제읍 내린천로 5384";"";"32";"";"B02";"B0201";"B02010700";"138547";"32";"20050706090000";"http://tong.visitkorea.or.kr/cms/resource/28/1843128_image2_1.jpg";"http://tong.visitkorea.or.kr/cms/resource/28/1843128_image3_1.jpg";"Type3";"128.2720847253";"38.0100072208";"6";"20230702113142";"10";"033-462-0629";"강변에서 황토콘도";"24642";0
"거제시 옥포로6길 33";"";"36";"";"B02";"B0201";"B02010900";"138559";"32";"20071106171529";"http://tong.visitkorea.or.kr/cms/resource/55/1981355_image2_1.jpg";"http://tong.visitkorea.or.kr/cms/resource/55/1981355_image3_1.jpg";"Type3";"128.6954999765";"34.8924178957";"6";"20231222135900";"1";"055-687-7238";"블루밍모텔";"53231";0
"수영구 광안해변로 155";"";"6";"";"B02";"B0201";"B02010900";"138574";"32";"20071106171629";"http://tong.visitkorea.or.kr/cms/resource/51/218151_image2_1.jpg";"http://tong.visitkorea.or.kr/cms/resource/51/218151_image3_1.jpg";"Type3";"129.1145593854";"35.1487079999";"6";"20231116153932";"12";"051-755-0583<br />051-755-0573";"브릿지모텔";"48303";0
"제주시 서해안로 620-1";"(용담삼동)";"39";"";"B02";"B0201";"B02010700";"138597";"32";"20060619090000";"http://tong.visitkorea.or.kr/cms/resource/76/1933276_image2_1.jpg";"http://tong.visitkorea.or.kr/cms/resource/76/1933276_image3_1.jpg";"Type3";"126.5034939547";"33.5162143194";"6";"20230915154602";"4";"064-713-0002";"그림리조트";"63150";0
"평창군 봉평면 면온리 726-44";"";"32";"";"B02";"B0201";"B02010700";"138661";"32";"20050713090000";"http://tong.visitkorea.or.kr/cms/resource/29/1815329_image2_1.jpg";"http://tong.visitkorea.or.kr/cms/resource/29/1815329_image3_1.jpg";"Type3";"128.3491686767";"37.5755035246";"6";"20230702185029";"15";"033-334-5635";"샬레리조트";"25309";0
"인제군 북면 황태길 330";"";"32";"";"B02";"B0201";"B02010700";"138679";"32";"20050822090000";"http://tong.visitkorea.or.kr/cms/resource/22/1815222_image2_1.jpg";"http://tong.visitkorea.or.kr/cms/resource/22/1815222_image3_1.jpg";"Type3";"128.3700750160";"38.2165989457";"6";"20230702182524";"10";"033-462-6277";"설산펜션";"24605";0
"거제시 일운면 북병산로 460";"";"36";"";"B02";"B0201";"B02010700";"138703";"32";"20060216090000";"http://tong.visitkorea.or.kr/cms/resource/64/1981364_image2_1.jpg";"http://tong.visitkorea.or.kr/cms/resource/64/1981364_image3_1.jpg";"Type3";"128.6739454941";"34.8179980439";"6";"20240411135416";"1";"010-6420-6628";"거제도 펜션팔색조";"53329";0
"인제군 기린면 방태산길 119";"";"32";"";"B02";"B0201";"B02010700";"138713";"32";"20070721090000";"http://tong.visitkorea.or.kr/cms/resource/78/2490378_image2_1.JPG";"http://tong.visitkorea.or.kr/cms/resource/78/2490378_image2_1.JPG";"Type3";"128.3828657341";"37.9389453780";"6";"20230702185107";"10";"010-3899-2204";"방태산황토펜션";"24656";0
"거제시 일운면 망치1길 14-1";"";"36";"";"B02";"B0201";"B02010700";"138806";"32";"20060426090000";"http://tong.visitkorea.or.kr/cms/resource/97/1981397_image2_1.jpg";"http://tong.visitkorea.or.kr/cms/resource/97/1981397_image3_1.jpg";"Type3";"128.6648742187";"34.8120346572";"6";"20231026135701";"1";"055-681-3151";"망치몽돌펜션";"53329";0
"천안시 동남구 목천읍 덕전1길 171";"";"34";"";"B02";"B0201";"B02010700";"138819";"32";"20060511090000";"http://tong.visitkorea.or.kr/cms/resource/69/1871469_image2_1.jpg";"http://tong.visitkorea.or.kr/cms/resource/69/1871469_image3_1.jpg";"Type3";"127.2078270355";"36.8060129750";"6";"20230621172721";"12";"041-556-5565";"산울림펜션";"31235";0
"경주시 태종로 691-30";"";"35";"";"B02";"B0201";"B02010900";"138830";"32";"20060523090000";"http://tong.visitkorea.or.kr/cms/resource/65/1885865_image2_1.jpg";"http://tong.visitkorea.or.kr/cms/resource/65/1885865_image3_1.jpg";"Type3";"129.2042072646";"35.8393875813";"6";"20231213143847";"2";"054-773-3338";"모텔리베";"38157";0
"보성군 보성읍 현충로 6";"";"38";"";"B02";"B0201";"B02010900";"138848";"32";"20060529090000";"http://tong.visitkorea.or.kr/cms/resource/48/1151048_image2_1.jpg";"http://tong.visitkorea.or.kr/cms/resource/48/1151048_image3_1.jpg";"Type3";"127.0745200246";"34.7633096027";"3";"20231012145720";"10";"061-853-7474";"보성관광모텔";"59458";0
"화순군 도곡면 온천2길 51";"";"38";"";"B02";"B0201";"B02010900";"138863";"32";"20060602090000";"http://tong.visitkorea.or.kr/cms/resource/66/1972166_image2_1.jpg";"http://tong.visitkorea.or.kr/cms/resource/66/1972166_image3_1.jpg";"Type3";"126.9045674376";"35.0229830762";"6";"20231210104921";"24";"061-375-9800";"미송온천호텔";"58148";0
"동구 중앙대로179번길 6";"";"6";"";"B02";"B0201";"B02010900";"138868";"32";"20060622090000";"http://tong.visitkorea.or.kr/cms/resource/91/1899091_image2_1.jpg";"http://tong.visitkorea.or.kr/cms/resource/91/1899091_image3_1.jpg";"Type3";"129.0384336305";"35.1136799603";"6";"20230831174840";"5";"051-467-5252";"미라벨모텔";"48818";0
"서천군 서면 부사로 273";"";"34";"";"B02";"B0201";"B02010900";"138875";"32";"20060711090000";"http://tong.visitkorea.or.kr/cms/resource/21/1965121_image2_1.jpg";"http://tong.visitkorea.or.kr/cms/resource/21/1965121_image3_1.jpg";"Type3";"126.5271579508";"36.1725044015";"6";"20231120142031";"8";"041-952-0077";"서천 휴모텔";"33603";0
"양양군 손양면 선사유적로 240-29";"";"32";"";"B02";"B0201";"B02010700";"138900";"32";"20060830090000";"http://tong.visitkorea.or.kr/cms/resource/31/2920131_image2_1.jpg";"http://tong.visitkorea.or.kr/cms/resource/31/2920131_image3_1.jpg";"Type3";"128.6864124691";"38.0535323784";"6";"20231103164258";"7";"010-9015-5209";"보노펜션";"25042";0
"옹진군 영흥면 영흥로722번길 39";"";"2";"";"B02";"B0201";"B02010700";"138909";"32";"20060831090000";"http://tong.visitkorea.or.kr/cms/resource/18/1946418_image2_1.jpg";"http://tong.visitkorea.or.kr/cms/resource/18/1946418_image3_1.jpg";"Type3";"126.4560073504";"37.2728652226";"6";"20230821160854";"9";"032-885-3366";"명성리조텔";"23117";0
"장흥군 장흥읍 읍성로 2";"";"38";"0";"A02";"A0205";"A02050200";"1389515";"12";"20110921011100";"http://tong.visitkorea.or.kr/cms/resource/39/2515839_image2_1.jpg";"http://tong.visitkorea.or.kr/cms/resource/39/2515839_image2_1.jpg";"Type3";"126.8953658641";"34.6691699445";"6";"20231115135951";"20";"";"동학농민혁명기념탑";"59333";0
"고양시 일산동구 호수로 731 (장항동)";"";"31";"";"A02";"A0207";"A02070200";"1389831";"15";"20110921023222";"http://tong.visitkorea.or.kr/cms/resource/13/3011513_image2_1.jpg";"http://tong.visitkorea.or.kr/cms/resource/13/3011513_image3_1.jpg";"Type3";"126.7604631520";"37.6645195058";"6";"20240206130654";"2";"031-8008-9539";"선인장페스티벌";"10400";0
"용인시 처인구 양지면 남평로 73-6";"";"31";"";"B02";"B0201";"B02010900";"139026";"32";"20061214090000";"http://tong.visitkorea.or.kr/cms/resource/48/204048_image2_1.jpg";"http://tong.visitkorea.or.kr/cms/resource/48/204048_image3_1.jpg";"Type3";"127.2922298539";"37.2286823926";"6";"20231228094602";"23";"031-338-2122";"베네치아 모텔";"17161";0
"횡성군 둔내면 두원길 15-9";"";"32";"";"B02";"B0201";"B02010900";"139054";"32";"20061218090000";"http://tong.visitkorea.or.kr/cms/resource/18/1815518_image2_1.jpg";"http://tong.visitkorea.or.kr/cms/resource/18/1815518_image3_1.jpg";"Type3";"128.2436361227";"37.4961773648";"6";"20230702182330";"18";"033-344-3579";"뉴월드";"25263";0
"포천시 내촌면 금강로2606번길 23";"";"31";"";"B02";"B0201";"B02010900";"139069";"32";"20061218090000";"http://tong.visitkorea.or.kr/cms/resource/82/204682_image2_1.jpg";"http://tong.visitkorea.or.kr/cms/resource/82/204682_image3_1.jpg";"Type3";"127.2461565494";"37.8015067567";"6";"20231012145257";"29";"031-532-2737";"녹천모텔";"11188";0
"장흥군 회진면 노력도1길 215";"";"38";"0";"A01";"A0101";"A01011300";"1390976";"12";"20110922231531";"http://tong.visitkorea.or.kr/cms/resource/01/1374001_image2_1.jpg";"http://tong.visitkorea.or.kr/cms/resource/01/1374001_image3_1.jpg";"Type3";"126.9663534981";"34.4649217969";"6";"20231207194035";"20";"";"노력도";"59359";0
"평창군 봉평면 버들개길 80-11";"";"32";"";"B02";"B0201";"B02010700";"139151";"32";"20070125090000";"http://tong.visitkorea.or.kr/cms/resource/85/1843385_image2_1.jpg";"http://tong.visitkorea.or.kr/cms/resource/85/1843385_image3_1.jpg";"Type3";"128.3898884120";"37.5359560931";"6";"20230831171952";"15";"033-333-9980";"산내들펜션";"25311";0
"인제군 기린면 방태산길 200";"";"32";"";"B02";"B0201";"B02010700";"139171";"32";"20070129090000";"http://tong.visitkorea.or.kr/cms/resource/85/1843085_image2_1.jpg";"http://tong.visitkorea.or.kr/cms/resource/85/1843085_image3_1.jpg";"Type3";"128.3858573274";"37.9324656329";"6";"20230702184600";"10";"033-463-2956";"들꽃나라펜션";"24656";0
"경주시 불국신택지6길 9";"";"35";"";"B02";"B0201";"B02010600";"139204";"32";"20070206090000";"http://tong.visitkorea.or.kr/cms/resource/91/1885891_image2_1.jpg";"http://tong.visitkorea.or.kr/cms/resource/91/1885891_image3_1.jpg";"Type3";"129.3276257935";"35.7846821981";"6";"20240409092920";"2";"054-772-6666";"경주황룡유스호스텔";"38127";0
"정선군 사북읍 소금강로 3489";"";"32";"";"B02";"B0201";"B02010900";"139224";"32";"20070212090000";"http://tong.visitkorea.or.kr/cms/resource/20/207320_image2_1.jpg";"http://tong.visitkorea.or.kr/cms/resource/20/207320_image3_1.jpg";"Type3";"128.8420903297";"37.2294806274";"6";"20230702183055";"11";"033-592-9923";"갤럭시 모텔";"26150";0
"동구 등대로 110";"";"7";"0";"A01";"A0101";"A01010500";"1394298";"12";"20110930232513";"http://tong.visitkorea.or.kr/cms/resource/38/1353138_image2_1.jpg";"http://tong.visitkorea.or.kr/cms/resource/38/1353138_image3_1.jpg";"Type3";"129.4388882995";"35.4911006709";"6";"20231227133004";"3";"";"대왕암 송림";"44058";0
"성북구 성북로29길 24";"(성북동)";"1";"0";"A02";"A0201";"A02010400";"1395466";"12";"20111005024447";"http://tong.visitkorea.or.kr/cms/resource/93/2622293_image2_1.jpg";"http://tong.visitkorea.or.kr/cms/resource/93/2622293_image3_1.jpg";"Type3";"126.9916690530";"37.5936180016";"6";"20230705154824";"17";"";"만해한용운심우장";"02879";0
"무안군 현경면 신정길 101";"";"38";"";"B02";"B0201";"B02010700";"139615";"32";"20070507090000";"http://tong.visitkorea.or.kr/cms/resource/52/1608352_image2_1.jpg";"http://tong.visitkorea.or.kr/cms/resource/52/1608352_image3_1.jpg";"Type3";"126.3421023413";"35.0622220626";"6";"20230602160656";"9";"061-453-0730";"바람의 바다 펜션";"58509";0
"무안군 망운면 톱머리길 118";"";"38";"";"B02";"B0201";"B02010700";"139650";"32";"20070509090000";"http://tong.visitkorea.or.kr/cms/resource/43/1608343_image2_1.jpg";"http://tong.visitkorea.or.kr/cms/resource/43/1608343_image3_1.jpg";"Type3";"126.3819259926";"34.9725134055";"6";"20231227143242";"9";"061-454-7878";"무안톱관광펜션";"58534";0
"보성군 득량면 개울고개길 246-18";"";"38";"";"B02";"B0201";"B02010700";"139653";"32";"20070514090000";"http://tong.visitkorea.or.kr/cms/resource/25/1972225_image2_1.jpg";"http://tong.visitkorea.or.kr/cms/resource/25/1972225_image3_1.jpg";"Type3";"127.1906790067";"34.7736631807";"6";"20231222152408";"10";"061-853-8585";"보성 그린티하우스";"59436";0
"거제시 일운면 거제대로 1988-10";"";"36";"";"B02";"B0201";"B02010700";"139689";"32";"20070517090000";"http://tong.visitkorea.or.kr/cms/resource/73/2436173_image2_1.jpg";"http://tong.visitkorea.or.kr/cms/resource/73/2436173_image2_1.jpg";"Type3";"128.6835031689";"34.8115239389";"6";"20240417104523";"1";"010-9239-6343";"거제도섬마을펜션";"53329";0
"보성군 회천면 남부관광로 2319-8";"";"38";"";"B02";"B0201";"B02010700";"139787";"32";"20070712090000";"http://tong.visitkorea.or.kr/cms/resource/53/218253_image2_1.jpg";"http://tong.visitkorea.or.kr/cms/resource/53/218253_image2_1.jpg";"Type3";"127.0861462829";"34.6710257106";"6";"20231116152724";"10";"061-853-7754";"녹차향펜션";"59471";0
"강화군 길상면 전등사로 37-41";"";"2";"";"A02";"A0207";"A02070200";"1398149";"15";"20111008035738";"http://tong.visitkorea.or.kr/cms/resource/44/2857144_image2_1.JPG";"http://tong.visitkorea.or.kr/cms/resource/44/2857144_image3_1.JPG";"Type3";"126.4843809763";"37.6321461675";"6";"20230926105221";"1";"032-937-0125";"삼랑성역사문화축제";"23050";0
"삼척시 대학로 49-9";"";"32";"";"B02";"B0201";"B02010900";"139835";"32";"20070713090000";"http://tong.visitkorea.or.kr/cms/resource/48/3071048_image2_1.jpg";"http://tong.visitkorea.or.kr/cms/resource/48/3071048_image3_1.jpg";"Type3";"129.1629328225";"37.4454814409";"6";"20231215142024";"4";"033-574-2543<br />033-574-2539";"라벤다모텔";"25916";0
"제주시 곽지1길 23 마레보비치호텔";"";"39";"";"B02";"B0201";"B02010100";"139860";"32";"20070801090000";"http://tong.visitkorea.or.kr/cms/resource/53/561753_image2_1.jpg";"http://tong.visitkorea.or.kr/cms/resource/53/561753_image3_1.jpg";"Type3";"126.3041378290";"33.4481853609";"6";"20230824145055";"4";"064-799-2345";"마레보 비치호텔";"63034";0
"양평군 단월면 윗고북길 57";"";"31";"";"B02";"B0201";"B02010700";"139864";"32";"20070807090000";"http://tong.visitkorea.or.kr/cms/resource/89/1893189_image2_1.jpg";"http://tong.visitkorea.or.kr/cms/resource/89/1893189_image3_1.jpg";"Type3";"127.5822016198";"37.5876155512";"6";"20230705164136";"19";"010-8719-6790";"산음펜션";"12527";0
"양산시 원동면 청수골길 14";"";"36";"";"B02";"B0201";"B02010700";"139905";"32";"20070809090000";"http://tong.visitkorea.or.kr/cms/resource/16/220216_image2_1.jpg";"http://tong.visitkorea.or.kr/cms/resource/16/220216_image3_1.jpg";"Type3";"129.0081694902";"35.5211531119";"6";"20231213132026";"10";"055-363-2053";"다인빌펜션";"50500";0
"거제시 동부면 고촌길 29";"";"36";"";"B02";"B0201";"B02010700";"139907";"32";"20070809090000";"http://tong.visitkorea.or.kr/cms/resource/59/220059_image2_1.jpg";"http://tong.visitkorea.or.kr/cms/resource/59/220059_image3_1.jpg";"Type3";"128.6477682127";"34.7802406776";"6";"20231214174456";"1";"055-636-3366";"바다추억";"53332";0
"진안군 백운면 백장로 407";"";"37";"";"B02";"B0201";"B02010700";"139916";"32";"202401181743";"http://tong.visitkorea.or.kr/cms/resource/83/220283_image2_1.jpg";"http://tong.visitkorea.or.kr/cms/resource/83/220283_image3_1.jpg";"Type3";"127.4212859669";"35.6613392033";"6";"20240118174312";"14";"063-433-4978";"데미샘바우펜션";"55456";0
"문경시 문경읍 상초리";"352-8";"35";"";"A02";"A0207";"A02070200";"1399567";"15";"20111012025106";"http://tong.visitkorea.or.kr/cms/resource/83/3010883_image2_1.jpg";"http://tong.visitkorea.or.kr/cms/resource/83/3010883_image3_1.jpg";"Type3";"128.0761197979";"36.7609255595";"6";"20240206130654";"7";"054-571-7677";"문경약돌 한우축제";"36919";0
"서산시 남문2로 143 해미읍성";"";"34";"";"A02";"A0207";"A02070100";"140752";"15";"20050329090000";"http://tong.visitkorea.or.kr/cms/resource/37/2997137_image2_1.png";"http://tong.visitkorea.or.kr/cms/resource/37/2997137_image3_1.png";"Type3";"126.5503944175";"36.7136037541";"6";"20240206130654";"7";"041-660-2697";"서산해미읍성축제";"31960";0
"사상구 삼락동";"";"6";"";"A02";"A0207";"A02070100";"140799";"15";"20050519090000";"http://tong.visitkorea.or.kr/cms/resource/36/2988136_image2_1.png";"http://tong.visitkorea.or.kr/cms/resource/36/2988136_image3_1.png";"Type3";"128.9682186811";"35.1728970354";"6";"20240312174355";"9";"051-713-5000";"부산국제록페스티벌";"46907";0
"서산시 고북면 복남골길 31-1";"국화정원 및 전시관";"34";"";"A02";"A0207";"A02070200";"1409443";"15";"20111020223327";"http://tong.visitkorea.or.kr/cms/resource/87/2873087_image2_1.JPG";"http://tong.visitkorea.or.kr/cms/resource/87/2873087_image3_1.JPG";"Type3";"126.5362774245";"36.6694113795";"6";"20231026161736";"7";"041-660-3936";"서산국화축제";"32027";0
"광양시 다압면 지막1길 55";"";"38";"";"A02";"A0207";"A02070200";"141020";"15";"20060203090000";"http://tong.visitkorea.or.kr/cms/resource/35/3094835_image2_1.jpg";"http://tong.visitkorea.or.kr/cms/resource/35/3094835_image3_1.jpg";"Type3";"127.7164723947";"35.0758049399";"6";"20240214165341";"4";"061-797-2721";"광양 매화축제";"57709";0
"괴산군 임꺽정로 113";"";"33";"";"A02";"A0207";"A02070100";"141234";"15";"20060821090000";"http://tong.visitkorea.or.kr/cms/resource/77/2997377_image2_1.png";"http://tong.visitkorea.or.kr/cms/resource/77/2997377_image3_1.png";"Type3";"127.7834944865";"36.8147417924";"6";"20240206130654";"1";"043-830-3463";"괴산고추축제";"28027";0
"진천군 진천읍 읍내리";"165번지 진천읍 백곡천 둔치";"33";"";"A02";"A0207";"A02070200";"141236";"15";"20060822090000";"http://tong.visitkorea.or.kr/cms/resource/76/3007376_image2_1.jpg";"http://tong.visitkorea.or.kr/cms/resource/76/3007376_image3_1.jpg";"Type3";"127.4462152179";"36.8589417083";"6";"20240206130654";"8";"043-533-2742 / 2744";"생거진천문화축제";"27831";0
"서귀포시 표선면 녹산로 381-17";"";"39";"";"A02";"A0207";"A02070200";"141736";"15";"20070409090000";"http://tong.visitkorea.or.kr/cms/resource/91/2952391_image2_1.jpg";"http://tong.visitkorea.or.kr/cms/resource/91/2952391_image2_1.jpg";"Type3";"126.7356684832";"33.3834771540";"6";"20240307152301";"3";"064-760-3942";"서귀포유채꽃축제";"63622";0
"고양시 일산동구 호수로 595";"";"31";"";"A02";"A0207";"A02070200";"141799";"15";"20070424090000";"http://tong.visitkorea.or.kr/cms/resource/56/3104456_image2_1.jpg";"http://tong.visitkorea.or.kr/cms/resource/56/3104456_image3_1.jpg";"Type3";"126.7686849202";"37.6539736577";"6";"20240401164355";"2";"031-908-7750";"고양국제꽃박람회";"10400";0
"봉화군 봉화읍 내성리";"";"35";"";"A02";"A0207";"A02070200";"142064";"15";"20070706090000";"http://tong.visitkorea.or.kr/cms/resource/78/2990878_image2_1.png";"http://tong.visitkorea.or.kr/cms/resource/78/2990878_image3_1.png";"Type3";"128.7368265408";"36.8885482998";"6";"20240312173026";"8";"054-674-3053";"봉화은어축제";"36238";0
"사하구 다대동";"부산광역시 다대포 해수욕장, 해운대 해수욕장 일원";"6";"";"A02";"A0207";"A02070200";"142080";"15";"20070711090000";"http://tong.visitkorea.or.kr/cms/resource/19/2993619_image2_1.png";"http://tong.visitkorea.or.kr/cms/resource/19/2993619_image3_1.png";"Type3";"128.9662722778";"35.0469166609";"6";"20240206130654";"10";"051-713-5032";"부산바다축제";"49524";0
"강남구 도산대로 205";"(신사동)";"1";"";"B02";"B0201";"B02010100";"142712";"32";"20040426090000";"http://tong.visitkorea.or.kr/cms/resource/14/1358914_image2_1.jpg";"http://tong.visitkorea.or.kr/cms/resource/14/1358914_image3_1.jpg";"Type3";"127.0287871848";"37.5206271494";"6";"20230704164130";"1";"02-548-8222";"서울 선샤인호텔";"06026";0
"중구 명동길 61";"(명동1가)";"1";"";"B02";"B0201";"B02010100";"142723";"32";"20030807090000";"http://tong.visitkorea.or.kr/cms/resource/50/2815050_image2_1.jpg";"http://tong.visitkorea.or.kr/cms/resource/50/2815050_image2_1.jpg";"Type3";"126.9858787417";"37.5644379556";"6";"20240307162353";"24";"02-756-1112";"로얄호텔서울";"04538";0
"중구 을지로 30 롯데호텔";"";"1";"";"B02";"B0201";"B02010100";"142729";"32";"20030806090000";"http://tong.visitkorea.or.kr/cms/resource/56/2607356_image2_1.png";"http://tong.visitkorea.or.kr/cms/resource/56/2607356_image2_1.png";"Type3";"126.9810458210";"37.5654016461";"6";"20240412131710";"24";"02-771-1000";"롯데호텔서울";"04533";0
"중구 동호로 249";"(장충동2가)";"1";"";"B02";"B0201";"B02010100";"142734";"32";"20060622090000";"http://tong.visitkorea.or.kr/cms/resource/45/1903045_image2_1.jpg";"http://tong.visitkorea.or.kr/cms/resource/45/1903045_image3_1.jpg";"Type3";"127.0051688913";"37.5559337349";"6";"20240307171350";"24";"02-2233-3131";"서울신라호텔";"04605";0
"중구 세종대로22길 16";"";"1";"";"B02";"B0201";"B02010100";"142740";"32";"20030806090000";"http://tong.visitkorea.or.kr/cms/resource/37/2534437_image2_1.jpg";"http://tong.visitkorea.or.kr/cms/resource/37/2534437_image2_1.jpg";"Type3";"126.9781960083";"37.5679762959";"6";"20230705143136";"24";"02-735-8800";"뉴서울호텔";"04520";0
"중구 명동9가길 14";"";"1";"";"B02";"B0201";"B02010100";"142747";"32";"20031222090000";"http://tong.visitkorea.or.kr/cms/resource/24/2488124_image2_1.jpg";"http://tong.visitkorea.or.kr/cms/resource/24/2488124_image2_1.jpg";"Type3";"126.9837622461";"37.5651989407";"6";"20230531154402";"24";"02-752-1112";"메트로호텔";"04534";0
"중구 을지로38길 20";"(을지로5가)";"1";"";"B02";"B0201";"B02010100";"142763";"32";"20031226090000";"http://tong.visitkorea.or.kr/cms/resource/07/1371507_image2_1.jpg";"http://tong.visitkorea.or.kr/cms/resource/07/1371507_image3_1.jpg";"Type3";"127.0033243330";"37.5658881006";"6";"20231215162136";"24";"02-2265-6131";"뉴천지호텔";"04561";0
"송파구 올림픽로 240 롯데월드";"";"1";"";"B02";"B0201";"B02010100";"142766";"32";"20030807090000";"http://tong.visitkorea.or.kr/cms/resource/51/1180751_image2_1.jpg";"http://tong.visitkorea.or.kr/cms/resource/51/1180751_image3_1.jpg";"Type3";"127.0976311526";"37.5123821225";"6";"20231210155328";"18";"02-419-7000";"롯데호텔 월드";"05554";0
"연수구 능허대로267번길 29";"";"2";"";"B02";"B0201";"B02010100";"142801";"32";"20030319090000";"http://tong.visitkorea.or.kr/cms/resource/75/1577575_image2_1.jpg";"http://tong.visitkorea.or.kr/cms/resource/75/1577575_image3_1.jpg";"Type3";"126.6554241786";"37.4142550819";"6";"20230906165605";"8";"032-832-2000";"라마다송도호텔";"21944";0
"이천시 중리천로115번길 45";"";"31";"";"B02";"B0201";"B02010100";"142802";"32";"20130405021749";"http://tong.visitkorea.or.kr/cms/resource/70/2042170_image2_1.jpg";"http://tong.visitkorea.or.kr/cms/resource/70/2042170_image2_1.jpg";"Type3";"127.4507474888";"37.2763769709";"6";"20230829101822";"26";"031-639-5000";"미란다 호텔";"17372";0
"평창군 대관령면 올림픽로 715";"";"32";"";"B02";"B0201";"B02010100";"142814";"32";"20031219090000";"http://tong.visitkorea.or.kr/cms/resource/58/2763758_image2_1.jpg";"http://tong.visitkorea.or.kr/cms/resource/58/2763758_image2_1.jpg";"Type3";"128.7055231540";"37.6509516248";"6";"20230702180800";"15";"033-330-7111";"드래곤밸리 호텔";"25352";0
"동해시 평릉길 1";"";"32";"";"B02";"B0201";"B02010100";"142819";"32";"20040223090000";"http://tong.visitkorea.or.kr/cms/resource/60/3013660_image2_1.jpg";"http://tong.visitkorea.or.kr/cms/resource/60/3013660_image3_1.jpg";"Type3";"129.1030801380";"37.5263487322";"6";"20230921101520";"3";"033-533-9215";"뉴 동해 관광호텔";"25750";0
"충주시 호암대로 8";"(호암동)";"33";"";"B02";"B0201";"B02010100";"142839";"32";"20030807090000";"http://tong.visitkorea.or.kr/cms/resource/27/1848227_image2_1.jpg";"http://tong.visitkorea.or.kr/cms/resource/27/1848227_image3_1.jpg";"Type3";"127.9268136349";"36.9590806079";"6";"20230602154058";"11";"043-848-9900";"더베이스";"27480";0
"중구 광복로97번길 23";"(동광동2가)";"6";"";"B02";"B0201";"B02010100";"142855";"32";"20031223090000";"http://tong.visitkorea.or.kr/cms/resource/01/2024301_image2_1.jpg";"http://tong.visitkorea.or.kr/cms/resource/01/2024301_image2_1.jpg";"Type3";"129.0346565455";"35.1003313844";"6";"20231019162513";"15";"051-241-4301";"부산관광호텔";"48951";0
"동구 중앙대로214번길 7";"";"6";"";"B02";"B0201";"B02010100";"142874";"32";"20040705090000";"http://tong.visitkorea.or.kr/cms/resource/88/1346188_image2_1.jpg";"http://tong.visitkorea.or.kr/cms/resource/88/1346188_image3_1.jpg";"Type3";"129.0413666394";"35.1162158418";"6";"20231228094312";"5";"051-464-3141";"광장호텔";"48733";0
"수성구 동대구로 305";"";"4";"";"B02";"B0201";"B02010100";"142884";"32";"20031223090000";"http://tong.visitkorea.or.kr/cms/resource/45/1345945_image2_1.jpg";"http://tong.visitkorea.or.kr/cms/resource/45/1345945_image3_1.jpg";"Type3";"128.6251881746";"35.8576997042";"6";"20231227165338";"7";"053-742-0001";"대구그랜드호텔";"42117";0
"장성군 북하면 백양로 941";"";"38";"";"B02";"B0201";"B02010100";"142938";"32";"20060216090000";"http://tong.visitkorea.or.kr/cms/resource/89/1371589_image2_1.jpg";"http://tong.visitkorea.or.kr/cms/resource/89/1371589_image3_1.jpg";"Type3";"126.8813819635";"35.4111304829";"6";"20240227142700";"19";"061-392-2114";"백양관광호텔";"57205";0
"제주시 노연로 80";"";"39";"";"B02";"B0201";"B02010100";"142957";"32";"20030310090000";"http://tong.visitkorea.or.kr/cms/resource/59/2476659_image2_1.jpg";"http://tong.visitkorea.or.kr/cms/resource/59/2476659_image2_1.jpg";"Type3";"126.4889153601";"33.4856341402";"6";"20240229173747";"4";"";"메종글래드 제주";"63132";0
"서귀포시 칠십리로 242";"";"39";"";"B02";"B0201";"B02010100";"142965";"32";"20060619090000";"http://tong.visitkorea.or.kr/cms/resource/28/197428_image2_1.jpg";"http://tong.visitkorea.or.kr/cms/resource/28/197428_image3_1.jpg";"Type3";"126.5808072727";"33.2443539282";"6";"20231026153710";"3";"064-733-2001";"서귀포KAL호텔";"63599";0
"거제시 거제중앙로 1898-5";"";"36";"";"B02";"B0201";"B02010100";"142984";"32";"20031223090000";"http://tong.visitkorea.or.kr/cms/resource/39/1981439_image2_1.jpg";"http://tong.visitkorea.or.kr/cms/resource/39/1981439_image3_1.jpg";"Type3";"128.6239840921";"34.8880476491";"6";"20230704165223";"1";"055-632-7002";"거제관광호텔";"53251";0
"단양군 단양읍 삼봉로 31";"";"33";"";"B02";"B0201";"B02010100";"142985";"32";"20031219090000";"http://tong.visitkorea.or.kr/cms/resource/37/1595337_image2_1.jpg";"http://tong.visitkorea.or.kr/cms/resource/37/1595337_image3_1.jpg";"Type3";"128.3481446390";"36.9820885696";"6";"20231229170730";"2";"043-423-7070";"단양관광호텔";"27013";0
"부산진구 가야대로 772";"";"6";"";"B02";"B0201";"B02010100";"142998";"32";"20030602090000";"http://tong.visitkorea.or.kr/cms/resource/02/3019302_image2_1.jpg";"http://tong.visitkorea.or.kr/cms/resource/02/3019302_image3_1.jpg";"Type3";"129.0541782189";"35.1599500699";"6";"20231013091849";"7";"051-810-1000";"롯데호텔 부산";"47285";0
"고창군 아산면 중촌길 21";"";"37";"";"B02";"B0201";"B02010900";"143000";"32";"20030619090000";"http://tong.visitkorea.or.kr/cms/resource/22/1603022_image2_1.jpg";"http://tong.visitkorea.or.kr/cms/resource/22/1603022_image3_1.jpg";"Type3";"126.5849948492";"35.5037066416";"6";"20240118110522";"1";"063-561-3377<br />063-561-4801";"선운산호텔";"56452";0
"동구 지호로164번길 14-10";"(지산동)";"5";"";"B02";"B0201";"B02010100";"143002";"32";"20030807090000";"http://tong.visitkorea.or.kr/cms/resource/99/1371299_image2_1.jpg";"http://tong.visitkorea.or.kr/cms/resource/99/1371299_image3_1.jpg";"Type3";"126.9468605604";"35.1487446022";"6";"20240227155312";"3";"062-226-0011, 062-221-2700";"무등파크호텔";"61447";0
"김천시 대항면 황학동길 35-23";"";"35";"";"B02";"B0201";"B02010100";"143003";"32";"20030806090000";"http://tong.visitkorea.or.kr/cms/resource/61/1893561_image2_1.jpg";"http://tong.visitkorea.or.kr/cms/resource/61/1893561_image3_1.jpg";"Type3";"128.0169236874";"36.1160259279";"6";"20231107173501";"6";"054-437-8000";"김천파크 관광호텔";"39565";0
"종로구 평창문화로 136";"(평창동)";"1";"";"B02";"B0201";"B02010100";"143005";"32";"20031222090000";"http://tong.visitkorea.or.kr/cms/resource/22/1867622_image2_1.jpg";"http://tong.visitkorea.or.kr/cms/resource/22/1867622_image3_1.jpg";"Type3";"126.9751367762";"37.6095047467";"6";"20230823173119";"23";"02-379-0520";"동화킴스관광호텔";"03010";0
"평택시 평택5로76번길 18-10";"";"31";"";"B02";"B0201";"B02010100";"143017";"32";"20030806090000";"http://tong.visitkorea.or.kr/cms/resource/83/1942883_image2_1.jpg";"http://tong.visitkorea.or.kr/cms/resource/83/1942883_image3_1.jpg";"Type3";"127.1128582139";"36.9932008224";"6";"20231025133555";"28";"0507-1396-7702";"가보호텔";"17885";0
"강서구 방화대로21길 94";"";"1";"";"B02";"B0201";"B02010100";"143066";"32";"20031210090000";"http://tong.visitkorea.or.kr/cms/resource/79/3021879_image2_1.jpg";"http://tong.visitkorea.or.kr/cms/resource/79/3021879_image3_1.jpg";"Type3";"126.8194860451";"37.5478813500";"6";"20231031175200";"4";"02-2660-9000";"메이필드호텔";"07616";0
"유성구 계룡로141번길 21";"";"3";"";"B02";"B0201";"B02010100";"143076";"32";"20030916090000";"http://tong.visitkorea.or.kr/cms/resource/56/1346056_image2_1.jpg";"http://tong.visitkorea.or.kr/cms/resource/56/1346056_image3_1.jpg";"Type3";"127.3459186621";"36.3535729050";"6";"20230610055110";"4";"042-229-8000";"레전드호텔";"34187";0
"목포시 평화로 79";"(상동)";"38";"";"B02";"B0201";"B02010100";"143092";"32";"20040309090000";"http://tong.visitkorea.or.kr/cms/resource/37/1972237_image2_1.jpg";"http://tong.visitkorea.or.kr/cms/resource/37/1972237_image3_1.jpg";"Type3";"126.4334090151";"34.7971395801";"6";"20240412132433";"8";"061-285-0100";"샹그리아비치호텔";"58747";0
"안양시 만안구 장내로139번길 7";"";"31";"";"B02";"B0201";"B02010100";"143100";"32";"20040428090000";"http://tong.visitkorea.or.kr/cms/resource/18/1336918_image2_1.jpg";"http://tong.visitkorea.or.kr/cms/resource/18/1336918_image3_1.jpg";"Type3";"126.9226530689";"37.3982005717";"6";"20231023164901";"17";"031-448-6671";"삼원프라자호텔";"13992";0
"서구 상무연하로 46";"";"5";"";"B02";"B0201";"B02010100";"143103";"32";"20040630090000";"http://tong.visitkorea.or.kr/cms/resource/36/1371336_image2_1.jpg";"http://tong.visitkorea.or.kr/cms/resource/36/1371336_image3_1.jpg";"Type3";"126.8505273214";"35.1522870190";"6";"20230914104943";"5";"062-382-7700";"마스터스관광호텔";"61949";0
"군산시 한밭안길 30";"";"37";"";"B02";"B0201";"B02010100";"143116";"32";"20050324090000";"http://tong.visitkorea.or.kr/cms/resource/75/1603775_image2_1.jpg";"http://tong.visitkorea.or.kr/cms/resource/75/1603775_image3_1.jpg";"Type3";"126.6928347529";"35.9585094692";"6";"20240411134912";"2";"063-468-4681";"리츠프라자호텔";"54146";0
"거제시 장평3로 80-37";"";"36";"";"B02";"B0201";"B02010100";"143125";"32";"20060207090000";"http://tong.visitkorea.or.kr/cms/resource/78/1609978_image2_1.jpg";"http://tong.visitkorea.or.kr/cms/resource/78/1609978_image3_1.jpg";"Type3";"128.6123460004";"34.8961937511";"6";"20231023164617";"1";"055-631-2114";"거제삼성호텔";"53261";0
"문경시 문경읍 새재2길 32-11";"";"35";"";"B02";"B0201";"B02010100";"143126";"32";"20060208090000";"http://tong.visitkorea.or.kr/cms/resource/13/1068913_image2_1.jpg";"http://tong.visitkorea.or.kr/cms/resource/13/1068913_image3_1.jpg";"Type3";"128.0783640351";"36.7611339103";"6";"20240417131727";"7";"054-571-8001";"문경관광호텔";"36919";0
"강서구 양천로 743";"";"1";"";"B02";"B0201";"B02010100";"143130";"32";"20060901090000";"http://tong.visitkorea.or.kr/cms/resource/54/1805454_image2_1.jpg";"http://tong.visitkorea.or.kr/cms/resource/54/1805454_image3_1.jpg";"Type3";"126.8786333892";"37.5492794642";"6";"20231026152850";"4";"02-3660-4000";"나이아가라호텔";"07539";0
"부천시 길주로 66";"";"31";"";"B02";"B0201";"B02010100";"143138";"32";"20070406090000";"http://tong.visitkorea.or.kr/cms/resource/78/1336578_image2_1.jpg";"http://tong.visitkorea.or.kr/cms/resource/78/1336578_image3_1.jpg";"Type3";"126.7495491678";"37.5054905901";"6";"20231016140947";"11";"032-329-0001";"고려호텔";"14544";0
"괴산군 괴산읍 역말길 22";"";"33";"0";"A02";"A0201";"A02010800";"1431823";"12";"20111109192158";"http://tong.visitkorea.or.kr/cms/resource/09/731009_image2_1.jpg";"http://tong.visitkorea.or.kr/cms/resource/09/731009_image3_1.jpg";"Type3";"127.7947184742";"36.8149253105";"6";"20240202140747";"1";"";"개심사(괴산)";"28025";0
"괴산군 괴산읍 향교길 23";"";"33";"0";"A02";"A0201";"A02010100";"1433438";"12";"20111111013000";"http://tong.visitkorea.or.kr/cms/resource/28/1595228_image2_1.jpg";"http://tong.visitkorea.or.kr/cms/resource/28/1595228_image3_1.jpg";"Type3";"127.7923993679";"36.8103313512";"6";"20240202151735";"1";"";"괴산동헌";"28027";0
"괴산군 청천면 화양동길 188";"";"33";"0";"A02";"A0201";"A02010700";"1436057";"12";"20111114221645";"http://tong.visitkorea.or.kr/cms/resource/77/2517177_image2_1.jpg";"http://tong.visitkorea.or.kr/cms/resource/77/2517177_image2_1.jpg";"Type3";"127.8110766728";"36.6689312511";"6";"20231211135412";"1";"";"괴산 송시열 유적";"28059";0
"괴산군 청천면 청천4길 17";"";"33";"0";"A02";"A0201";"A02010400";"1437090";"12";"20111115220918";"http://tong.visitkorea.or.kr/cms/resource/89/2720389_image2_1.jpg";"http://tong.visitkorea.or.kr/cms/resource/89/2720389_image2_1.jpg";"Type3";"127.7382722804";"36.6618001905";"6";"20230828154417";"1";"";"괴산 송병일 고택";"28063";0
"용산구 이태원로 294";"";"1";"0";"A02";"A0206";"A02060600";"1439094";"14";"20111117230107";"http://tong.visitkorea.or.kr/cms/resource/77/1805577_image2_1.jpg";"http://tong.visitkorea.or.kr/cms/resource/77/1805577_image3_1.jpg";"Type3";"127.0024584540";"37.5408548829";"6";"20231206135938";"21";"";"블루스퀘어";"04399";0
"고창군 아산면 선운사로 250";"";"37";"1";"A02";"A0201";"A02010800";"147548";"12";"20031113090000";"http://tong.visitkorea.or.kr/cms/resource/05/1603705_image2_1.jpg";"http://tong.visitkorea.or.kr/cms/resource/05/1603705_image3_1.jpg";"Type3";"126.5795288186";"35.4977377835";"6";"20240326133909";"1";"";"선운사(고창)";"56452";0
"전주시 완산구 태조로 44";"(풍남동3가)";"37";"0";"A02";"A0201";"A02010100";"147656";"12";"20040203090000";"http://tong.visitkorea.or.kr/cms/resource/80/2648780_image2_1.jpg";"http://tong.visitkorea.or.kr/cms/resource/80/2648780_image3_1.jpg";"Type3";"127.1498643734";"35.8152058871";"6";"20240322094116";"12";"";"경기전";"55042";0
"경주시 계림로 9";"(황남동)";"35";"0";"A02";"A0201";"A02010700";"1492402";"12";"20111214235812";"http://tong.visitkorea.or.kr/cms/resource/75/3029075_image2_1.jpg";"http://tong.visitkorea.or.kr/cms/resource/75/3029075_image3_1.jpg";"Type1";"129.2107205881";"35.8391849495";"6";"20240321145533";"2";"";"경주 대릉원 일원";"38165";0
"통영시 동충4길 51";"";"36";"";"B02";"B0201";"B02010900";"1498031";"32";"20111217030627";"http://tong.visitkorea.or.kr/cms/resource/55/1493455_image2_1.jpg";"http://tong.visitkorea.or.kr/cms/resource/55/1493455_image3_1.jpg";"Type3";"128.4238249566";"34.8419853191";"6";"20230919141533";"17";"055-643-3361";"모텔신라";"53054";0
"울주군 상북면 알프스온천2길 10";"";"7";"";"B02";"B0201";"B02010900";"1503294";"32";"20111221195106";"http://tong.visitkorea.or.kr/cms/resource/43/1502643_image2_1.jpg";"http://tong.visitkorea.or.kr/cms/resource/43/1502643_image3_1.jpg";"Type3";"129.0787735261";"35.5535452256";"6";"20230919180525";"5";"052-254-1700";"브이온천모텔";"44952";0
"고흥군 도화면 천마로 2736-29";"";"38";"";"B02";"B0201";"B02010100";"1507015";"32";"20111223003821";"http://tong.visitkorea.or.kr/cms/resource/55/1504455_image2_1.jpg";"http://tong.visitkorea.or.kr/cms/resource/55/1504455_image3_1.jpg";"Type3";"127.3531301266";"34.4905254297";"6";"20230525175429";"2";"061-832-0100";"빅토리아호텔";"59528";0
"무주군 무풍면 구천동로 289-55";"";"37";"";"B02";"B0201";"B02010700";"1511059";"32";"20111226203617";"http://tong.visitkorea.or.kr/cms/resource/84/1509884_image2_1.jpg";"http://tong.visitkorea.or.kr/cms/resource/84/1509884_image3_1.jpg";"Type3";"127.8221724685";"35.8771967946";"6";"20240118101121";"5";"063-322-8338";"무주네버랜드";"55563";0
"강남구 삼성로 340";"";"1";"";"A05";"A0502";"A05020200";"1515607";"39";"20111228212047";"http://tong.visitkorea.or.kr/cms/resource/95/1514395_image2_1.jpg";"http://tong.visitkorea.or.kr/cms/resource/95/1514395_image3_1.jpg";"Type3";"127.0595765768";"37.5019687584";"6";"20230330112341";"1";"0507-1322-3960";"그란구스또";"06186";0
"강화군 내가면 황청포구로443번길 82";"";"2";"";"A03";"A0303";"A03030500";"1516091";"28";"20111229000458";"http://tong.visitkorea.or.kr/cms/resource/76/3042376_image2_1.jpg";"http://tong.visitkorea.or.kr/cms/resource/76/3042376_image3_1.jpg";"Type3";"126.3647035503";"37.7141928345";"6";"20231117095129";"1";"";"강화도 황청낚시터";"23017";0
"태안군 이원면 내리";"";"34";"0";"A01";"A0101";"A01011200";"1532338";"12";"20120110224250";"http://tong.visitkorea.or.kr/cms/resource/95/2518195_image2_1.jpg";"http://tong.visitkorea.or.kr/cms/resource/95/2518195_image2_1.jpg";"Type3";"126.2933840276";"36.9349876614";"6";"20240417180239";"14";"";"꾸지나무골해수욕장";"32100";0
"태안군 이원면 내리";"";"34";"0";"A01";"A0101";"A01011200";"1532423";"12";"20120110230321";"http://tong.visitkorea.or.kr/cms/resource/99/2519899_image2_1.jpg";"http://tong.visitkorea.or.kr/cms/resource/99/2519899_image2_1.jpg";"Type3";"126.2924067266";"36.9204059972";"6";"20230426141412";"14";"";"사목해수욕장";"32100";0
"강서구 하늘길  77";"(방화동)";"1";"";"A04";"A0401";"A04010600";"1535690";"38";"20120112224759";"http://tong.visitkorea.or.kr/cms/resource/85/1570285_image2_1.jpg";"http://tong.visitkorea.or.kr/cms/resource/85/1570285_image3_1.jpg";"Type3";"126.8007428022";"37.5659844669";"6";"20230119113012";"4";"02-6116-4000";"롯데몰 김포공항";"07505";0
"양평군 지평면 부일길 101";"(지평면)";"31";"0";"A02";"A0203";"A02030100";"1553085";"12";"20120216000046";"http://tong.visitkorea.or.kr/cms/resource/63/2480263_image2_1.jpg";"http://tong.visitkorea.or.kr/cms/resource/63/2480263_image2_1.jpg";"Type3";"127.6140193424";"37.4517346633";"6";"20230217161904";"19";"";"가루매마을";"12544";0
"부산진구 동성로112번길 121-1";"송상현광장 및 부산시민공원 일원";"6";"";"A02";"A0207";"A02070200";"1553601";"15";"20120216221106";"http://tong.visitkorea.or.kr/cms/resource/21/2811021_image2_1.JPG";"http://tong.visitkorea.or.kr/cms/resource/21/2811021_image3_1.JPG";"Type3";"129.0669047455";"35.1651997173";"6";"20240315164247";"7";"051-867-0501";"부산연등회";"47236";0
"제주시 한림읍 광산로 942";"";"39";"0";"A02";"A0206";"A02060100";"1556005";"14";"20120220190244";"http://tong.visitkorea.or.kr/cms/resource/71/3053171_image2_1.jpg";"http://tong.visitkorea.or.kr/cms/resource/71/3053171_image3_1.jpg";"Type3";"126.3576659720";"33.3481028325";"6";"20231205171330";"4";"";"그리스신화박물관";"63021";0
"부안군 부안읍 별천지로 3";"부안 해뜰마루 지방정원";"37";"";"A02";"A0207";"A02070200";"1560363";"15";"20120228203446";"http://tong.visitkorea.or.kr/cms/resource/55/2646255_image2_1.JPG";"http://tong.visitkorea.or.kr/cms/resource/55/2646255_image2_1.JPG";"Type3";"126.7416641514";"35.7258451509";"6";"20240417170333";"6";"063-580-4774";"부안마실축제";"56317";0
"신안군 흑산면 김이수길 57";"";"38";"0";"A01";"A0101";"A01011300";"1560396";"12";"20120228231441";"http://tong.visitkorea.or.kr/cms/resource/76/1585276_image2_1.jpg";"http://tong.visitkorea.or.kr/cms/resource/76/1585276_image3_1.jpg";"Type3";"125.4642575694";"34.7290511565";"6";"20230610075623";"12";"";"대둔도";"58863";0
"공주시 계룡면 보목고개로 393";"기찬마루";"34";"";"A02";"A0207";"A02070200";"1561290";"15";"20120302195654";"http://tong.visitkorea.or.kr/cms/resource/55/3111255_image2_1.jpg";"http://tong.visitkorea.or.kr/cms/resource/55/3111255_image3_1.jpg";"Type3";"127.1772898465";"36.3337444187";"6";"20240326093629";"1";"010-5807-4344";"계룡산 산신제";"32619";0
"남상면 무촌리 산295번지 일원(신원면 구사리 산12-1 인근)";"";"36";"0";"A01";"A0101";"A01010400";"1576464";"12";"20120323200137";"http://tong.visitkorea.or.kr/cms/resource/05/2860205_image2_1.jpg";"http://tong.visitkorea.or.kr/cms/resource/05/2860205_image3_1.jpg";"Type3";"127.9295566252";"35.5964221995";"6";"20230915154811";"2";"055-940-3396";"감악산(거창)";"50153";0
"거창군 위천면 은하리길 100";"";"36";"0";"A02";"A0201";"A02010700";"1578958";"12";"20120327031803";"http://tong.visitkorea.or.kr/cms/resource/03/1954903_image2_1.jpg";"http://tong.visitkorea.or.kr/cms/resource/03/1954903_image3_1.jpg";"Type3";"127.8309664506";"35.7622516612";"6";"20231207174630";"2";"";"거창 요수정";"50103";0
"무주군 무풍면 지성길 119";"(무풍면)";"37";"0";"A02";"A0201";"A02010700";"1580147";"12";"20120327232740";"http://tong.visitkorea.or.kr/cms/resource/33/1606533_image2_1.jpg";"http://tong.visitkorea.or.kr/cms/resource/33/1606533_image3_1.jpg";"Type3";"127.8574727941";"35.9548552709";"6";"20240118095735";"5";"";"분양서원";"55560";0
"무주군 무풍면 북리길 40";"(무풍면)";"37";"0";"A02";"A0201";"A02010700";"1580198";"12";"202401181743";"http://tong.visitkorea.or.kr/cms/resource/25/1606525_image2_1.jpg";"http://tong.visitkorea.or.kr/cms/resource/25/1606525_image3_1.jpg";"Type3";"127.8487897699";"35.9718309636";"6";"20240118174312";"5";"";"백산서원(무주)";"55559";0
"무주군 설천면 양지길 92-38";"(설천면)";"37";"0";"A02";"A0201";"A02010800";"1581045";"12";"202401181743";"http://tong.visitkorea.or.kr/cms/resource/22/3064622_image2_1.JPG";"http://tong.visitkorea.or.kr/cms/resource/22/3064622_image3_1.JPG";"Type3";"127.7853446231";"36.0004793474";"6";"20240118174312";"5";"";"관음사(무주)";"55548";0
"임실군 강진면 호국로 420";"";"37";"0";"A02";"A0201";"A02011000";"1586632";"12";"20120330225444";"http://tong.visitkorea.or.kr/cms/resource/30/2726630_image2_1.jpg";"http://tong.visitkorea.or.kr/cms/resource/30/2726630_image2_1.jpg";"Type3";"127.1895732782";"35.5507893785";"6";"20240322100418";"10";"";"국립임실호국원";"55938";0
"전주시 완산구 전동성당길 8";"";"37";"0";"A02";"A0206";"A02060100";"1587301";"14";"20120331024937";"http://tong.visitkorea.or.kr/cms/resource/79/2040779_image2_1.jpg";"http://tong.visitkorea.or.kr/cms/resource/79/2040779_image3_1.jpg";"Type3";"127.1484810753";"35.8185610364";"6";"20240118112211";"12";"";"루이엘모자박물관";"55039";0
"고흥군 봉래면 하반로 490";"";"38";"";"A02";"A0207";"A02070200";"1591019";"15";"20120404023956";"http://tong.visitkorea.or.kr/cms/resource/88/3109688_image2_1.jpg";"http://tong.visitkorea.or.kr/cms/resource/88/3109688_image3_1.jpg";"Type3";"127.5182610504";"34.4540350904";"6";"20240415134153";"2";"061-830-5347";"고흥우주항공축제";"59571";0
"전주시 완산구 중화산동1가";"150-3";"37";"0";"A02";"A0202";"A02020700";"1592428";"12";"20120404223419";"http://tong.visitkorea.or.kr/cms/resource/37/1605537_image2_1.jpg";"http://tong.visitkorea.or.kr/cms/resource/37/1605537_image3_1.jpg";"Type3";"127.1384098406";"35.8150779243";"6";"20240118095509";"12";"";"다가공원";"55046";0
"동대문구 장안동";"24-1 외";"1";"";"A02";"A0207";"A02070200";"1592837";"15";"20120405005228";"http://tong.visitkorea.or.kr/cms/resource/34/2540734_image2_1.jpg";"http://tong.visitkorea.or.kr/cms/resource/34/2540734_image2_1.jpg";"Type3";"127.0753566318";"37.5668642825";"6";"20240320104819";"11";"02-2127-4711";"동대문구 봄꽃축제";"02624";0
"전주시 완산구 은행로 34";"(풍남동3가)";"37";"0";"A02";"A0206";"A02060200";"1594231";"14";"20120405183712";"http://tong.visitkorea.or.kr/cms/resource/92/2040792_image2_1.jpg";"http://tong.visitkorea.or.kr/cms/resource/92/2040792_image3_1.jpg";"Type3";"127.1520252483";"35.8168862888";"6";"20240118112554";"12";"";"동학혁명기념관";"55042";0
"전주시 완산구 천경로 40";"(동서학동) 부근";"37";"0";"A02";"A0201";"A02010700";"1594796";"12";"202401181743";"http://tong.visitkorea.or.kr/cms/resource/15/2040715_image2_1.jpg";"http://tong.visitkorea.or.kr/cms/resource/15/2040715_image3_1.jpg";"Type3";"127.1531753073";"35.8107203432";"6";"20240118174312";"12";"";"남천교 청연루";"55101";0
"고창군 대산면";"";"37";"0";"A01";"A0101";"A01010400";"1595802";"12";"20120406222625";"http://tong.visitkorea.or.kr/cms/resource/56/3055356_image2_1.jpg";"http://tong.visitkorea.or.kr/cms/resource/56/3055356_image3_1.jpg";"Type3";"126.6408164587";"35.3301772600";"";"20240118103628";"1";"";"고산";"56468";0
"고창군 고창읍 향교길 27-3";"(고창읍)";"37";"0";"A02";"A0201";"A02010700";"1595965";"12";"20120406234447";"http://tong.visitkorea.or.kr/cms/resource/09/1602909_image2_1.jpg";"http://tong.visitkorea.or.kr/cms/resource/09/1602909_image3_1.jpg";"Type3";"126.7028027068";"35.4374800292";"6";"20240202104321";"1";"";"고창향교";"56428";0
"김제시 향교길 89-3";"(교동)";"37";"0";"A02";"A0201";"A02010700";"1598192";"12";"20120410020038";"http://tong.visitkorea.or.kr/cms/resource/31/1603931_image2_1.jpg";"http://tong.visitkorea.or.kr/cms/resource/31/1603931_image3_1.jpg";"Type3";"126.8795082765";"35.8005751109";"6";"20240118095530";"3";"";"김제향교";"54387";0
"김제시 만경읍 두내산1길 25-10";"";"37";"0";"A02";"A0201";"A02010700";"1599284";"12";"202401181743";"http://tong.visitkorea.or.kr/cms/resource/52/1603952_image2_1.jpg";"http://tong.visitkorea.or.kr/cms/resource/52/1603952_image3_1.jpg";"Type3";"126.8210759876";"35.8543318756";"6";"20240118174312";"3";"";"만경향교";"54307";0
"김제시 범득골길 187-22";"(갈공동)";"37";"0";"A02";"A0201";"A02010700";"1599399";"12";"20120410234156";"http://tong.visitkorea.or.kr/cms/resource/41/2724141_image2_1.jpg";"http://tong.visitkorea.or.kr/cms/resource/41/2724141_image2_1.jpg";"Type3";"126.8637038912";"35.8097960120";"6";"20240118101233";"3";"";"백석서원";"54370";0
"강남구 광평로10길 30-71";"(일원동)";"1";"0";"A02";"A0201";"A02010800";"1603100";"12";"20120416191223";"http://tong.visitkorea.or.kr/cms/resource/58/1567758_image2_1.jpg";"http://tong.visitkorea.or.kr/cms/resource/58/1567758_image3_1.jpg";"Type3";"127.0750814116";"37.4775996438";"6";"20231204162732";"1";"";"불국사";"06359";0
"강남구 양재대로 340";"(개포동)";"1";"0";"A02";"A0201";"A02010800";"1603149";"12";"20120416195250";"http://tong.visitkorea.or.kr/cms/resource/72/1567772_image2_1.jpg";"http://tong.visitkorea.or.kr/cms/resource/72/1567772_image3_1.jpg";"Type3";"127.0526058449";"37.4717304764";"6";"20231204162640";"1";"";"능인선원";"06357";0
"용산구 장문로15나길 6";"";"1";"0";"A02";"A0201";"A02010800";"1603241";"12";"20120416205858";"http://tong.visitkorea.or.kr/cms/resource/55/1567955_image2_1.jpg";"http://tong.visitkorea.or.kr/cms/resource/55/1567955_image3_1.jpg";"Type3";"126.9973954154";"37.5271063892";"6";"20231206173359";"21";"";"보광사(서울)";"04394";0
"용산구 서빙고로59길 3-6";"(서빙고동)";"1";"0";"A02";"A0201";"A02010900";"1603296";"12";"20120416223743";"http://tong.visitkorea.or.kr/cms/resource/28/1985228_image2_1.jpg";"http://tong.visitkorea.or.kr/cms/resource/28/1985228_image3_1.jpg";"Type3";"126.9930487758";"37.5204876354";"6";"20231206141003";"21";"";"서빙고동 부군당";"04384";0
"용산구 소월로 323";"";"1";"0";"A01";"A0101";"A01010700";"1603482";"12";"20120416235548";"http://tong.visitkorea.or.kr/cms/resource/85/2526385_image2_1.jpg";"http://tong.visitkorea.or.kr/cms/resource/85/2526385_image2_1.jpg";"Type3";"126.9969033844";"37.5415658115";"6";"20230331104717";"21";"";"남산 야외식물원";"04340";0
"종로구 궁정동 55-5";"";"1";"0";"A02";"A0202";"A02020700";"1603543";"12";"20120417003015";"http://tong.visitkorea.or.kr/cms/resource/69/1568069_image2_1.jpg";"http://tong.visitkorea.or.kr/cms/resource/69/1568069_image3_1.jpg";"Type3";"126.9721572068";"37.5843076223";"6";"20231208100256";"23";"";"무궁화동산";"03047";0
"종로구 사직로 161";"(세종로)";"1";"0";"A02";"A0201";"A02010700";"1604652";"12";"20120417200928";"http://tong.visitkorea.or.kr/cms/resource/64/1568164_image2_1.jpg";"http://tong.visitkorea.or.kr/cms/resource/64/1568164_image3_1.jpg";"Type3";"126.9779874266";"37.5774168614";"6";"20230525110223";"23";"";"건청궁";"03045";0
"종로구 새문안로 55";"(신문로2가)";"1";"0";"A02";"A0201";"A02010300";"1604784";"12";"20120417231735";"http://tong.visitkorea.or.kr/cms/resource/99/2526499_image2_1.jpg";"http://tong.visitkorea.or.kr/cms/resource/99/2526499_image2_1.jpg";"Type3";"126.9710493661";"37.5704814320";"6";"20230718150019";"23";"";"경희궁 흥화문";"03177";0
"종로구 새문안로 55";"";"1";"0";"A02";"A0202";"A02020700";"1604824";"12";"20120417234220";"http://tong.visitkorea.or.kr/cms/resource/51/1568251_image2_1.jpg";"http://tong.visitkorea.or.kr/cms/resource/51/1568251_image3_1.jpg";"Type3";"126.9691050910";"37.5707591425";"6";"20230610075849";"23";"";"경희궁공원";"03177";0
"종로구 율곡로 99";"(와룡동)";"1";"0";"A02";"A0201";"A02010100";"1604941";"12";"20120418010644";"http://tong.visitkorea.or.kr/cms/resource/93/1568293_image2_1.jpg";"http://tong.visitkorea.or.kr/cms/resource/93/1568293_image3_1.jpg";"Type3";"126.9935443080";"37.5786003366";"6";"20231102132424";"23";"";"낙선재";"03072";0
"중구 칠패로 5";"(의주로2가)";"1";"0";"A02";"A0202";"A02020700";"1605977";"12";"20120418203817";"http://tong.visitkorea.or.kr/cms/resource/02/1569102_image2_1.jpg";"http://tong.visitkorea.or.kr/cms/resource/02/1569102_image3_1.jpg";"Type3";"126.9694692310";"37.5607103171";"6";"20231210151518";"24";"";"서소문역사공원";"04510";0
"중구 세종대로 99";"(정동)";"1";"0";"A02";"A0201";"A02010300";"1605981";"12";"20120418205524";"http://tong.visitkorea.or.kr/cms/resource/75/3108175_image2_1.JPG";"http://tong.visitkorea.or.kr/cms/resource/75/3108175_image3_1.JPG";"Type3";"126.9749296905";"37.5661486714";"6";"20240306171901";"24";"";"덕수궁 대한문";"04519";0
"중랑구 망우로91길 98";"(망우동)";"1";"0";"A02";"A0201";"A02010800";"1606052";"12";"20120418231315";"http://tong.visitkorea.or.kr/cms/resource/08/1569208_image2_1.jpg";"http://tong.visitkorea.or.kr/cms/resource/08/1569208_image3_1.jpg";"Type3";"127.1133520931";"37.6047383453";"6";"20230410134746";"25";"";"극락사(서울)";"";0
"남원시 요천로 1447";"(천거동)";"37";"0";"A02";"A0201";"A02010700";"1607131";"12";"20120419191408";"http://tong.visitkorea.or.kr/cms/resource/05/1604105_image2_1.jpg";"http://tong.visitkorea.or.kr/cms/resource/05/1604105_image3_1.jpg";"Type3";"127.3795269458";"35.4032788125";"6";"20240118105608";"4";"";"광한루";"55776";0
"남원시 양림길 48-63";"(노암동)";"37";"0";"A01";"A0101";"A01010500";"1607213";"12";"20120419202408";"http://tong.visitkorea.or.kr/cms/resource/86/1477886_image2_1.jpg";"http://tong.visitkorea.or.kr/cms/resource/86/1477886_image2_1.jpg";"Type3";"127.3874041336";"35.3991821898";"6";"20240124110523";"4";"";"남원항공우주천문대";"55796";0
"동구 범상로1번길 35";"(범일동)";"6";"0";"A02";"A0201";"A02010800";"1607242";"12";"20120419204829";"http://tong.visitkorea.or.kr/cms/resource/17/1571117_image2_1.jpg";"http://tong.visitkorea.or.kr/cms/resource/17/1571117_image3_1.jpg";"Type3";"129.0468821528";"35.1408826262";"6";"20231030142652";"5";"";"보광사(부산)";"48702";0
"동래구 우장춘로 211";"(온천동)";"6";"0";"A02";"A0201";"A02010800";"1607440";"12";"20120419233913";"http://tong.visitkorea.or.kr/cms/resource/12/1571912_image2_1.jpg";"http://tong.visitkorea.or.kr/cms/resource/12/1571912_image3_1.jpg";"Type3";"129.0771855435";"35.2250098725";"6";"20231030175753";"6";"";"금강사(부산)";"47700";0
"연제구 거제시장로14번길 28";"(거제동)";"6";"";"A04";"A0401";"A04010200";"1608608";"38";"20120420205804";"http://tong.visitkorea.or.kr/cms/resource/17/1572217_image2_1.jpg";"http://tong.visitkorea.or.kr/cms/resource/17/1572217_image3_1.jpg";"Type3";"129.0728176676";"35.1817146431";"6";"20230706164207";"13";"051-852-6133";"거제시장";"47544";0
"부안군 부안읍 매창로 89";"(부안읍)";"37";"0";"A02";"A0202";"A02020700";"1608758";"12";"202401181743";"http://tong.visitkorea.or.kr/cms/resource/42/3077542_image2_1.jpg";"http://tong.visitkorea.or.kr/cms/resource/42/3077542_image3_1.jpg";"Type3";"126.7287210396";"35.7188235074";"6";"20240118174312";"6";"";"매창공원";"56312";0
"남구 대명서7길 24-3";"(대명동)";"4";"";"A04";"A0401";"A04010200";"1608882";"38";"20120421021632";"http://tong.visitkorea.or.kr/cms/resource/98/3033198_image2_1.jpg";"http://tong.visitkorea.or.kr/cms/resource/98/3033198_image3_1.jpg";"Type3";"128.5580002605";"35.8356342966";"6";"20231108145638";"1";"053-627-2610";"관문시장";"42498";0
"남구 앞산순환로 306";"(대명동)";"4";"0";"A02";"A0201";"A02010700";"1608980";"12";"20120421025116";"http://tong.visitkorea.or.kr/cms/resource/87/1573787_image2_1.jpg";"http://tong.visitkorea.or.kr/cms/resource/87/1573787_image3_1.jpg";"Type3";"128.5624306351";"35.8281018970";"6";"20230424135352";"1";"";"관덕정";"42501";0
"부안군 행안면 체육공원길 31";"";"37";"";"A03";"A0302";"A03020300";"1610042";"28";"20120423185459";"http://tong.visitkorea.or.kr/cms/resource/51/3077551_image2_1.jpg";"http://tong.visitkorea.or.kr/cms/resource/51/3077551_image3_1.jpg";"Type3";"126.7221082088";"35.7005060345";"6";"20240118104718";"6";"";"부안스포츠파크";"56319";0
"남구 봉덕로 115";"(봉덕동)";"4";"";"A04";"A0401";"A04010200";"1610055";"38";"20120423190731";"http://tong.visitkorea.or.kr/cms/resource/09/1573809_image2_1.jpg";"http://tong.visitkorea.or.kr/cms/resource/09/1573809_image3_1.jpg";"Type3";"128.6034071086";"35.8451479450";"6";"20230802194105";"1";"";"대구 봉덕시장";"42439";0
"남구 명덕로54길 34 서봉사";"";"4";"0";"A02";"A0201";"A02010800";"1610102";"12";"20120423193546";"http://tong.visitkorea.or.kr/cms/resource/24/3041024_image2_1.jpg";"http://tong.visitkorea.or.kr/cms/resource/24/3041024_image3_1.jpg";"Type3";"128.5972212958";"35.8540246041";"6";"20231116110057";"1";"";"서봉사";"42423";0
"달서구 상화로 420";"(상인동)";"4";"";"A03";"A0302";"A03020200";"1610250";"28";"20120423203206";"http://tong.visitkorea.or.kr/cms/resource/77/1573877_image2_1.jpg";"http://tong.visitkorea.or.kr/cms/resource/77/1573877_image3_1.jpg";"Type3";"128.5596342372";"35.8072514270";"6";"20230911102836";"2";"";"달서구청소년수련관";"42840";0
"달서구 공원순환로 213";"(성당동)";"4";"0";"A02";"A0201";"A02010800";"1610420";"12";"20120423224350";"http://tong.visitkorea.or.kr/cms/resource/95/3041095_image2_1.jpg";"http://tong.visitkorea.or.kr/cms/resource/95/3041095_image3_1.jpg";"Type3";"128.5605830316";"35.8477246420";"6";"20231116111151";"2";"";"금용사(대구)";"42672";0
"달서구 중흥로 67";"(송현동)";"4";"0";"A02";"A0201";"A02010800";"1610456";"12";"20120423225910";"http://tong.visitkorea.or.kr/cms/resource/31/1573931_image2_1.jpg";"http://tong.visitkorea.or.kr/cms/resource/31/1573931_image3_1.jpg";"Type3";"128.5588698165";"35.8288628564";"6";"20230911102227";"2";"";"백련사(대구)";"42817";0
"순창군 팔덕면 청계리";"";"37";"0";"A01";"A0101";"A01010800";"1610474";"12";"20120423230146";"http://tong.visitkorea.or.kr/cms/resource/93/1954193_image2_1.jpg";"http://tong.visitkorea.or.kr/cms/resource/93/1954193_image3_1.jpg";"Type3";"127.0668822579";"35.4083228536";"6";"20240119133359";"7";"";"구장군폭포";"595-861,31";0
"달성군 가창면 가창동로 219-5";"(가창면)";"4";"0";"A02";"A0201";"A02010700";"1610521";"12";"20120423231920";"http://tong.visitkorea.or.kr/cms/resource/57/1573957_image2_1.jpg";"http://tong.visitkorea.or.kr/cms/resource/57/1573957_image3_1.jpg";"Type3";"128.6652924145";"35.7781205567";"6";"20231206103147";"3";"";"박곡서당";"42937";0
"달성군 가창면 조길방길 92-1";"";"4";"0";"A02";"A0201";"A02010400";"1610542";"12";"20120423234010";"http://tong.visitkorea.or.kr/cms/resource/04/1574004_image2_1.jpg";"http://tong.visitkorea.or.kr/cms/resource/04/1574004_image3_1.jpg";"Type3";"128.5817753783";"35.7558520917";"6";"20240205111138";"3";"";"달성 조길방가옥";"42931";0
"순창군 풍산면 대가리";"";"37";"0";"A01";"A0101";"A01011800";"1610774";"12";"20120424012937";"http://tong.visitkorea.or.kr/cms/resource/38/2613238_image2_1.jpg";"http://tong.visitkorea.or.kr/cms/resource/38/2613238_image3_1.jpg";"Type3";"127.1890371411";"35.3376773859";"6";"20240119133443";"7";"";"섬진강";"595-842,1";0
"달성군 유가읍 도성길 180";"";"4";"0";"A02";"A0201";"A02010800";"1610805";"12";"20120424015001";"http://tong.visitkorea.or.kr/cms/resource/82/1574082_image2_1.jpg";"http://tong.visitkorea.or.kr/cms/resource/82/1574082_image3_1.jpg";"Type3";"128.5167432641";"35.7176996555";"6";"20231206103707";"3";"";"도성암";"42990";0
"달성군 유가읍 도성길 180";"";"4";"0";"A02";"A0205";"A02050200";"1610836";"12";"20120424020214";"http://tong.visitkorea.or.kr/cms/resource/85/1574085_image2_1.jpg";"http://tong.visitkorea.or.kr/cms/resource/85/1574085_image3_1.jpg";"Type3";"128.5167849274";"35.7176857691";"6";"20240205115457";"3";"";"도성암 3층석탑";"42990";0
"달성군 화원읍 인흥3길 16";"";"4";"0";"A02";"A0203";"A02030100";"1611891";"12";"20120424200127";"http://tong.visitkorea.or.kr/cms/resource/40/1574140_image2_1.jpg";"http://tong.visitkorea.or.kr/cms/resource/40/1574140_image3_1.jpg";"Type3";"128.5183355112";"35.7922579204";"6";"20230223105216";"3";"";"남평문씨본리세거지";"42967";0
"동구 팔공로 327-7";"";"4";"0";"A02";"A0201";"A02010700";"1612003";"12";"20120424205407";"http://tong.visitkorea.or.kr/cms/resource/97/1574197_image2_1.jpg";"http://tong.visitkorea.or.kr/cms/resource/97/1574197_image3_1.jpg";"Type3";"128.6405792962";"35.9282003396";"6";"20231211122426";"4";"";"봉무정";"41019";0
"북구 서변로3길 47-12";"(서변동)";"4";"0";"A02";"A0201";"A02010400";"1612532";"12";"20120425015229";"http://tong.visitkorea.or.kr/cms/resource/02/1574402_image2_1.jpg";"http://tong.visitkorea.or.kr/cms/resource/02/1574402_image3_1.jpg";"Type3";"128.5935669594";"35.9215168943";"6";"20230911135107";"5";"";"능성세가";"41477";0
"완주군 고산면 고산로 147-23";"";"37";"0";"A02";"A0201";"A02010700";"1612565";"12";"202401181743";"http://tong.visitkorea.or.kr/cms/resource/01/1604401_image2_1.jpg";"http://tong.visitkorea.or.kr/cms/resource/01/1604401_image3_1.jpg";"Type3";"127.2137377876";"35.9761136790";"6";"20240118174312";"8";"";"고산향교대성전";"55311";0
"수성구 달구벌대로525길 14-21";"(만촌동)";"4";"0";"A02";"A0201";"A02010700";"1612615";"12";"20120425023910";"http://tong.visitkorea.or.kr/cms/resource/66/1575166_image2_1.jpg";"http://tong.visitkorea.or.kr/cms/resource/66/1575166_image3_1.jpg";"Type3";"128.6515108367";"35.8584251079";"6";"20230907174243";"7";"";"모명재";"42066";0
"중구 달구벌대로 2029";"(동산동)";"4";"0";"A02";"A0201";"A02010700";"1613870";"12";"20120425195639";"http://tong.visitkorea.or.kr/cms/resource/47/1644447_image2_1.jpg";"http://tong.visitkorea.or.kr/cms/resource/47/1644447_image3_1.jpg";"Type3";"128.5848109015";"35.8675450670";"6";"20231027093622";"8";"";"선교사스윗즈주택";"41931";0
"강화군 강화읍 북문길 42";"";"2";"0";"A02";"A0201";"A02010100";"1614793";"12";"20120426024938";"http://tong.visitkorea.or.kr/cms/resource/46/1575646_image2_1.jpg";"http://tong.visitkorea.or.kr/cms/resource/46/1575646_image3_1.jpg";"Type3";"126.4854359021";"37.7508851202";"6";"20240125100517";"1";"";"강화유수부동헌";"23030";0
"강화군 강화읍 북문길 42";"";"2";"0";"A02";"A0201";"A02010100";"1615571";"12";"20120426190342";"http://tong.visitkorea.or.kr/cms/resource/50/1575650_image2_1.jpg";"http://tong.visitkorea.or.kr/cms/resource/50/1575650_image3_1.jpg";"Type3";"126.4846998401";"37.7515350315";"6";"20240125100821";"1";"";"강화유수부이방청";"23030";0
"강화군 강화읍 국화길 51";"";"2";"";"A03";"A0303";"A03030500";"1615657";"28";"20120426193109";"http://tong.visitkorea.or.kr/cms/resource/61/1575661_image2_1.jpg";"http://tong.visitkorea.or.kr/cms/resource/61/1575661_image3_1.jpg";"Type3";"126.4680820355";"37.7473741130";"6";"20230710152921";"1";"010-3448-6783";"국화지낚시터";"23028";0
"미추홀구 수봉로95번길 32";"(숭의동)";"2";"0";"A02";"A0201";"A02010700";"1617733";"12";"20120427225842";"http://tong.visitkorea.or.kr/cms/resource/99/1577399_image2_1.jpg";"http://tong.visitkorea.or.kr/cms/resource/99/1577399_image3_1.jpg";"Type3";"126.6615029082";"37.4600637557";"6";"20230907144626";"3";"";"무덕정";"22166";0
"미추홀구 인하로 100";"(용현동)";"2";"0";"A02";"A0201";"A02010700";"1617815";"12";"20120427232838";"http://tong.visitkorea.or.kr/cms/resource/58/2512658_image2_1.jpg";"http://tong.visitkorea.or.kr/cms/resource/58/2512658_image2_1.jpg";"Type3";"126.6514818413";"37.4513923645";"6";"20230214144239";"3";"";"대한민국 수준원점";"22212";0
"연수구 능허대로 109";"";"2";"0";"A02";"A0201";"A02010700";"1619170";"12";"20120430201654";"http://tong.visitkorea.or.kr/cms/resource/72/2512672_image2_1.jpg";"http://tong.visitkorea.or.kr/cms/resource/72/2512672_image2_1.jpg";"Type3";"126.6425501081";"37.4230649423";"6";"20230718101912";"8";"";"능허대지";"21958";0
"미추홀구 매소홀로 573";"(문학동)";"2";"0";"A02";"A0206";"A02060600";"1619338";"14";"20120430205217";"http://tong.visitkorea.or.kr/cms/resource/40/1577640_image2_1.jpg";"http://tong.visitkorea.or.kr/cms/resource/40/1577640_image3_1.jpg";"Type3";"126.6857346232";"37.4387944327";"6";"20230907151056";"3";"";"돌체소극장";"22233";0
"중구 잠진도길 11";"(운서동)";"2";"0";"A01";"A0101";"A01011200";"1619630";"12";"20120430234024";"http://tong.visitkorea.or.kr/cms/resource/29/2661929_image2_1.JPG";"http://tong.visitkorea.or.kr/cms/resource/29/2661929_image2_1.JPG";"Type3";"126.4254532761";"37.4221334646";"6";"20231204181056";"10";"032-760-7497, 7520";"거잠포해변";"22382";0
"남동구 호구포로 203-31";"(논현동)";"2";"0";"A02";"A0201";"A02010200";"1620780";"12";"20120502221523";"http://tong.visitkorea.or.kr/cms/resource/30/1578930_image2_1.jpg";"http://tong.visitkorea.or.kr/cms/resource/30/1578930_image3_1.jpg";"Type3";"126.7069003852";"37.4019157566";"6";"20230913162541";"4";"";"논현포대";"21641";0
"광산구 광산동 277";"";"5";"0";"A02";"A0201";"A02010700";"1620808";"12";"20120502222841";"http://tong.visitkorea.or.kr/cms/resource/48/1587248_image2_1.jpg";"http://tong.visitkorea.or.kr/cms/resource/48/1587248_image3_1.jpg";"Type3";"126.7462953738";"35.2437804781";"6";"20240202135923";"1";"";"두남제";"62200";0
"광산구 도림하길 33";"(도덕동)";"5";"0";"A02";"A0201";"A02010800";"1620893";"12";"20120502234723";"http://tong.visitkorea.or.kr/cms/resource/63/1587263_image2_1.jpg";"http://tong.visitkorea.or.kr/cms/resource/63/1587263_image3_1.jpg";"Type3";"126.7007374404";"35.1666995405";"6";"20231206111540";"1";"";"도림사(광주)";"62406";0
"서귀포시 이중섭로 23-11";"(서귀동)";"39";"0";"A02";"A0201";"A02010700";"1621018";"12";"20120503014915";"http://tong.visitkorea.or.kr/cms/resource/79/1619879_image2_1.jpg";"http://tong.visitkorea.or.kr/cms/resource/79/1619879_image3_1.jpg";"Type3";"126.5647280672";"33.2462895705";"6";"20231208155525";"3";"";"서귀본향당";"63595";0
"광산구 무진대로 282";"(우산동)";"5";"0";"A02";"A0206";"A02060600";"1621022";"12";"20120503015401";"http://tong.visitkorea.or.kr/cms/resource/97/1587397_image2_1.jpg";"http://tong.visitkorea.or.kr/cms/resource/97/1587397_image3_1.jpg";"Type3";"126.8114277913";"35.1607326292";"6";"20230518103616";"1";"";"광주무역회관";"62364";0
"서귀포시 남원읍 서의로";"";"39";"0";"A01";"A0101";"A01011000";"1621059";"12";"20120503023036";"http://tong.visitkorea.or.kr/cms/resource/04/1618304_image2_1.jpg";"http://tong.visitkorea.or.kr/cms/resource/04/1618304_image3_1.jpg";"Type3";"126.7120030906";"33.2953976087";"6";"20230220144125";"4";"";"구시물";"63619";0
"남구 치마봉1길 16-1";"(방림동)";"5";"0";"A02";"A0201";"A02010700";"1621091";"12";"20120503023906";"http://tong.visitkorea.or.kr/cms/resource/43/1587443_image2_1.jpg";"http://tong.visitkorea.or.kr/cms/resource/43/1587443_image3_1.jpg";"Type3";"126.9219854490";"35.1300546245";"6";"20240130145835";"2";"";"서강사";"61679";0
"남구 압촌1길 12";"(압촌동)";"5";"0";"A02";"A0201";"A02010400";"1621158";"12";"20120503033211";"http://tong.visitkorea.or.kr/cms/resource/07/1587507_image2_1.jpg";"http://tong.visitkorea.or.kr/cms/resource/07/1587507_image3_1.jpg";"Type3";"126.8395075721";"35.0922075057";"6";"20240130150741";"2";"";"고원희가옥";"61751";0
"서귀포시 안덕면 향교로 165-17";"";"39";"0";"A02";"A0201";"A02010700";"1621175";"12";"20120503035321";"http://tong.visitkorea.or.kr/cms/resource/04/1617304_image2_1.jpg";"http://tong.visitkorea.or.kr/cms/resource/04/1617304_image3_1.jpg";"Type3";"126.2884466303";"33.2392193306";"6";"20231110155213";"3";"";"대정향교";"63528";0
"동구 예술길 15";"";"5";"";"A04";"A0401";"A04010700";"1621202";"38";"20120503185809";"http://tong.visitkorea.or.kr/cms/resource/65/1587565_image2_1.jpg";"http://tong.visitkorea.or.kr/cms/resource/65/1587565_image3_1.jpg";"Type3";"126.9183074873";"35.1503689354";"6";"20230802191931";"3";"062-222-7487 / 062-234-7487";"무안요(광주)";"61474";0
"동구 서석로 지하 56";"(금남로1가)";"5";"";"A04";"A0401";"A04010600";"1621305";"38";"20120503195819";"http://tong.visitkorea.or.kr/cms/resource/72/1587572_image2_1.jpg";"http://tong.visitkorea.or.kr/cms/resource/72/1587572_image3_1.jpg";"Type3";"126.9164688054";"35.1485941049";"6";"20230126130829";"3";"062-227-1535";"금남지하도상가";"61485";0
"동구 금남로 일대";"(금남로5가)";"5";"0";"A02";"A0203";"A02030600";"1621334";"12";"20120503201251";"http://tong.visitkorea.or.kr/cms/resource/95/3030395_image2_1.jpg";"http://tong.visitkorea.or.kr/cms/resource/95/3030395_image3_1.jpg";"Type3";"126.9106747413";"35.1538517467";"6";"20231102122426";"3";"";"금남로";"61471";0
"동구 지산로 58";"(지산동)";"5";"0";"A02";"A0205";"A02050200";"1621388";"12";"20120503205245";"http://tong.visitkorea.or.kr/cms/resource/96/1587596_image2_1.jpg";"http://tong.visitkorea.or.kr/cms/resource/96/1587596_image3_1.jpg";"Type3";"126.9330951059";"35.1489026847";"6";"20240130151657";"3";"";"광주지산동오층석탑";"61444";0
"북구 하백로29번길 24";"(매곡동)";"5";"0";"A02";"A0201";"A02010400";"1621410";"12";"20120503220957";"http://tong.visitkorea.or.kr/cms/resource/24/1587624_image2_1.jpg";"http://tong.visitkorea.or.kr/cms/resource/24/1587624_image3_1.jpg";"Type3";"126.8882285875";"35.1904250142";"6";"20240130152928";"4";"";"김용학가옥";"61066";0
"경주시 배동";"486-1";"35";"0";"A02";"A0201";"A02010700";"1621714";"12";"20120504001113";"http://tong.visitkorea.or.kr/cms/resource/90/1954890_image2_1.jpg";"http://tong.visitkorea.or.kr/cms/resource/90/1954890_image3_1.jpg";"Type3";"129.2117353801";"35.8043277917";"6";"20240202160524";"2";"";"경주 지마왕릉";"38173";0
"경주시 조양동";"산 8";"35";"0";"A02";"A0201";"A02010700";"1621820";"12";"20120504015655";"http://tong.visitkorea.or.kr/cms/resource/96/1954896_image2_1.jpg";"http://tong.visitkorea.or.kr/cms/resource/96/1954896_image3_1.jpg";"Type3";"129.2807437384";"35.7863227926";"6";"20230817170322";"2";"";"경주 성덕왕릉";"38176";0
"서구 상무공원로 101";"";"5";"0";"A02";"A0202";"A02020700";"1622203";"12";"20120504185051";"http://tong.visitkorea.or.kr/cms/resource/79/1587779_image2_1.jpg";"http://tong.visitkorea.or.kr/cms/resource/79/1587779_image3_1.jpg";"Type3";"126.8403948478";"35.1537505721";"6";"20230328135217";"5";"";"상무시민공원";"61953";0
"거창군 거창읍 거안로 1173-21";"";"36";"0";"A02";"A0201";"A02010700";"1622226";"12";"20120504190619";"http://tong.visitkorea.or.kr/cms/resource/42/1611142_image2_1.jpg";"http://tong.visitkorea.or.kr/cms/resource/42/1611142_image3_1.jpg";"Type3";"127.8790001805";"35.6926715144";"6";"20240126112322";"2";"";"건계정";"50124";0
"서구 금화로 278";"(풍암동)";"5";"";"A03";"A0303";"A03030700";"1622267";"28";"20120504191257";"http://tong.visitkorea.or.kr/cms/resource/14/1587814_image2_1.jpg";"http://tong.visitkorea.or.kr/cms/resource/14/1587814_image3_1.jpg";"Type3";"126.8791807340";"35.1366531569";"6";"20230321105925";"5";"062-380-6800";"광주실내수영장";"62048";0
"창원시 마산합포구 복요리로 7 어시장유료주차장";"";"36";"";"A04";"A0401";"A04010200";"1622326";"38";"20120504194238";"http://tong.visitkorea.or.kr/cms/resource/08/1824308_image2_1.jpg";"http://tong.visitkorea.or.kr/cms/resource/08/1824308_image3_1.jpg";"Type3";"128.5789795763";"35.2038003480";"6";"20240227183654";"16";"";"마산어시장";"51721";0
"진주시 봉수대길 116";"(망경동)";"36";"0";"A02";"A0201";"A02010200";"1622540";"12";"20120504210458";"http://tong.visitkorea.or.kr/cms/resource/96/1611496_image2_1.jpg";"http://tong.visitkorea.or.kr/cms/resource/96/1611496_image3_1.jpg";"Type3";"128.0758743247";"35.1771637571";"6";"20231211151249";"13";"";"망진산 봉수대";"52713";0
"광산구 용아로 460";"(흑석동)";"5";"0";"A02";"A0201";"A02010700";"1622544";"12";"20120504211042";"http://tong.visitkorea.or.kr/cms/resource/19/1587419_image2_1.jpg";"http://tong.visitkorea.or.kr/cms/resource/19/1587419_image3_1.jpg";"Type3";"126.8052666353";"35.1843631887";"6";"20231031161100";"1";"";"경장각";"62233";0
"진주시 진성면 진의로 178-35";"";"36";"0";"A02";"A0206";"A02060300";"1622558";"14";"20120504221920";"http://tong.visitkorea.or.kr/cms/resource/69/1611569_image2_1.jpg";"http://tong.visitkorea.or.kr/cms/resource/69/1611569_image3_1.jpg";"Type3";"128.2260688643";"35.2009665342";"6";"20231211151722";"13";"";"경상남도과학교육원";"52620";0
"대덕구 법동";"191-4";"3";"0";"A02";"A0201";"A02010700";"1622603";"12";"20120504230249";"http://tong.visitkorea.or.kr/cms/resource/54/3033154_image2_1.JPG";"http://tong.visitkorea.or.kr/cms/resource/54/3033154_image3_1.JPG";"Type3";"127.4301663010";"36.3676061288";"6";"20231107120617";"1";"";"법동 석장승";"34386";0
"동구 충정로 73-17";"(가양동)";"3";"0";"A02";"A0201";"A02010700";"1622775";"12";"20120505011905";"http://tong.visitkorea.or.kr/cms/resource/43/1585443_image2_1.jpg";"http://tong.visitkorea.or.kr/cms/resource/43/1585443_image3_1.jpg";"Type3";"127.4556923834";"36.3460284960";"6";"20231208160148";"2";"";"삼매당";"34505";0
"동구 우암로326번길 28";"";"3";"0";"A02";"A0205";"A02050200";"1622788";"12";"20120505013050";"http://tong.visitkorea.or.kr/cms/resource/99/3071299_image2_1.JPG";"http://tong.visitkorea.or.kr/cms/resource/99/3071299_image3_1.JPG";"Type3";"127.4524342918";"36.3478532292";"6";"20231215153259";"2";"";"박팽년선생유허비";"34506";0
"창원시 성산구 삼정자로 79";"(성주동,유니온빌리지)";"36";"0";"A02";"A0201";"A02010700";"1622822";"12";"20120505015912";"http://tong.visitkorea.or.kr/cms/resource/60/3050360_image2_1.JPG";"http://tong.visitkorea.or.kr/cms/resource/60/3050360_image3_1.JPG";"Type3";"128.7130567788";"35.2029445483";"6";"20240116144911";"16";"";"삼정자동마애불";"51470";0
"동구 동부로73번길 44";"";"3";"0";"A02";"A0201";"A02010700";"1622872";"12";"20120505022443";"http://tong.visitkorea.or.kr/cms/resource/90/3033490_image2_1.JPG";"http://tong.visitkorea.or.kr/cms/resource/90/3033490_image3_1.JPG";"Type3";"127.4598925974";"36.3243616037";"6";"20231107145644";"2";"";"문충사";"34663";0
"동구 이사로 198";"";"3";"0";"A02";"A0201";"A02010700";"1622907";"12";"20120505024023";"http://tong.visitkorea.or.kr/cms/resource/65/1585565_image2_1.jpg";"http://tong.visitkorea.or.kr/cms/resource/65/1585565_image3_1.jpg";"Type3";"127.4438813368";"36.2802024777";"6";"20221229111712";"2";"";"사우당";"34710";0
"강진군 강진읍 남문길 10";"";"38";"0";"A02";"A0206";"A02060900";"1623643";"14";"20120507184128";"http://tong.visitkorea.or.kr/cms/resource/20/1606620_image2_1.jpg";"http://tong.visitkorea.or.kr/cms/resource/20/1606620_image3_1.jpg";"Type3";"126.7697553845";"34.6404905180";"6";"20230911201008";"1";"";"강진군도서관";"59229";0
"서구 도산로403번길 21";"";"3";"";"A04";"A0401";"A04010600";"1623725";"38";"20120507193729";"http://tong.visitkorea.or.kr/cms/resource/58/1585658_image2_1.jpg";"http://tong.visitkorea.or.kr/cms/resource/58/1585658_image3_1.jpg";"Type3";"127.3937786355";"36.3401141826";"6";"20231114104538";"3";"042-534-4225, 526-8470";"둔산전자타운";"35264";0
"광양시 다압면 백운3로 635-18";"(다압면)";"38";"0";"A02";"A0201";"A02010800";"1623743";"12";"20120507195750";"http://tong.visitkorea.or.kr/cms/resource/87/1606787_image2_1.jpg";"http://tong.visitkorea.or.kr/cms/resource/87/1606787_image3_1.jpg";"Type3";"127.7439593913";"35.0556493528";"6";"20230926181144";"4";"";"불암사(광양)";"57709";0
"유성구 대덕대로556번길 104";"(도룡동)";"3";"0";"A02";"A0201";"A02010700";"1623767";"12";"20120507201417";"http://tong.visitkorea.or.kr/cms/resource/28/3032328_image2_1.JPG";"http://tong.visitkorea.or.kr/cms/resource/28/3032328_image3_1.JPG";"Type3";"127.3805730172";"36.3859309280";"6";"20231106172420";"4";"";"사교루";"34121";0
"담양군 고서면 송강정로 232";"";"38";"0";"A02";"A0201";"A02010700";"1623806";"12";"20120507203846";"http://tong.visitkorea.or.kr/cms/resource/15/2022215_image2_1.jpg";"http://tong.visitkorea.or.kr/cms/resource/15/2022215_image3_1.jpg";"Type3";"126.9538017822";"35.2524302279";"6";"20231209125852";"7";"";"담양 송강정";"57384";0
"중구 봉소루로 29";"(석교동)";"3";"0";"A02";"A0201";"A02010700";"1623927";"12";"20120507224542";"http://tong.visitkorea.or.kr/cms/resource/18/3063118_image2_1.JPG";"http://tong.visitkorea.or.kr/cms/resource/18/3063118_image3_1.JPG";"Type3";"127.4409585926";"36.3090796806";"6";"20231208155024";"5";"";"봉소루";"35060";0
"중구 석교동";"산 17-1";"3";"0";"A02";"A0201";"A02010700";"1623937";"12";"20120507225611";"http://tong.visitkorea.or.kr/cms/resource/84/3063084_image2_1.JPG";"http://tong.visitkorea.or.kr/cms/resource/84/3063084_image3_1.JPG";"Type3";"127.4338565068";"36.3069770168";"6";"20231208153341";"5";"";"보문산마애여래좌상";"35064";0
"곡성군 기차마을로 252-16";"";"38";"";"A02";"A0207";"A02070100";"1624017";"15";"20120507232655";"http://tong.visitkorea.or.kr/cms/resource/11/3070311_image2_1.jpg";"http://tong.visitkorea.or.kr/cms/resource/11/3070311_image3_1.jpg";"Type3";"127.3075142815";"35.2792026996";"6";"20240206130654";"3";"061-360-8471";"곡성세계장미축제";"57544";0
"무안군 무안읍 수양길 104-13";"";"38";"0";"A02";"A0201";"A02010400";"1624039";"12";"20120508000426";"http://tong.visitkorea.or.kr/cms/resource/20/1608320_image2_1.jpg";"http://tong.visitkorea.or.kr/cms/resource/20/1608320_image3_1.jpg";"Type3";"126.4513660503";"35.0143014986";"6";"20240126095458";"9";"";"무안 박봉기 가옥";"58515";0
"나주시 다시면 무숙로 647-6";"";"38";"0";"A02";"A0201";"A02010700";"1624129";"12";"20120508010115";"http://tong.visitkorea.or.kr/cms/resource/05/1608405_image2_1.jpg";"http://tong.visitkorea.or.kr/cms/resource/05/1608405_image3_1.jpg";"Type3";"126.6351916984";"35.0042556790";"6";"20231209172218";"6";"";"보산정사";"58281";0
"강진군 강진읍 효자길 38-24";"";"38";"0";"A02";"A0201";"A02010700";"1624144";"12";"20120508010941";"http://tong.visitkorea.or.kr/cms/resource/32/1608432_image2_1.jpg";"http://tong.visitkorea.or.kr/cms/resource/32/1608432_image3_1.jpg";"Type3";"126.7367672404";"34.6148484054";"6";"20231209151220";"1";"";"금강사(강진)";"59247";0
"동구 남목17길 9";"";"7";"";"A04";"A0401";"A04010200";"1624161";"38";"20120508011839";"http://tong.visitkorea.or.kr/cms/resource/81/1588081_image2_1.jpg";"http://tong.visitkorea.or.kr/cms/resource/81/1588081_image3_1.jpg";"Type3";"129.4273767314";"35.5427390973";"6";"20230530171705";"3";"052-251-0986";"남목시장";"44006";0
"강진군 강진읍 향교로 140";"";"38";"0";"A02";"A0201";"A02010700";"1624164";"12";"20120508012218";"http://tong.visitkorea.or.kr/cms/resource/40/1608440_image2_1.jpg";"http://tong.visitkorea.or.kr/cms/resource/40/1608440_image3_1.jpg";"Type3";"126.7714883256";"34.6503616614";"6";"20231209153326";"1";"";"강진향교";"59222";0
"여수시 오동도로 75";"";"38";"";"B02";"B0201";"B02010900";"1624188";"32";"20120508013029";"http://tong.visitkorea.or.kr/cms/resource/69/1926269_image2_1.JPG";"http://tong.visitkorea.or.kr/cms/resource/69/1926269_image2_1.JPG";"Type3";"127.7504446011";"34.7435344863";"6";"20230610080205";"13";"061-665-1400,1403";"골든파크 호텔";"59744";0
"진도군 임회면 상만길 58";"";"38";"0";"A02";"A0201";"A02010800";"1624203";"12";"20120508014356";"http://tong.visitkorea.or.kr/cms/resource/76/1609176_image2_1.jpg";"http://tong.visitkorea.or.kr/cms/resource/76/1609176_image3_1.jpg";"Type3";"126.2140520582";"34.3838518990";"6";"20231208150743";"21";"";"구암사(진도군)";"58944";0
"해남군 삼산면 봉학리";"(삼산면)";"38";"0";"A02";"A0201";"A02010500";"1624224";"12";"20120508015132";"http://tong.visitkorea.or.kr/cms/resource/47/1564347_image2_1.jpg";"http://tong.visitkorea.or.kr/cms/resource/47/1564347_image3_1.jpg";"Type3";"126.5577903203";"34.5408176531";"6";"20230519100101";"23";"";"김남주 생가";"59046";0
"북구 동해안로 1418";"(구유동)";"7";"0";"A02";"A0202";"A02020300";"1624227";"12";"20120508015144";"http://tong.visitkorea.or.kr/cms/resource/26/3077926_image2_1.bmp";"http://tong.visitkorea.or.kr/cms/resource/26/3077926_image3_1.bmp";"Type3";"129.4505699154";"35.6138565417";"6";"20240419145819";"4";"";"강동 해수온천";"44233";0
"북구 박상진길 23";"";"7";"0";"A02";"A0201";"A02010500";"1624264";"12";"20120508020836";"http://tong.visitkorea.or.kr/cms/resource/30/3077930_image2_1.bmp";"http://tong.visitkorea.or.kr/cms/resource/30/3077930_image3_1.bmp";"Type3";"129.3599031548";"35.6022755733";"6";"20240320155049";"4";"";"박상진의사 생가";"44236";0
"울주군 범서읍 모두박길 6-1";"";"7";"0";"A01";"A0102";"A01020200";"1624461";"12";"20120508031027";"http://tong.visitkorea.or.kr/cms/resource/29/3049429_image2_1.JPG";"http://tong.visitkorea.or.kr/cms/resource/29/3049429_image3_1.JPG";"Type3";"129.2502859620";"35.5662858909";"6";"20231221154457";"5";"";"선바위(입암)";"44921";0
"중구 서원11길 45";"(반구동)";"7";"0";"A02";"A0201";"A02010700";"1624480";"12";"20120508034746";"http://tong.visitkorea.or.kr/cms/resource/12/3049512_image2_1.jpg";"http://tong.visitkorea.or.kr/cms/resource/12/3049512_image3_1.jpg";"Type3";"129.3369174670";"35.5599798967";"6";"20231205165122";"1";"";"구강서원";"44512";0
"중구 병영성11길 25";"(서동)";"7";"0";"A02";"A0201";"A02010700";"1624486";"12";"20120508035528";"http://tong.visitkorea.or.kr/cms/resource/20/1588320_image2_1.jpg";"http://tong.visitkorea.or.kr/cms/resource/20/1588320_image3_1.jpg";"Type3";"129.3449607568";"35.5760254664";"6";"20240122104354";"1";"";"삼일사";"44485";0
"고창군 고창읍 도산1길 4";"(고창읍)";"37";"0";"A02";"A0201";"A02010700";"1624554";"12";"20120508183735";"http://tong.visitkorea.or.kr/cms/resource/19/1602919_image2_1.jpg";"http://tong.visitkorea.or.kr/cms/resource/19/1602919_image3_1.jpg";"Type3";"126.6609147089";"35.4396068597";"6";"20240202104937";"1";"";"도산서당";"56443";0
"동구 중진2길 5";"";"7";"";"A04";"A0401";"A04010600";"1624562";"38";"20120508184734";"http://tong.visitkorea.or.kr/cms/resource/90/1588090_image2_1.jpg";"http://tong.visitkorea.or.kr/cms/resource/90/1588090_image3_1.jpg";"Type3";"129.4243453342";"35.4835706862";"6";"20230615153520";"3";"052-233-0108";"방어진 활어센터";"44110";0
"고창군 무장면 교흥교촌길 9";"(무장면)";"37";"0";"A02";"A0201";"A02010700";"1624600";"12";"20120508190448";"http://tong.visitkorea.or.kr/cms/resource/77/1602977_image2_1.jpg";"http://tong.visitkorea.or.kr/cms/resource/77/1602977_image3_1.jpg";"Type3";"126.5658484542";"35.4278677058";"6";"20240205103437";"1";"";"무장향교 대성전";"56455";0
"군산시 서수면 내무장길 249";"";"37";"0";"A02";"A0201";"A02010800";"1624663";"12";"202401181743";"http://tong.visitkorea.or.kr/cms/resource/15/1603815_image2_1.jpg";"http://tong.visitkorea.or.kr/cms/resource/15/1603815_image3_1.jpg";"Type3";"126.8535800969";"36.0122283147";"6";"20240118174312";"2";"";"보천사(군산)";"54051";0
"안양시 만안구 예술공원로131번길 49";"(석수동) 부근";"31";"0";"A01";"A0101";"A01010600";"1624669";"12";"20120508194849";"http://tong.visitkorea.or.kr/cms/resource/03/3069903_image2_1.JPG";"http://tong.visitkorea.or.kr/cms/resource/03/3069903_image3_1.JPG";"Type3";"126.9230162967";"37.4206229770";"6";"20231215095245";"17";"031-389-2474";"삼성산산림욕장";"13912";0
"군산시 성산면 성덕리";"";"37";"0";"A02";"A0202";"A02020200";"1624685";"12";"20120508195822";"http://tong.visitkorea.or.kr/cms/resource/35/1603835_image2_1.jpg";"http://tong.visitkorea.or.kr/cms/resource/35/1603835_image3_1.jpg";"Type3";"126.7611076373";"36.0188815227";"";"20240119133808";"2";"";"금강호 관광지";"573-843,11";0
"장수군 천천면 오리골길";"";"37";"0";"A01";"A0101";"A01011800";"1624748";"12";"20120508201645";"http://tong.visitkorea.or.kr/cms/resource/41/1603841_image2_1.jpg";"http://tong.visitkorea.or.kr/cms/resource/41/1603841_image3_1.jpg";"Type3";"127.5300812846";"35.7889155237";"6";"20240118102132";"11";"";"금강";"55605";0
"파주시 쇠재로 91";"(금촌동)";"31";"0";"A02";"A0201";"A02010700";"1624773";"12";"20120508202920";"http://tong.visitkorea.or.kr/cms/resource/40/1591140_image2_1.jpg";"http://tong.visitkorea.or.kr/cms/resource/40/1591140_image3_1.jpg";"Type3";"126.7769175758";"37.7496321061";"6";"20240126100905";"27";"";"교하향교";"10918";0
"안산시 상록구 성포동";"";"31";"0";"A02";"A0202";"A02020700";"1624874";"12";"20120508232212";"http://tong.visitkorea.or.kr/cms/resource/96/3042396_image2_1.JPG";"http://tong.visitkorea.or.kr/cms/resource/96/3042396_image3_1.JPG";"Type3";"126.8550753838";"37.3165116223";"6";"20231219181244";"15";"";"노적봉공원";"15300";0
"무주군 부남면 대소리";"";"37";"0";"A02";"A0202";"A02020700";"1624882";"12";"202401181743";"http://tong.visitkorea.or.kr/cms/resource/41/1604141_image2_1.jpg";"http://tong.visitkorea.or.kr/cms/resource/41/1604141_image3_1.jpg";"Type3";"127.5580405863";"35.9719091046";"6";"20240118174312";"5";"";"부남강변 유원지";"55503";0
"광주시 남한산성면 남한산성로780번길 105";"";"31";"0";"A02";"A0201";"A02010800";"1624998";"12";"20120509004013";"http://tong.visitkorea.or.kr/cms/resource/51/1954551_image2_1.jpg";"http://tong.visitkorea.or.kr/cms/resource/51/1954551_image3_1.jpg";"Type3";"127.1771802770";"37.4840701770";"6";"20231109104907";"5";"";"국청사(경기)";"12700";0
"순창군 팔덕면";"";"37";"0";"A01";"A0101";"A01010900";"1625118";"12";"20120509013523";"http://tong.visitkorea.or.kr/cms/resource/22/3055722_image2_1.jpg";"http://tong.visitkorea.or.kr/cms/resource/22/3055722_image3_1.jpg";"Type3";"127.0647187774";"35.3998321107";"6";"20240119133735";"7";"";"강천사계곡";"56020";0
"정읍시 덕천면 신송길 34-2";"(덕천면)";"37";"0";"A02";"A0201";"A02010500";"1625126";"12";"202401181743";"http://tong.visitkorea.or.kr/cms/resource/39/3060539_image2_1.jpg";"http://tong.visitkorea.or.kr/cms/resource/39/3060539_image3_1.jpg";"Type3";"126.8412271630";"35.6307076647";"6";"20240118174312";"13";"";"강증산 탄생지";"56149";0
"정읍시 고부면 교동4길 18";"";"37";"0";"A02";"A0201";"A02010700";"1625224";"12";"20120509022953";"http://tong.visitkorea.or.kr/cms/resource/17/1605617_image2_1.jpg";"http://tong.visitkorea.or.kr/cms/resource/17/1605617_image3_1.jpg";"Type3";"126.7707336667";"35.6216686028";"6";"20240118110327";"13";"";"고부향교";"56151";0
"정읍시 산외면 산외로 450";"";"37";"0";"A02";"A0203";"A02030100";"1626187";"12";"20120509201314";"http://tong.visitkorea.or.kr/cms/resource/97/3061497_image2_1.jpg";"http://tong.visitkorea.or.kr/cms/resource/97/3061497_image3_1.jpg";"Type3";"127.0406402167";"35.6218398632";"6";"20240118110042";"13";"";"산외한우마을";"56124";0
"정읍시 덕천면 도계1길 34-13";"(덕천면)";"37";"0";"A02";"A0201";"A02010700";"1626301";"12";"202401181743";"http://tong.visitkorea.or.kr/cms/resource/91/1606391_image2_1.jpg";"http://tong.visitkorea.or.kr/cms/resource/91/1606391_image3_1.jpg";"Type3";"126.8122351043";"35.6382924197";"6";"20240118174312";"13";"";"도계서원";"56149";0
"고창군 부안면 미당길 16";"(부안면)";"37";"0";"A02";"A0201";"A02010500";"1626356";"12";"20120509225020";"http://tong.visitkorea.or.kr/cms/resource/91/1606491_image2_1.jpg";"http://tong.visitkorea.or.kr/cms/resource/91/1606491_image3_1.jpg";"Type3";"126.6080114487";"35.5353756544";"6";"20240118112403";"1";"";"미당 서정주 생가";"56418";0
"논산시 노성면 노성산성길 54";"";"34";"0";"A02";"A0201";"A02010700";"1626500";"12";"20120510000819";"http://tong.visitkorea.or.kr/cms/resource/85/1954585_image2_1.jpg";"http://tong.visitkorea.or.kr/cms/resource/85/1954585_image3_1.jpg";"Type3";"127.1306204062";"36.2821939432";"6";"20231208165625";"3";"";"노성향교";"32903";0
"아산시 둔포면 충무로 1258-32";"";"34";"";"A03";"A0303";"A03030500";"1626680";"28";"20120510013247";"http://tong.visitkorea.or.kr/cms/resource/20/3106920_image2_1.JPG";"http://tong.visitkorea.or.kr/cms/resource/20/3106920_image3_1.JPG";"Type3";"127.0321129826";"36.8831898542";"6";"20240228113802";"9";"";"봉재낚시터";"31411";0
"태안군 백리포길 39-4";"";"34";"0";"A01";"A0101";"A01011200";"1626917";"12";"20120510033425";"http://tong.visitkorea.or.kr/cms/resource/34/1599934_image2_1.jpg";"http://tong.visitkorea.or.kr/cms/resource/34/1599934_image3_1.jpg";"Type3";"126.1558775258";"36.8126744500";"6";"20240129155011";"14";"";"백리포해수욕장";"32121";0
"제천시 중말16길 5-4";"(두학동)";"33";"0";"A02";"A0201";"A02010700";"1626920";"12";"20120510034131";"http://tong.visitkorea.or.kr/cms/resource/07/1596807_image2_1.jpg";"http://tong.visitkorea.or.kr/cms/resource/07/1596807_image3_1.jpg";"Type3";"128.2646226187";"37.1365664639";"6";"20231206151147";"7";"";"박약재";"27132";0
"제천시봉양읍 원박리";"";"33";"0";"A01";"A0101";"A01010400";"1626995";"12";"20120510185042";"http://tong.visitkorea.or.kr/cms/resource/52/2639052_image2_1.jpg";"http://tong.visitkorea.or.kr/cms/resource/52/2639052_image3_1.jpg";"Type3";"128.0572965694";"37.1445283432";"6";"20230610080325";"7";"";"박달재";"27111";0
"논산시 노성면 송당리";"";"34";"0";"A02";"A0201";"A02010200";"1626999";"12";"20120510185449";"http://tong.visitkorea.or.kr/cms/resource/44/1600244_image2_1.jpg";"http://tong.visitkorea.or.kr/cms/resource/44/1600244_image3_1.jpg";"Type3";"127.1237151149";"36.2954228643";"6";"20231211123203";"3";"";"논산 노성산성";"32902";0
"예산군 덕산면 덕산향교길 88-34";"";"34";"0";"A02";"A0201";"A02010700";"1627197";"12";"20120510203048";"http://tong.visitkorea.or.kr/cms/resource/05/1601705_image2_1.jpg";"http://tong.visitkorea.or.kr/cms/resource/05/1601705_image3_1.jpg";"Type3";"126.6574017788";"36.7000516122";"6";"20231208163748";"11";"";"덕산향교";"32406";0
"충주시 산척면 인등로 177";"";"33";"0";"A02";"A0202";"A02020700";"1627240";"12";"20120510221113";"http://tong.visitkorea.or.kr/cms/resource/07/1597207_image2_1.jpg";"http://tong.visitkorea.or.kr/cms/resource/07/1597207_image3_1.jpg";"Type3";"128.0320787544";"37.0705641702";"6";"20230330105045";"11";"";"삼탄유원지";"27316";0
"보령시 주포면 향교말길 45";"(주포면)";"34";"0";"A02";"A0201";"A02010700";"1627243";"12";"20120510221248";"http://tong.visitkorea.or.kr/cms/resource/89/1602689_image2_1.jpg";"http://tong.visitkorea.or.kr/cms/resource/89/1602689_image3_1.jpg";"Type3";"126.5950344991";"36.4114781631";"6";"20231208171252";"5";"";"보령향교";"33414";0
"홍성군 결성면 홍남서로707번길 21-8";"";"34";"0";"A02";"A0201";"A02010700";"1627251";"12";"20120510221657";"http://tong.visitkorea.or.kr/cms/resource/27/1602727_image2_1.jpg";"http://tong.visitkorea.or.kr/cms/resource/27/1602727_image3_1.jpg";"Type3";"126.5431610786";"36.5289137789";"6";"20231208163041";"15";"";"결성향교";"32212";0
"단양군 선암계곡로 790 상선암";"";"33";"0";"A01";"A0101";"A01010900";"1627287";"12";"20120510223258";"http://tong.visitkorea.or.kr/cms/resource/81/1598381_image2_1.jpg";"http://tong.visitkorea.or.kr/cms/resource/81/1598381_image3_1.jpg";"Type3";"128.2907390736";"36.8722306624";"6";"20230922133200";"2";"";"상선암";"27026";0
"홍성군 결성면 읍내리";"";"34";"0";"A02";"A0201";"A02010100";"1627302";"12";"20120510223603";"http://tong.visitkorea.or.kr/cms/resource/59/1602759_image2_1.jpg";"http://tong.visitkorea.or.kr/cms/resource/59/1602759_image3_1.jpg";"Type3";"126.5449721605";"36.5238393931";"6";"20231102101106";"15";"";"결성동헌";"32212";0
"단양군 영춘면 북벽길 51-3";"(영춘면)";"33";"0";"A01";"A0102";"A01020200";"1627315";"12";"20120510224614";"http://tong.visitkorea.or.kr/cms/resource/26/3064126_image2_1.jpg";"http://tong.visitkorea.or.kr/cms/resource/26/3064126_image3_1.jpg";"Type3";"128.4942174981";"37.0828630735";"6";"20231226145234";"2";"";"북벽";"27018";0
"정선군 신동읍 방제2리";"";"32";"";"A02";"A0207";"A02070200";"1634216";"15";"20120530190345";"http://tong.visitkorea.or.kr/cms/resource/96/2600796_image2_1.jpg";"http://tong.visitkorea.or.kr/cms/resource/96/2600796_image2_1.jpg";"Type3";"128.7221795998";"37.2041395751";"6";"20240206130654";"11";"033-560-2829";"두위봉 철쭉제";"";0
"충주시 가금면 가흥리";"986-15";"33";"0";"A01";"A0101";"A01010500";"1646664";"12";"20120619015851";"http://tong.visitkorea.or.kr/cms/resource/68/3062668_image2_1.JPG";"http://tong.visitkorea.or.kr/cms/resource/68/3062668_image3_1.JPG";"Type3";"127.8393930232";"37.0802706045";"6";"20231208105206";"11";"";"봉황경(능암리섬)";"380-921,1";0
"제천시 한수면 미륵송계로 1647";"";"33";"";"A03";"A0302";"A03021700";"1684574";"28";"20120801022654";"http://tong.visitkorea.or.kr/cms/resource/94/2033494_image2_1.jpg";"http://tong.visitkorea.or.kr/cms/resource/94/2033494_image3_1.jpg";"Type3";"128.0926881084";"36.8459772193";"6";"20230918172422";"7";"";"닷돈재야영장";"27226";0
"제천시 내제로31길 22";"(청전동)";"33";"0";"A02";"A0206";"A02060500";"1684728";"14";"20120801200537";"http://tong.visitkorea.or.kr/cms/resource/47/2366247_image2_1.jpg";"http://tong.visitkorea.or.kr/cms/resource/47/2366247_image3_1.jpg";"Type3";"128.2154433546";"37.1484308439";"6";"20230816163814";"7";"";"박정우 염색갤러리";"27152";0
"군산시 해망로 240 군산근대역사박물관";"";"37";"0";"A02";"A0206";"A02060100";"1684836";"14";"20120801224600";"http://tong.visitkorea.or.kr/cms/resource/67/2367267_image2_1.jpg";"http://tong.visitkorea.or.kr/cms/resource/67/2367267_image3_1.jpg";"Type3";"126.7119655377";"35.9908644357";"6";"20240320151751";"2";"";"군산근대역사박물관";"54021";0
"성북구 동소문동2가";"130-2 성북천 분수마루 및 성북천 일대(한성대입구역 2번출구)";"1";"";"A02";"A0207";"A02070200";"1684988";"15";"20120802010617";"http://tong.visitkorea.or.kr/cms/resource/80/2997780_image2_1.jpg";"http://tong.visitkorea.or.kr/cms/resource/80/2997780_image3_1.jpg";"Type3";"127.0066733932";"37.5882550057";"6";"20240206130654";"17";"02-2241-6383";"라틴아메리카 축제";"02860";0
"충주시 신니면 동락1길 3-5";"";"33";"0";"A02";"A0206";"A02060200";"1686651";"14";"20120806203931";"http://tong.visitkorea.or.kr/cms/resource/34/3062734_image2_1.JPG";"http://tong.visitkorea.or.kr/cms/resource/34/3062734_image3_1.JPG";"Type3";"127.6867978305";"37.0036210815";"6";"20231208135657";"11";"";"김재옥교사기념관";"27455";0
"양천구 목동동로 167";"(신정동)";"1";"0";"A02";"A0203";"A02030400";"1710166";"12";"20120908004928";"http://tong.visitkorea.or.kr/cms/resource/64/1984664_image2_1.jpg";"http://tong.visitkorea.or.kr/cms/resource/64/1984664_image3_1.jpg";"Type3";"126.8700849711";"37.5207742914";"6";"20231205114700";"19";"";"국제선센터";"08013";0
"속초시 조양동";"1546-1";"32";"";"A02";"A0207";"A02070200";"1718491";"15";"20120914021459";"http://tong.visitkorea.or.kr/cms/resource/82/3013282_image2_1.jpg";"http://tong.visitkorea.or.kr/cms/resource/82/3013282_image3_1.jpg";"Type3";"128.5844618782";"38.1909366408";"6";"20240206130654";"5";"033-636-0670";"설악문화제";"24880";0
"대덕구 장동 산85";"";"3";"";"A03";"A0302";"A03022700";"1720749";"28";"20120918202119";"http://tong.visitkorea.or.kr/cms/resource/08/2661808_image2_1.jpg";"http://tong.visitkorea.or.kr/cms/resource/08/2661808_image2_1.jpg";"Type3";"127.4492219591";"36.4032551669";"6";"20240319103828";"1";"";"계족산 황톳길";"34345";0
"고양시 일산동구 호수로 595";"고양꽃전시관";"31";"";"A02";"A0207";"A02070200";"1725993";"15";"20120927041535";"http://tong.visitkorea.or.kr/cms/resource/77/3010577_image2_1.JPG";"http://tong.visitkorea.or.kr/cms/resource/77/3010577_image3_1.JPG";"Type3";"126.7686654803";"37.6538792239";"6";"20240206130654";"2";"031-908-7750";"고양가을꽃축제";"10400";0
"남해군 독일로 89-7";"남해군 독일마을";"36";"";"A02";"A0207";"A02070200";"1726052";"15";"20120927041629";"http://tong.visitkorea.or.kr/cms/resource/21/2993621_image2_1.JPG";"http://tong.visitkorea.or.kr/cms/resource/21/2993621_image3_1.JPG";"Type3";"128.0383624398";"34.8000859569";"6";"20240206130654";"5";"055-860-8603";"독일마을맥주축제";"52448";0
"목포시 석현로 28";"";"38";"";"A04";"A0401";"A04010200";"1730879";"38";"20121010010256";"http://tong.visitkorea.or.kr/cms/resource/03/3060703_image2_1.jpg";"http://tong.visitkorea.or.kr/cms/resource/03/3060703_image3_1.jpg";"Type3";"126.4246260181";"34.8153651607";"6";"20231206141102";"8";"061-284-4389";"목포 청호시장";"58656";0
"거제시 거제면 거제남서로 3577";"";"36";"";"A02";"A0207";"A02070200";"1732929";"15";"20121015222933";"http://tong.visitkorea.or.kr/cms/resource/12/2678112_image2_1.jpg";"http://tong.visitkorea.or.kr/cms/resource/12/2678112_image2_1.jpg";"Type3";"128.5795665696";"34.8565698127";"6";"20240206130654";"1";"055-639-6443";"거제섬꽃축제";"53285";0
"거제시 장승포로 101";"";"36";"";"B02";"B0201";"B02010900";"1746368";"32";"20121101235501";"http://tong.visitkorea.or.kr/cms/resource/88/1744188_image2_1.jpg";"http://tong.visitkorea.or.kr/cms/resource/88/1744188_image3_1.jpg";"Type3";"128.7295783462";"34.8632578822";"6";"20231017144355";"1";"055-681-6362";"라이트하우스호텔";"53319";0
"대덕구 대전로 1348";"(읍내동)";"3";"0";"A02";"A0206";"A02060600";"1747497";"14";"20121103014945";"http://tong.visitkorea.or.kr/cms/resource/32/3033032_image2_1.JPG";"http://tong.visitkorea.or.kr/cms/resource/32/3033032_image3_1.JPG";"Type3";"127.4206308660";"36.3741052155";"6";"20231107113622";"1";"";"대덕문예회관";"34360";0
"미추홀구 주안중로 32";"";"2";"";"B02";"B0201";"B02010900";"1747890";"32";"20121106003847";"http://tong.visitkorea.or.kr/cms/resource/10/1745410_image2_1.jpg";"http://tong.visitkorea.or.kr/cms/resource/10/1745410_image3_1.jpg";"Type3";"126.6830120251";"37.4612528866";"6";"20231227110559";"3";"0507-725-3965";"로지호텔";"22135";0
"연수구 능허대로 124";"";"2";"";"B02";"B0201";"B02010900";"1747999";"32";"20121106012407";"http://tong.visitkorea.or.kr/cms/resource/07/1745607_image2_1.jpg";"http://tong.visitkorea.or.kr/cms/resource/07/1745607_image3_1.jpg";"Type3";"126.6432834219";"37.4213484880";"6";"20231018131712";"8";"032-831-2234";"리치호텔";"21959";0
"연수구 능허대로104번길 59";"";"2";"";"B02";"B0201";"B02010900";"1748010";"32";"20121106012636";"http://tong.visitkorea.or.kr/cms/resource/15/1745615_image2_1.jpg";"http://tong.visitkorea.or.kr/cms/resource/15/1745615_image3_1.jpg";"Type3";"126.6389338101";"37.4216539314";"6";"20231031111646";"8";"032-831-2141";"보보스모텔";"21959";0
"제주시 구좌읍 송당4길 7";"";"39";"";"B02";"B0201";"B02010900";"1748965";"32";"20121107195337";"http://tong.visitkorea.or.kr/cms/resource/02/1747002_image2_1.jpg";"http://tong.visitkorea.or.kr/cms/resource/02/1747002_image3_1.jpg";"Type3";"126.7842817191";"33.4707099625";"6";"20230912135932";"4";"064-783-5089";"샤이니호텔";"63355";0
"제주시 애월읍 고내로13길 79";"";"39";"";"B02";"B0201";"B02010900";"1749012";"32";"20121107224110";"http://tong.visitkorea.or.kr/cms/resource/59/1747059_image2_1.jpg";"http://tong.visitkorea.or.kr/cms/resource/59/1747059_image3_1.jpg";"Type3";"126.3469835852";"33.4711501605";"6";"20230824143915";"4";"064-799-2002";"빌레리조트";"63046";0
"군포시 산본천로183번길 6";"";"31";"";"A04";"A0401";"A04010200";"1750106";"38";"20121110005254";"http://tong.visitkorea.or.kr/cms/resource/25/1941725_image2_1.jpg";"http://tong.visitkorea.or.kr/cms/resource/25/1941725_image3_1.jpg";"Type3";"126.9385024130";"37.3701624405";"6";"20230919154516";"7";"031-399-4248";"산본시장";"15806";0
"강동구 동남로 870";"";"1";"0";"A02";"A0206";"A02060600";"1750737";"14";"20121113010214";"http://tong.visitkorea.or.kr/cms/resource/74/2030474_image2_1.jpg";"http://tong.visitkorea.or.kr/cms/resource/74/2030474_image3_1.jpg";"Type3";"127.1573440585";"37.5512009153";"6";"20230328135047";"2";"";"강동아트센터";"05278";0
"노원구 중계로 181";"(중계동)";"1";"0";"A02";"A0206";"A02060600";"1750763";"14";"20121113012031";"http://tong.visitkorea.or.kr/cms/resource/49/2030349_image2_1.jpg";"http://tong.visitkorea.or.kr/cms/resource/49/2030349_image3_1.jpg";"Type3";"127.0802482553";"37.6502463461";"6";"20230223160841";"9";"";"노원문화예술회관";"01736";0
"남동구 아암대로1437번길 32";"(논현동)";"2";"0";"A02";"A0206";"A02060600";"1752779";"14";"20121115225325";"http://tong.visitkorea.or.kr/cms/resource/34/3037134_image2_1.jpg";"http://tong.visitkorea.or.kr/cms/resource/34/3037134_image3_1.jpg";"Type3";"126.7247102734";"37.3875121875";"6";"20231113100545";"4";"";"남동소래아트홀";"21684";0
"용인시 처인구 중부대로 1199";"(삼가동)";"31";"0";"A02";"A0206";"A02060600";"1753541";"14";"20121117011455";"http://tong.visitkorea.or.kr/cms/resource/09/3068809_image2_1.jpg";"http://tong.visitkorea.or.kr/cms/resource/09/3068809_image3_1.jpg";"Type3";"127.1774732269";"37.2412455395";"6";"20231214142828";"23";"";"문화예술원 마루홀";"17019";0
"광명시 광이로13번길 17-5";"(광명동)";"31";"";"A04";"A0401";"A04010200";"1754696";"38";"20121120222921";"http://tong.visitkorea.or.kr/cms/resource/19/1978519_image2_1.jpg";"http://tong.visitkorea.or.kr/cms/resource/19/1978519_image3_1.jpg";"Type3";"126.8561512766";"37.4799343436";"6";"20231205145110";"4";"02-2614-0006";"광명전통시장";"14220";0
"광명시 광명로831번길 34";"";"31";"";"A04";"A0401";"A04010200";"1754745";"38";"20121120223653";"http://tong.visitkorea.or.kr/cms/resource/07/1978507_image2_1.jpg";"http://tong.visitkorea.or.kr/cms/resource/07/1978507_image3_1.jpg";"Type3";"126.8479854999";"37.4747348018";"6";"20230912094718";"4";"02-2614-5292";"광명새마을시장";"14292";0
"동대문구 천호대로4길 21";"";"1";"";"A04";"A0401";"A04010200";"1754832";"38";"20121120234122";"http://tong.visitkorea.or.kr/cms/resource/11/1986111_image2_1.jpg";"http://tong.visitkorea.or.kr/cms/resource/11/1986111_image3_1.jpg";"Type3";"127.0254665660";"37.5727182604";"6";"20230322101108";"11";"";"서울풍물시장";"02586";0
"부안군 부안읍 예술회관길 11";"";"37";"0";"A02";"A0206";"A02060600";"1755818";"14";"202401181743";"http://tong.visitkorea.or.kr/cms/resource/88/2020888_image2_1.jpg";"http://tong.visitkorea.or.kr/cms/resource/88/2020888_image2_1.jpg";"Type3";"126.7253989720";"35.7243700423";"6";"20240118174312";"6";"";"부안예술회관";"56311";0
"창원시 성산구 마디미로 28";"";"36";"";"A04";"A0401";"A04010200";"1758000";"38";"20121128023458";"http://tong.visitkorea.or.kr/cms/resource/63/2042063_image2_1.jpg";"http://tong.visitkorea.or.kr/cms/resource/63/2042063_image3_1.jpg";"Type3";"128.6834060679";"35.2222279550";"6";"20230307094332";"16";"055-262-1494";"대끼리 상남시장";"51496";0
"김천시 김천로 100";"(평화동)";"35";"";"A04";"A0401";"A04010200";"1764582";"38";"20121211032549";"http://tong.visitkorea.or.kr/cms/resource/63/1968963_image2_1.jpg";"http://tong.visitkorea.or.kr/cms/resource/63/1968963_image3_1.jpg";"Type3";"128.1131566034";"36.1237018015";"6";"20230921121901";"6";"054-431-2155";"김천 평화시장";"39609";0
"부여군 부여읍 중앙로 15";"";"34";"";"A04";"A0401";"A04010200";"1792845";"38";"20130205005539";"http://tong.visitkorea.or.kr/cms/resource/24/3038924_image2_1.JPG";"http://tong.visitkorea.or.kr/cms/resource/24/3038924_image3_1.JPG";"Type3";"126.9121900121";"36.2808402864";"6";"20231114121510";"6";"";"부여 중앙시장";"33146";0
"서귀포시 안덕면 산록남로762번길 69";"(안덕면)";"39";"0";"A02";"A0206";"A02060100";"1798082";"14";"20130301010209";"http://tong.visitkorea.or.kr/cms/resource/23/2873323_image2_1.jpg";"http://tong.visitkorea.or.kr/cms/resource/23/2873323_image3_1.jpg";"Type3";"126.3919251089";"33.3033416520";"6";"20240320144252";"3";"";"본태박물관";"63525";0
"달서구 공원순환로 36";"";"4";"";"A02";"A0207";"A02070100";"1801011";"15";"20130326194130";"http://tong.visitkorea.or.kr/cms/resource/76/2689776_image2_1.png";"http://tong.visitkorea.or.kr/cms/resource/76/2689776_image2_1.png";"Type3";"128.5587997668";"35.8508964729";"6";"20231116110252";"2";"053-248-9998";"대구치맥페스티벌";"42672";0
"달성군 유가읍 일연선사길 99";"";"4";"";"A02";"A0207";"A02070200";"1803449";"15";"20130408231912";"http://tong.visitkorea.or.kr/cms/resource/88/3094988_image2_1.jpg";"http://tong.visitkorea.or.kr/cms/resource/88/3094988_image3_1.jpg";"Type3";"128.5129249161";"35.6900527100";"6";"20240409154028";"3";"053-668-4251";"비슬산 참꽃문화제";"42991";0
"원주시 지정면 송정로 130";"";"32";"0";"A02";"A0202";"A02020600";"1803581";"12";"20130410001426";"http://tong.visitkorea.or.kr/cms/resource/86/2603186_image2_1.bmp";"http://tong.visitkorea.or.kr/cms/resource/86/2603186_image2_1.bmp";"Type3";"127.8687369354";"37.3915991041";"6";"20230703185702";"9";"";"돼지문화원";"26358";0
"제주시 오라이동";"3819-11";"39";"";"A02";"A0207";"A02070200";"1803870";"15";"20130411182903";"http://tong.visitkorea.or.kr/cms/resource/98/2592398_image2_1.jpg";"http://tong.visitkorea.or.kr/cms/resource/98/2592398_image2_1.jpg";"Type3";"126.5166442050";"33.4547518877";"6";"20240307151327";"4";"010-7918-5599";"방선문축제";"63147";0
"군포시 산본동";"1152-14";"31";"";"A02";"A0207";"A02070200";"1804396";"15";"20130415200918";"http://tong.visitkorea.or.kr/cms/resource/07/3112307_image2_1.jpg";"http://tong.visitkorea.or.kr/cms/resource/07/3112307_image3_1.jpg";"Type3";"126.9245707552";"37.3555472205";"6";"20240402114044";"7";"031-390-3555";"군포 철쭉축제";"15801";0
"영등포구 여의공원로 68 여의도공원관리사무소";"";"1";"";"A02";"A0207";"A02070200";"1805176";"15";"20130417191618";"http://tong.visitkorea.or.kr/cms/resource/24/3113524_image2_1.jpg";"http://tong.visitkorea.or.kr/cms/resource/24/3113524_image3_1.jpg";"Type3";"126.9222939310";"37.5268578503";"6";"20240415173138";"20";"02-3706-1560";"서울안전한마당";"07243";0
"금정구 공해4길 11";"";"6";"";"A05";"A0502";"A05020100";"1805498";"39";"20130418185557";"http://tong.visitkorea.or.kr/cms/resource/66/1982666_image2_1.jpg";"http://tong.visitkorea.or.kr/cms/resource/66/1982666_image3_1.jpg";"Type3";"129.0551730462";"35.2441295442";"6";"20231024161057";"2";"051-517-5705";"기장집";"46238";0
"종로구 종로12길 7";"";"1";"";"A05";"A0502";"A05020200";"1806296";"39";"20130430192448";"http://tong.visitkorea.or.kr/cms/resource/57/1903957_image2_1.jpg";"http://tong.visitkorea.or.kr/cms/resource/57/1903957_image3_1.jpg";"Type3";"126.9858813701";"37.5696845685";"6";"20230217105003";"23";"02-734-2057";"떼아떼베네";"03190";0
"강동구 동남로 870 강동아트센터";"";"1";"";"A02";"A0207";"A02070200";"1806376";"15";"20130422192127";"http://tong.visitkorea.or.kr/cms/resource/47/3018347_image2_1.jpg";"http://tong.visitkorea.or.kr/cms/resource/47/3018347_image3_1.jpg";"Type3";"127.1574079432";"37.5511370351";"6";"20240206130654";"2";"천호(총괄) 02-488-7223, 성내 02-471-0044, 해공 02-478-9656, 강일 02-427-4004, 암사 02-429-0476, 둔촌 02-489-6557";"강동북페스티벌";"05278";0
"함평군 함평읍 시장길 32";"";"38";"";"A05";"A0502";"A05020100";"1809315";"39";"20130506192602";"http://tong.visitkorea.or.kr/cms/resource/70/1809370_image2_1.jpg";"http://tong.visitkorea.or.kr/cms/resource/70/1809370_image3_1.jpg";"Type3";"126.5228112809";"35.0642331529";"6";"20231201104357";"22";"061-322-2764";"목포식당";"57152";0
"함평군 함평읍 중앙길 106";"";"38";"";"A05";"A0502";"A05020100";"1809340";"39";"20130506195530";"http://tong.visitkorea.or.kr/cms/resource/65/1809365_image2_1.jpg";"http://tong.visitkorea.or.kr/cms/resource/65/1809365_image3_1.jpg";"Type3";"126.5217447045";"35.0643997826";"6";"20230131131921";"22";"010-3628-1570";"나비의 꿈";"57152";0
"광주시 퇴촌면 정영로 941-9";"";"31";"";"A05";"A0502";"A05020200";"1810727";"39";"20130510204216";"http://tong.visitkorea.or.kr/cms/resource/42/1810042_image2_1.jpg";"http://tong.visitkorea.or.kr/cms/resource/42/1810042_image3_1.jpg";"Type3";"127.3838700444";"37.4767803273";"6";"20231030165312";"5";"031-767-0558";"라또마떼";"12712";0
"순천시 순천만길 496";"";"38";"";"A05";"A0502";"A05020100";"1811220";"39";"20130515022821";"http://tong.visitkorea.or.kr/cms/resource/96/2464996_image2_1.jpg";"http://tong.visitkorea.or.kr/cms/resource/96/2464996_image3_1.jpg";"Type3";"127.5073844513";"34.8876807894";"6";"20230220092845";"11";"061-741-5232~3";"들마루";"58027";0
"중구 우현로49번길 33";"";"2";"";"A05";"A0502";"A05020400";"1816514";"39";"20130605013926";"http://tong.visitkorea.or.kr/cms/resource/95/1814995_image2_1.jpg";"http://tong.visitkorea.or.kr/cms/resource/95/1814995_image3_1.jpg";"Type3";"126.6264724544";"37.4714590355";"6";"20231219175058";"10";"032-764-3449";"산동만두 공갈빵";"22322";0
"해남군 송지면 갈산길 25-5";"";"38";"";"A03";"A0302";"A03021700";"1820336";"28";"20130617195206";"http://tong.visitkorea.or.kr/cms/resource/49/1977649_image2_1.jpg";"http://tong.visitkorea.or.kr/cms/resource/49/1977649_image3_1.jpg";"Type3";"126.5200158003";"34.3097651449";"6";"20231106135742";"23";"061-534-0830";"땅끝오토캠핑리조트";"59065";0
"순천시 순천만길 542";"";"38";"";"A05";"A0502";"A05020100";"1821856";"39";"20130621023844";"http://tong.visitkorea.or.kr/cms/resource/08/1973208_image2_1.jpg";"http://tong.visitkorea.or.kr/cms/resource/08/1973208_image3_1.jpg";"Type3";"127.5091148087";"34.8895028368";"6";"20230117131839";"11";"061-741-3157";"대대선창집";"58027";0
"원주시 나비허리길 89";"";"32";"";"A05";"A0502";"A05020100";"1822667";"39";"20130625004933";"http://tong.visitkorea.or.kr/cms/resource/52/1951352_image2_1.jpg";"http://tong.visitkorea.or.kr/cms/resource/52/1951352_image3_1.jpg";"Type3";"127.9613111484";"37.3225004747";"6";"20230803135232";"9";"033-762-6691";"농가";"26471";0
"원주시 원일로 148-3";"";"32";"";"A05";"A0502";"A05020100";"1822763";"39";"20130625020007";"http://tong.visitkorea.or.kr/cms/resource/71/2505671_image2_1.jpg";"http://tong.visitkorea.or.kr/cms/resource/71/2505671_image3_1.jpg";"Type3";"127.9475031946";"37.3522078971";"6";"20230802202630";"9";"033-742-8556";"산정집";"26415";0
"남구 선암호수길 104";"";"7";"0";"A02";"A0202";"A02020700";"1824216";"12";"20130628015950";"http://tong.visitkorea.or.kr/cms/resource/19/2662719_image2_1.bmp";"http://tong.visitkorea.or.kr/cms/resource/19/2662719_image2_1.bmp";"Type3";"129.3260724005";"35.5170400753";"6";"20240306152828";"2";"";"선암호수공원";"44772";0
"영등포구 국회대로 608";"(당산동3가)";"1";"0";"A02";"A0205";"A02050200";"1826438";"12";"20130710015447";"http://tong.visitkorea.or.kr/cms/resource/98/2360898_image2_1.jpg";"http://tong.visitkorea.or.kr/cms/resource/98/2360898_image3_1.jpg";"Type3";"126.9006431406";"37.5263408571";"6";"20230816152139";"20";"";"경찰혼";"07258";0
"광진구 능동로 216";"(능동) 서울어린이대공원 내";"1";"0";"A02";"A0205";"A02050400";"1826457";"12";"20130710020447";"http://tong.visitkorea.or.kr/cms/resource/36/1984636_image2_1.jpg";"http://tong.visitkorea.or.kr/cms/resource/36/1984636_image3_1.jpg";"Type3";"127.0771625000";"37.5500801547";"6";"20231205155306";"6";"";"고당조만식선생동상";"04991";0
"문경시 가은읍 민지리 494";"";"35";"";"A05";"A0502";"A05020100";"1826896";"39";"20130711015913";"http://tong.visitkorea.or.kr/cms/resource/58/1959358_image2_1.jpg";"http://tong.visitkorea.or.kr/cms/resource/58/1959358_image3_1.jpg";"Type3";"128.0179573725";"36.6969595998";"6";"20230915112924";"7";"054-571-3106";"민지송어장";"36993";0
"광진구 능동로 216";"(능동) 서울어린이대공원 내";"1";"0";"A02";"A0205";"A02050400";"1827189";"12";"20130711223757";"http://tong.visitkorea.or.kr/cms/resource/45/1984645_image2_1.jpg";"http://tong.visitkorea.or.kr/cms/resource/45/1984645_image3_1.jpg";"Type3";"127.0763931608";"37.5488358400";"6";"20230217093436";"6";"";"고하송진우선생동상";"04991";0
"중구 을지로 66";"(을지로2가) 외환은행 본점 앞";"1";"0";"A02";"A0205";"A02050400";"1827190";"12";"20130711224147";"http://tong.visitkorea.or.kr/cms/resource/66/3077666_image2_1.JPG";"http://tong.visitkorea.or.kr/cms/resource/66/3077666_image3_1.JPG";"Type3";"126.9850482312";"37.5655100385";"6";"20240102141617";"24";"";"나석주의사동상";"04538";0
"광진구 능동로 216";"(능동) 서울어린이대공원 내";"1";"0";"A02";"A0205";"A02050400";"1827191";"12";"20130711225100";"http://tong.visitkorea.or.kr/cms/resource/87/1984687_image2_1.jpg";"http://tong.visitkorea.or.kr/cms/resource/87/1984687_image3_1.jpg";"Type3";"127.0763931608";"37.5488358400";"6";"20231205155600";"6";"";"남강이승훈선생동상";"04991";0
"제주시 우평로 19";"";"39";"";"A05";"A0502";"A05020100";"1827790";"39";"20130712234017";"http://tong.visitkorea.or.kr/cms/resource/45/2675145_image2_1.jpg";"http://tong.visitkorea.or.kr/cms/resource/45/2675145_image2_1.jpg";"Type3";"126.4640871155";"33.4788761598";"6";"20230313112456";"4";"064-746-8989";"돈사돈";"63107";0
"경주시 외동읍 산업로 2838";"";"35";"";"A05";"A0502";"A05020100";"1827807";"39";"20130712235608";"http://tong.visitkorea.or.kr/cms/resource/27/1969327_image2_1.jpg";"http://tong.visitkorea.or.kr/cms/resource/27/1969327_image3_1.jpg";"Type3";"129.3133943042";"35.7636509662";"6";"20230616145832";"2";"054-746-6308";"석거돈";"38210";0
"군산시 월명로 382";"";"37";"";"A05";"A0502";"A05020400";"1827859";"39";"202401181743";"http://tong.visitkorea.or.kr/cms/resource/09/3083009_image2_1.png";"http://tong.visitkorea.or.kr/cms/resource/09/3083009_image3_1.png";"Type3";"126.7157710807";"35.9782076126";"6";"20240118174312";"2";"063-445-8412";"복성루";"54039";0
"경산시 삼성현로37길 3";"";"35";"";"A05";"A0502";"A05020100";"1828073";"39";"20130715192834";"http://tong.visitkorea.or.kr/cms/resource/36/2383736_image2_1.JPG";"http://tong.visitkorea.or.kr/cms/resource/36/2383736_image2_1.JPG";"Type3";"128.7231973490";"35.8170533362";"6";"20230524161221";"1";"053-811-3931";"기와집찜식당";"38682";0
"평택시 중앙시장로25번길 15";"";"31";"";"A05";"A0502";"A05020100";"1828121";"39";"20130715202200";"http://tong.visitkorea.or.kr/cms/resource/72/1914772_image2_1.jpg";"http://tong.visitkorea.or.kr/cms/resource/72/1914772_image3_1.jpg";"Type3";"127.0526751157";"37.0808729616";"6";"20230926163704";"28";"031-666-3648";"김네집";"17758";0
"문경시 매봉로 68";"";"35";"";"A05";"A0502";"A05020100";"1828179";"39";"20130716011419";"http://tong.visitkorea.or.kr/cms/resource/53/1959353_image2_1.jpg";"http://tong.visitkorea.or.kr/cms/resource/53/1959353_image3_1.jpg";"Type3";"128.1808236244";"36.5904831231";"6";"20230525161310";"7";"054-555-0808";"모란면옥";"36977";0
"달서구 한실로6길 165-7";"";"4";"";"A05";"A0502";"A05020100";"1828214";"39";"20130716191752";"http://tong.visitkorea.or.kr/cms/resource/13/1970313_image2_1.jpg";"http://tong.visitkorea.or.kr/cms/resource/13/1970313_image3_1.jpg";"Type3";"128.5300038982";"35.7933330126";"6";"20230907095645";"2";"053-643-7799";"동이식당";"42829";0
"경산시 자인면 자인로 206-4";"";"35";"";"A05";"A0502";"A05020100";"1828226";"39";"20130716193039";"http://tong.visitkorea.or.kr/cms/resource/86/1969286_image2_1.jpg";"http://tong.visitkorea.or.kr/cms/resource/86/1969286_image3_1.jpg";"Type3";"128.8229885911";"35.8164885840";"6";"20231211143709";"1";"053-853-9630";"북삼식당";"38556";0
"동구 율하동로24길 31";"(신기동)";"4";"";"A05";"A0502";"A05020100";"1828249";"39";"20130716194459";"http://tong.visitkorea.or.kr/cms/resource/47/1970347_image2_1.jpg";"http://tong.visitkorea.or.kr/cms/resource/47/1970347_image3_1.jpg";"Type3";"128.7057779677";"35.8696609516";"6";"20231108162800";"4";"053-964-3117";"부부식당";"41114";0
"경산시 진량읍 다문로 99";"";"35";"";"A05";"A0502";"A05020100";"1828271";"39";"20130716203155";"http://tong.visitkorea.or.kr/cms/resource/59/1969259_image2_1.jpg";"http://tong.visitkorea.or.kr/cms/resource/59/1969259_image3_1.jpg";"Type3";"128.8217759073";"35.8763623468";"6";"20230119183002";"1";"053-854-2888";"대운순대국";"38456";0
"서대문구 통일로 251";"(현저동)";"1";"0";"A02";"A0201";"A02010100";"1828571";"12";"20130717192817";"http://tong.visitkorea.or.kr/cms/resource/28/2413928_image2_1.jpg";"http://tong.visitkorea.or.kr/cms/resource/28/2413928_image3_1.jpg";"Type3";"126.9581338041";"37.5730642335";"6";"20230718130225";"14";"";"독립관";"03732";0
"경산시 진량읍 공단1로 20";"";"35";"";"A05";"A0502";"A05020100";"1828643";"39";"20130717204057";"http://tong.visitkorea.or.kr/cms/resource/90/1969290_image2_1.jpg";"http://tong.visitkorea.or.kr/cms/resource/90/1969290_image3_1.jpg";"Type3";"128.8209871648";"35.8736209758";"6";"20230705153514";"1";"053-856-9767";"복어세상";"38458";0
"경산시 남산면 산양1길 6";"";"35";"";"A05";"A0502";"A05020100";"1828958";"39";"20130718180152";"http://tong.visitkorea.or.kr/cms/resource/49/1969249_image2_1.jpg";"http://tong.visitkorea.or.kr/cms/resource/49/1969249_image3_1.jpg";"Type3";"128.8362325120";"35.7936330800";"6";"20230704113106";"1";"053-852-5124";"남산식육식당";"38572";0
"경산시 중앙로17길 35";"";"35";"";"A05";"A0502";"A05020100";"1829273";"39";"20130719223756";"http://tong.visitkorea.or.kr/cms/resource/69/1969269_image2_1.jpg";"http://tong.visitkorea.or.kr/cms/resource/69/1969269_image3_1.jpg";"Type3";"128.7348960604";"35.8263552787";"6";"20230612160504";"1";"053-815-7571";"동해횟집";"38623";0
"예천군 예천읍 맛고을길 36";"";"35";"";"A05";"A0502";"A05020100";"1830580";"39";"20130725230346";"http://tong.visitkorea.or.kr/cms/resource/71/1959371_image2_1.jpg";"http://tong.visitkorea.or.kr/cms/resource/71/1959371_image3_1.jpg";"Type3";"128.4528752854";"36.6558445864";"6";"20230612154431";"16";"054-654-4514";"삼일분식";"36828";0
"경산시 진량읍 공단1로 23";"";"35";"";"A05";"A0502";"A05020100";"1830659";"39";"20130726002954";"http://tong.visitkorea.or.kr/cms/resource/23/1969223_image2_1.jpg";"http://tong.visitkorea.or.kr/cms/resource/23/1969223_image3_1.jpg";"Type3";"128.8215537683";"35.8740848228";"6";"20230614175522";"1";"053-857-3232";"고기마실";"38457";0
"양양군 서면 미천골길 115";"(서면, 매표소)";"32";"0";"A01";"A0101";"A01011000";"1830997";"12";"20130727001348";"http://tong.visitkorea.or.kr/cms/resource/27/1930427_image2_1.jpg";"http://tong.visitkorea.or.kr/cms/resource/27/1930427_image3_1.jpg";"Type3";"128.5269526196";"37.9408840360";"6";"20230703075334";"7";"";"불바라기약수터";"25040";0
"용인시 기흥구 동백3로11번길 43";"";"31";"";"B02";"B0201";"B02010900";"1831623";"32";"20130730015940";"http://tong.visitkorea.or.kr/cms/resource/35/1831735_image2_1.jpg";"http://tong.visitkorea.or.kr/cms/resource/35/1831735_image2_1.jpg";"Type3";"127.1503192607";"37.2722553522";"6";"20230921105448";"23";"031-284-3434";"리디자인호텔";"17006";0
"포항시 북구 송라면 보경로 475";"";"35";"";"A05";"A0502";"A05020100";"1832104";"39";"20130731021226";"http://tong.visitkorea.or.kr/cms/resource/09/1937909_image2_1.jpg";"http://tong.visitkorea.or.kr/cms/resource/09/1937909_image3_1.jpg";"Type3";"129.3191548736";"36.2467825577";"6";"20230127155958";"23";"054-262-2224";"삼보가든";"37509";0
"용산구 한강대로71길 48";"";"1";"";"B02";"B0201";"B02010900";"1834542";"32";"20130807011400";"http://tong.visitkorea.or.kr/cms/resource/71/1834571_image2_1.JPG";"http://tong.visitkorea.or.kr/cms/resource/71/1834571_image2_1.JPG";"Type3";"126.9721584183";"37.5414987089";"6";"20230915142924";"21";"02-792-9993~4";"레인보우호텔";"04322";0
"순천시 장선배기2길 12";"";"38";"";"B02";"B0201";"B02010900";"1836374";"32";"20130809224425";"http://tong.visitkorea.or.kr/cms/resource/01/1836401_image2_1.JPG";"http://tong.visitkorea.or.kr/cms/resource/01/1836401_image2_1.JPG";"Type3";"127.5258700132";"34.9547596839";"6";"20230821172727";"11";"0507-1307-7730";"노블레스호텔";"57968";0
"태안군 소원면 만리포2길 235-9";"";"34";"";"B02";"B0201";"B02010900";"1836470";"32";"20130809232845";"http://tong.visitkorea.or.kr/cms/resource/06/1836506_image2_1.JPG";"http://tong.visitkorea.or.kr/cms/resource/06/1836506_image2_1.JPG";"Type3";"126.1465788549";"36.7941986478";"6";"20231011102619";"14";"041-675-9551";"베이브리즈가족호텔";"32121";0
"무주군 설천면 만선로 36-19";"";"37";"";"B02";"B0201";"B02010900";"1836508";"32";"20130809233931";"http://tong.visitkorea.or.kr/cms/resource/56/1836556_image2_1.jpg";"http://tong.visitkorea.or.kr/cms/resource/56/1836556_image2_1.jpg";"Type3";"127.7548581195";"35.9095669153";"6";"20240118104639";"5";"010-9631-1577, 01094498433";"무주스키텔";"55555";0
"안성시 원곡면 반제호수길 25";"";"31";"";"A05";"A0502";"A05020100";"1839317";"39";"20130820230854";"http://tong.visitkorea.or.kr/cms/resource/58/2371158_image2_1.jpg";"http://tong.visitkorea.or.kr/cms/resource/58/2371158_image3_1.jpg";"Type3";"127.1640027168";"37.0247647586";"6";"20231205144132";"16";"031-651-4805";"반제골";"17557";0
"수성구 달구벌대로 3170";"";"4";"";"A02";"A0208";"A02080600";"1841569";"15";"20130902223122";"http://tong.visitkorea.or.kr/cms/resource/30/2388730_image2_1.jpg";"http://tong.visitkorea.or.kr/cms/resource/30/2388730_image2_1.jpg";"Type3";"128.7015654749";"35.8329539154";"6";"20230829164027";"7";"<a href=""http://ua-daegu.com"" target=""_blank"" title=""새창 : 대구도시농업박람회 "">http://ua-daegu.com</a>";"대구도시농업박람회";"42257";0
"정선군 정선읍 병방치길 225";"";"32";"0";"A02";"A0205";"A02050600";"1842210";"12";"20130904203618";"http://tong.visitkorea.or.kr/cms/resource/97/1690997_image2_1.jpg";"http://tong.visitkorea.or.kr/cms/resource/97/1690997_image3_1.jpg";"Type3";"128.6354715236";"37.3623780337";"6";"20240319104249";"11";"";"병방치 스카이워크";"26134";0
"마포구 증산로 14";"";"1";"0";"A02";"A0206";"A02060300";"1845410";"14";"20130916221129";"http://tong.visitkorea.or.kr/cms/resource/54/2037754_image2_1.jpg";"http://tong.visitkorea.or.kr/cms/resource/54/2037754_image3_1.jpg";"Type3";"126.8914679417";"37.5630864227";"6";"20240118154433";"13";"";"서울에너지드림센터";"03901";0
"송파구 충민로 17";"(문정동)";"1";"0";"A02";"A0206";"A02060500";"1845434";"14";"20130916224127";"http://tong.visitkorea.or.kr/cms/resource/67/2031367_image2_1.jpg";"http://tong.visitkorea.or.kr/cms/resource/67/2031367_image2_1.jpg";"Type3";"127.1200606080";"37.4792280418";"6";"20230725181603";"18";"";"래미안 갤러리";"05841";0
"거제시 하청면 거제북로 700";"";"36";"0";"A02";"A0202";"A02020600";"1846020";"12";"20130918023132";"http://tong.visitkorea.or.kr/cms/resource/06/2617806_image2_1.jpg";"http://tong.visitkorea.or.kr/cms/resource/06/2617806_image3_1.jpg";"Type3";"128.6505379959";"34.9676447812";"6";"20230322095340";"1";"";"거제맹종죽테마공원";"53204";0
"군산시 중앙로1가 11-1";"전북 군산시 중앙로1가 11-1";"37";"";"A02";"A0207";"A02070200";"1846797";"15";"20130925221201";"http://tong.visitkorea.or.kr/cms/resource/80/3016680_image2_1.jpg";"http://tong.visitkorea.or.kr/cms/resource/80/3016680_image3_1.jpg";"Type3";"126.7116906420";"35.9878092242";"";"20240312172841";"2";"063-454-3302";"군산시간여행축제";"";0
"안성시 고삼면 안성대로 2126";"";"31";"";"A05";"A0502";"A05020100";"1846815";"39";"20130925225542";"http://tong.visitkorea.or.kr/cms/resource/03/1846803_image2_1.jpg";"http://tong.visitkorea.or.kr/cms/resource/03/1846803_image2_1.jpg";"Type3";"127.2561339499";"37.1002938013";"6";"20231114140934";"16";"031-674-7559";"맛집막국수";"17505";0
"서대문구 연희로 248";"(연희동)";"1";"";"A02";"A0207";"A02070200";"1847202";"15";"20130926193406";"http://tong.visitkorea.or.kr/cms/resource/81/2995981_image2_1.jpg";"http://tong.visitkorea.or.kr/cms/resource/81/2995981_image3_1.jpg";"Type3";"126.9368133493";"37.5792770177";"6";"20240206130654";"14";"02-330-1410";"서대문독립축제";"03718";0
"춘천시 남산면 방하로 429";"";"32";"";"A03";"A0305";"A03050100";"1849403";"28";"20131007235959";"http://tong.visitkorea.or.kr/cms/resource/72/1843272_image2_1.jpg";"http://tong.visitkorea.or.kr/cms/resource/72/1843272_image3_1.jpg";"Type3";"127.5417498778";"37.7732710220";"6";"20230701141041";"13";"033-263-0125";"샘마을레저파크";"24464";0
"종로구 세종대로 198";"(세종로)";"1";"0";"A02";"A0206";"A02060100";"1849416";"14";"20131008001559";"http://tong.visitkorea.or.kr/cms/resource/17/2378617_image2_1.jpg";"http://tong.visitkorea.or.kr/cms/resource/17/2378617_image2_1.jpg";"Type3";"126.9777819886";"37.5739117094";"6";"20240117154144";"23";"";"대한민국역사박물관";"03141";0
"익산시 금마면 무왕로 1790-8";"";"37";"";"A05";"A0502";"A05020100";"1851929";"39";"20131017231329";"http://tong.visitkorea.or.kr/cms/resource/75/1977375_image2_1.jpg";"http://tong.visitkorea.or.kr/cms/resource/75/1977375_image2_1.jpg";"Type3";"127.0454748267";"35.9832849334";"6";"20240118112454";"9";"063-834-1110";"만나먹거리촌";"54573";0
"무주군 무풍면 오두재로 238-65";"";"37";"0";"A02";"A0204";"A02040600";"1853250";"12";"202401181743";"http://tong.visitkorea.or.kr/cms/resource/00/3064700_image2_1.JPG";"http://tong.visitkorea.or.kr/cms/resource/00/3064700_image3_1.JPG";"Type3";"127.8394980850";"35.9003778055";"6";"20240118174312";"5";"";"샤또무주";"55563";0
"전주시 완산구 전주천동로 56";"";"37";"";"A05";"A0502";"A05020100";"1855052";"39";"20131031222359";"http://tong.visitkorea.or.kr/cms/resource/12/1976712_image2_1.jpg";"http://tong.visitkorea.or.kr/cms/resource/12/1976712_image2_1.jpg";"Type3";"127.1545918319";"35.8113397417";"6";"20240118102951";"12";"063-283-0600";"강촌떡갈비";"55045";0
"전주시 완산구 은행로 52";"";"37";"";"A05";"A0502";"A05020100";"1855062";"39";"202401181743";"http://tong.visitkorea.or.kr/cms/resource/33/1976733_image2_1.jpg";"http://tong.visitkorea.or.kr/cms/resource/33/1976733_image3_1.jpg";"Type3";"127.1522808214";"35.8153448021";"6";"20240118174312";"12";"063-288-2232";"교동떡갈비";"55042";0
"전주시 완산구 태조로 26";"";"37";"";"A05";"A0502";"A05020100";"1855141";"39";"20131101004509";"http://tong.visitkorea.or.kr/cms/resource/37/1976737_image2_1.jpg";"http://tong.visitkorea.or.kr/cms/resource/37/1976737_image2_1.jpg";"Type3";"127.1520141969";"35.8146393219";"6";"20240118112650";"12";"063-288-2282";"교동석갈비";"55042";0
"전주시 완산구 은행로 68-10";"";"37";"";"A05";"A0502";"A05020900";"1855402";"39";"202401181743";"http://tong.visitkorea.or.kr/cms/resource/36/1855236_image2_1.jpg";"http://tong.visitkorea.or.kr/cms/resource/36/1855236_image3_1.jpg";"Type3";"127.1521364267";"35.8139310715";"6";"20240118174312";"12";"063-231-9793";"빈스 인 가배몽";"55044";0
"태안군 남면 몽산포길 65-24";"";"34";"";"A03";"A0302";"A03021700";"1859160";"28";"20131114230614";"http://tong.visitkorea.or.kr/cms/resource/31/3055531_image2_1.jpg";"http://tong.visitkorea.or.kr/cms/resource/31/3055531_image3_1.jpg";"Type3";"126.2875693393";"36.6701125895";"6";"20231205165229";"14";"";"몽산포오토캠핑장";"32153";0
"제주시 구좌읍 일주동로 3002";"";"39";"";"A05";"A0502";"A05020100";"1861333";"39";"20131122000035";"http://tong.visitkorea.or.kr/cms/resource/56/1860756_image2_1.jpg";"http://tong.visitkorea.or.kr/cms/resource/56/1860756_image3_1.jpg";"Type3";"126.8420753877";"33.5280378892";"6";"20230816141735";"4";"064-784-7080";"비지곶식당";"63360";0
"제주시 광양13길 25";"";"39";"";"A05";"A0502";"A05020100";"1861336";"39";"20131122000916";"http://tong.visitkorea.or.kr/cms/resource/47/1860747_image2_1.jpg";"http://tong.visitkorea.or.kr/cms/resource/47/1860747_image3_1.jpg";"Type3";"126.5326584566";"33.4998832591";"6";"20230118134335";"4";"0507-1415-1780";"광양해장국";"63209";0
"제주시 연북로 221";"";"39";"";"A05";"A0502";"A05020100";"1861360";"39";"20131122003556";"http://tong.visitkorea.or.kr/cms/resource/50/1860750_image2_1.jpg";"http://tong.visitkorea.or.kr/cms/resource/50/1860750_image3_1.jpg";"Type3";"126.5051390387";"33.4817126104";"6";"20230119140820";"4";"064-746-5128";"모이세해장국";"63145";0
"제주시 관덕로4길 7";"";"39";"";"A04";"A0401";"A04010900";"1862763";"38";"20131126011622";"http://tong.visitkorea.or.kr/cms/resource/51/2948751_image2_1.JPG";"http://tong.visitkorea.or.kr/cms/resource/51/2948751_image3_1.JPG";"Type3";"126.5213730415";"33.5124261350";"6";"20230214164641";"4";"070-8811-9562";"더 아일랜더";"63168";0
"유성구 과학로 169-148";"(어은동)";"3";"0";"A02";"A0204";"A02040800";"1865944";"12";"20131203013959";"http://tong.visitkorea.or.kr/cms/resource/73/2431973_image2_1.jpg";"http://tong.visitkorea.or.kr/cms/resource/73/2431973_image3_1.jpg";"Type3";"127.3541229552";"36.3730597095";"6";"20231120143747";"4";"042-879-6216";"국가핵융합연구소";"34133";0
"제주시 애월읍 평화로 2476-10";"";"39";"";"B02";"B0201";"B02010700";"1869305";"32";"20131210233833";"http://tong.visitkorea.or.kr/cms/resource/15/2560115_image2_1.jpg";"http://tong.visitkorea.or.kr/cms/resource/15/2560115_image2_1.jpg";"Type3";"126.4177005773";"33.4303141320";"6";"20230914140747";"4";"010-8307-0531";"나.미.송";"63065";0
"강릉시 왕산면 대기리 1679-8";"";"32";"";"A03";"A0302";"A03022700";"1869883";"28";"20131211221225";"http://tong.visitkorea.or.kr/cms/resource/97/3007897_image2_1.jpg";"http://tong.visitkorea.or.kr/cms/resource/97/3007897_image3_1.jpg";"Type1";"128.7405002962";"37.5685368228";"6";"20230906112411";"1";"033-647-2540";"노추산 모정탑길";"25642";0
"파주시 조리읍 등원로 131";"";"31";"";"A05";"A0502";"A05020100";"1870659";"39";"20131212231640";"http://tong.visitkorea.or.kr/cms/resource/36/1870036_image2_1.jpg";"http://tong.visitkorea.or.kr/cms/resource/36/1870036_image3_1.jpg";"Type3";"126.8123916955";"37.7641977089";"6";"20231026213948";"27";"031-946-2945";"뇌조리국수집";"10949";0
"파주시 탄현면 성동로 1";"";"31";"";"B02";"B0201";"B02010900";"1873826";"32";"20131219190205";"http://tong.visitkorea.or.kr/cms/resource/53/1873553_image2_1.JPG";"http://tong.visitkorea.or.kr/cms/resource/53/1873553_image2_1.JPG";"Type3";"126.6856222889";"37.7802491315";"6";"20231017163626";"27";"031-945-3086";"듀오텔";"10862";0
"영광군 백수읍 해안로 957";"";"38";"0";"A01";"A0101";"A01010500";"1874060";"12";"20131219233134";"http://tong.visitkorea.or.kr/cms/resource/58/2647158_image2_1.jpg";"http://tong.visitkorea.or.kr/cms/resource/58/2647158_image3_1.jpg";"Type3";"126.3960373556";"35.3644998387";"6";"20240123112120";"16";"061-350-5600(노을전시관)";"백수해안도로";"57025";0
"";"";"37";"";"C01";"C0115";"C01150001";"1874156";"25";"202401181743";"http://tong.visitkorea.or.kr/cms/resource/57/1605757_image2_1.jpg";"http://tong.visitkorea.or.kr/cms/resource/57/1605757_image3_1.jpg";"Type3";"127.4129951099";"35.7640579554";"";"20240118174312";"14";"";"마이산을 걷다";"";0
"중구 신포로23번길 41";"";"2";"";"A05";"A0502";"A05020100";"1876605";"39";"20131227183021";"http://tong.visitkorea.or.kr/cms/resource/37/1873737_image2_1.jpg";"http://tong.visitkorea.or.kr/cms/resource/37/1873737_image3_1.jpg";"Type3";"126.6227394453";"37.4720644549";"6";"20230320105115";"10";"032-773-7890";"명월집";"22314";0
"경주시 대기실3길 11";"";"35";"";"A05";"A0502";"A05020100";"1878721";"39";"20140102231209";"http://tong.visitkorea.or.kr/cms/resource/71/1877671_image2_1.jpg";"http://tong.visitkorea.or.kr/cms/resource/71/1877671_image3_1.jpg";"Type3";"129.2770605031";"35.7941829474";"6";"20230901143059";"2";"054-748-7489";"고두반";"38176";0
"옹진군 영흥면 선재로 311";"";"2";"";"B02";"B0201";"B02010900";"1882243";"32";"20140106222421";"http://tong.visitkorea.or.kr/cms/resource/54/1882254_image2_1.JPG";"http://tong.visitkorea.or.kr/cms/resource/54/1882254_image2_1.JPG";"Type3";"126.5166468290";"37.2524575364";"6";"20230821151844";"9";"032-889-4045";"모텔 마리나";"23122";0
"중구 선녀바위로55번길 18";"";"2";"";"B02";"B0201";"B02010900";"1882357";"32";"20140106235223";"http://tong.visitkorea.or.kr/cms/resource/94/1882394_image2_1.JPG";"http://tong.visitkorea.or.kr/cms/resource/94/1882394_image2_1.JPG";"Type3";"126.3796735824";"37.4418914800";"6";"20231226164503";"10";"032-751-3351";"별자리 호스텔";"22383";0
"제주시 한경면 청수로 13-3";"";"39";"0";"A01";"A0101";"A01010400";"1884202";"12";"20140113194252";"http://tong.visitkorea.or.kr/cms/resource/01/1884201_image2_1.jpg";"http://tong.visitkorea.or.kr/cms/resource/01/1884201_image2_1.jpg";"Type3";"126.2460707194";"33.3209235283";"6";"20231122150552";"4";"064-728-2742";"가메창(암메)";"63006";0
"삼척시 새천년도로 35";"";"32";"";"A05";"A0502";"A05020100";"1884369";"39";"20140114023630";"http://tong.visitkorea.or.kr/cms/resource/91/1885491_image2_1.jpg";"http://tong.visitkorea.or.kr/cms/resource/91/1885491_image3_1.jpg";"Type3";"129.1861393311";"37.4372800614";"6";"20230702043957";"4";"033-574-5870";"동아식당";"25925";0
"부여군 규암면 백제문로 553";"";"34";"0";"A02";"A0206";"A02060100";"1885454";"14";"20140115183622";"http://tong.visitkorea.or.kr/cms/resource/94/1784694_image2_1.jpg";"http://tong.visitkorea.or.kr/cms/resource/94/1784694_image3_1.jpg";"Type3";"126.9170222321";"36.3064874337";"6";"20231207150547";"6";"";"백제원(부여)";"33114";0
"부여군 규암면 백제문로 387";"";"34";"";"A04";"A0401";"A04010600";"1889927";"38";"20140128225136";"http://tong.visitkorea.or.kr/cms/resource/32/3038832_image2_1.JPG";"http://tong.visitkorea.or.kr/cms/resource/32/3038832_image3_1.JPG";"Type3";"126.9019457884";"36.3071620942";"6";"20231114114431";"6";"";"부여 롯데아울렛";"33115";0
"서귀포시 토평로148번길 28";"(토평동)";"39";"";"B02";"B0201";"B02010700";"1891015";"32";"20140205015945";"http://tong.visitkorea.or.kr/cms/resource/44/2480944_image2_1.jpg";"http://tong.visitkorea.or.kr/cms/resource/44/2480944_image2_1.jpg";"Type3";"126.5914111187";"33.2795057737";"6";"20231226163743";"3";"064-733-3399";"끄라비 펜션";"63603";0
"강화군 내가면 고비고개로743번길 47-7";"";"2";"";"B02";"B0201";"B02010700";"1893109";"32";"20140212002417";"http://tong.visitkorea.or.kr/cms/resource/30/1888330_image2_1.jpg";"http://tong.visitkorea.or.kr/cms/resource/30/1888330_image3_1.jpg";"Type3";"126.4075106056";"37.7189069247";"6";"20230912170707";"1";"010-7752-4333";"별장아원";"23018";0
"북구 문주길 170";"(금호동)";"4";"";"A03";"A0302";"A03021600";"1895255";"28";"20140217181423";"http://tong.visitkorea.or.kr/cms/resource/71/1890671_image2_1.jpg";"http://tong.visitkorea.or.kr/cms/resource/71/1890671_image3_1.jpg";"Type3";"128.5243483468";"35.9113223289";"6";"20230327101645";"5";"";"대구사격장";"41491";0
"서귀포시 막숙포로 61";"(법환동)";"39";"";"A05";"A0502";"A05020100";"1896087";"39";"20140219005854";"http://tong.visitkorea.or.kr/cms/resource/85/1895685_image2_1.jpg";"http://tong.visitkorea.or.kr/cms/resource/85/1895685_image2_1.jpg";"Type3";"126.5150992699";"33.2357954981";"6";"20231114104202";"3";"064-739-1674";"법환어촌계횟집";"63573";0
"사천시 어시장길 64";"";"36";"";"A04";"A0401";"A04010200";"1897446";"38";"20140220203321";"http://tong.visitkorea.or.kr/cms/resource/29/1903929_image2_1.jpg";"http://tong.visitkorea.or.kr/cms/resource/29/1903929_image3_1.jpg";"Type3";"128.0717895527";"34.9274389461";"6";"20231013153700";"8";"지역경제과 055-835-3058";"삼천포용궁수산시장";"52569";0
"양평군 서종면 북한강로 641";"";"31";"";"A05";"A0502";"A05020100";"1897558";"39";"20140221005403";"http://tong.visitkorea.or.kr/cms/resource/66/1897166_image2_1.jpg";"http://tong.visitkorea.or.kr/cms/resource/66/1897166_image3_1.jpg";"Type3";"127.3502363518";"37.5955770421";"6";"20230307165621";"19";"031-774-5969";"문호리팥죽";"12503";0
"양평군 서종면 길곡2길 53";"";"31";"";"A05";"A0502";"A05020300";"1897570";"39";"20140221011132";"http://tong.visitkorea.or.kr/cms/resource/55/1897155_image2_1.jpg";"http://tong.visitkorea.or.kr/cms/resource/55/1897155_image3_1.jpg";"Type3";"127.3576127752";"37.6192827579";"6";"20230726174553";"19";"031-774-3670";"사각하늘";"12502";0
"광진구 능동로 216";"(능동)";"1";"0";"A02";"A0206";"A02060300";"1897833";"14";"20140221185205";"http://tong.visitkorea.or.kr/cms/resource/87/2031387_image2_1.jpg";"http://tong.visitkorea.or.kr/cms/resource/87/2031387_image3_1.jpg";"Type3";"127.0809066088";"37.5498913551";"6";"20231018100603";"6";"";"서울상상나라";"04991";0
"서귀포시 표선면 남조로 1487-73";"";"39";"0";"A01";"A0101";"A01010600";"1898484";"12";"20140224184127";"http://tong.visitkorea.or.kr/cms/resource/70/3023770_image2_1.jpg";"http://tong.visitkorea.or.kr/cms/resource/70/3023770_image3_1.jpg";"Type3";"126.6742707606";"33.3952748674";"6";"20240115131634";"3";"";"붉은오름자연휴양림";"63622";0
"무주군 설천면 무설로 1482";"";"37";"0";"A02";"A0206";"A02061100";"1904335";"14";"202401181743";"http://tong.visitkorea.or.kr/cms/resource/29/1970729_image2_1.jpg";"http://tong.visitkorea.or.kr/cms/resource/29/1970729_image2_1.jpg";"Type3";"127.7786783080";"36.0093532183";"6";"20240118174312";"5";"";"국립태권도원";"55547";0
"합천군 율곡면 내천리";"(율곡면)";"36";"0";"A01";"A0101";"A01010500";"1905417";"12";"20140314234709";"http://tong.visitkorea.or.kr/cms/resource/48/2484948_image2_1.jpg";"http://tong.visitkorea.or.kr/cms/resource/48/2484948_image2_1.jpg";"Type3";"128.2343988510";"35.6093817615";"6";"20231018131022";"21";"";"내천못재";"50243";0
"중구 을지로 281";"(을지로7가)";"1";"0";"A02";"A0202";"A02020700";"1906334";"12";"20140319021307";"http://tong.visitkorea.or.kr/cms/resource/04/3064104_image2_1.JPG";"http://tong.visitkorea.or.kr/cms/resource/04/3064104_image3_1.JPG";"Type3";"127.0101708978";"37.5670686420";"6";"20240320143636";"24";"";"동대문역사문화공원";"04566";0
"나주시 반남면 고분로 747";"";"38";"0";"A02";"A0206";"A02060100";"1906729";"14";"20140320223027";"http://tong.visitkorea.or.kr/cms/resource/50/3016550_image2_1.jpg";"http://tong.visitkorea.or.kr/cms/resource/50/3016550_image3_1.jpg";"Type3";"126.6597917191";"34.9148133957";"6";"20230927114234";"6";"";"국립나주박물관";"58301";0
"유성구 도안대로 398";"(상대동)";"3";"0";"A02";"A0206";"A02060100";"1907589";"14";"20140325015859";"http://tong.visitkorea.or.kr/cms/resource/39/3031739_image2_1.JPG";"http://tong.visitkorea.or.kr/cms/resource/39/3031739_image3_1.JPG";"Type3";"127.3353395057";"36.3368468534";"6";"20240319165121";"4";"";"대전시립박물관";"34194";0
"동구 천개동로 34";"";"3";"";"A03";"A0302";"A03022700";"1907688";"28";"20140325184613";"http://tong.visitkorea.or.kr/cms/resource/78/2675778_image2_1.jpg";"http://tong.visitkorea.or.kr/cms/resource/78/2675778_image2_1.jpg";"Type3";"127.4719596145";"36.3739061524";"6";"20230622131741";"2";"";"대청호오백리길";"34500";0
"북구 원대로19길 16";"";"4";"";"A05";"A0502";"A05020100";"1908121";"39";"20140326182124";"http://tong.visitkorea.or.kr/cms/resource/47/1821747_image2_1.jpg";"http://tong.visitkorea.or.kr/cms/resource/47/1821747_image3_1.jpg";"Type3";"128.5804079844";"35.8864789532";"6";"20230822173417";"5";"053-355-4724";"국수마을";"41589";0
"남해군 설천면 설천로775번길 256-17";"";"36";"0";"A02";"A0206";"A02061400";"1908552";"12";"20140327191222";"http://tong.visitkorea.or.kr/cms/resource/24/1808924_image2_1.jpg";"http://tong.visitkorea.or.kr/cms/resource/24/1808924_image3_1.jpg";"Type3";"127.8977490843";"34.9327908408";"6";"20231102150730";"5";"";"남해 양모리학교";"52401";0
"";"";"2";"";"C01";"C0114";"C01140001";"1909312";"25";"20140329004634";"http://tong.visitkorea.or.kr/cms/resource/28/1579328_image2_1.jpg";"http://tong.visitkorea.or.kr/cms/resource/28/1579328_image3_1.jpg";"Type3";"126.3540542726";"37.7233638002";"";"20230810094416";"1";"";"서해 황금들녘길";"";0
"";"";"1";"";"C01";"C0115";"C01150001";"1915680";"25";"20140423235925";"http://tong.visitkorea.or.kr/cms/resource/51/710251_image2_1.jpg";"http://tong.visitkorea.or.kr/cms/resource/51/710251_image3_1.jpg";"Type3";"127.0076821392";"37.5704793121";"";"20230808165753";"23";"";"동대문 투어하기";"";0
"합천군 야로면 미숭산로 343";"";"36";"0";"A02";"A0202";"A02020700";"1916033";"12";"20140425014021";"http://tong.visitkorea.or.kr/cms/resource/40/2486040_image2_1.jpg";"http://tong.visitkorea.or.kr/cms/resource/40/2486040_image2_1.jpg";"Type3";"128.1916772270";"35.7260622385";"6";"20230726141703";"21";"";"미숭산관광지";"50205";0
"완도군 생일면 금곡리";"";"38";"0";"A01";"A0101";"A01011200";"1916699";"12";"20140428232847";"http://tong.visitkorea.or.kr/cms/resource/10/2516110_image2_1.jpg";"http://tong.visitkorea.or.kr/cms/resource/10/2516110_image2_1.jpg";"Type3";"126.9625658558";"34.3121999203";"6";"20230821134239";"18";"";"금곡해수욕장";"59144";0
"마포구 증산로 87";"문화비축기지";"1";"";"A02";"A0207";"A02070200";"1917813";"15";"20140507190152";"http://tong.visitkorea.or.kr/cms/resource/86/2992386_image2_1.jpg";"http://tong.visitkorea.or.kr/cms/resource/86/2992386_image3_1.jpg";"Type3";"126.8951646315";"37.5699856862";"6";"20240206130654";"14";"070-8670-2182";"물총축제";"03914";0
"춘천시 스포츠타운길399번길 25";"";"32";"";"A05";"A0502";"A05020900";"1920010";"39";"20140520201054";"http://tong.visitkorea.or.kr/cms/resource/67/1919167_image2_1.jpg";"http://tong.visitkorea.or.kr/cms/resource/67/1919167_image3_1.jpg";"Type3";"127.7022628621";"37.8737123170";"6";"20231220175915";"13";"033-243-4757";"댄싱카페인";"24239";0
"광주시 남종면 태허정로 556";"";"31";"";"A05";"A0502";"A05020100";"1920538";"39";"20140523011038";"http://tong.visitkorea.or.kr/cms/resource/40/3034840_image2_1.jpg";"http://tong.visitkorea.or.kr/cms/resource/40/3034840_image3_1.jpg";"Type3";"127.2828565342";"37.4928627367";"6";"20231109100209";"5";"031-762-5574";"강마을다람쥐";"12709";0
"유성구 진잠로92번길 33";"(원내동)";"3";"";"A05";"A0502";"A05020100";"1920784";"39";"20140523230543";"http://tong.visitkorea.or.kr/cms/resource/79/3062779_image2_1.JPG";"http://tong.visitkorea.or.kr/cms/resource/79/3062779_image3_1.JPG";"Type3";"127.3176448516";"36.3003646019";"6";"20231208141436";"4";"042-546-0515";"계룡삼계탕";"34228";0
"합천군 용주면 합천호수로 828-5";"";"36";"";"A03";"A0305";"A03050100";"1920958";"28";"20140526182635";"http://tong.visitkorea.or.kr/cms/resource/03/2392303_image2_1.jpg";"http://tong.visitkorea.or.kr/cms/resource/03/2392303_image2_1.jpg";"Type3";"128.0803557687";"35.5468943839";"6";"20240109101029";"21";"";"라온레포츠";"50215";0
"밀양시 상설시장3길 18-16";"";"36";"";"A05";"A0502";"A05020100";"1921793";"39";"20140529004136";"http://tong.visitkorea.or.kr/cms/resource/06/1921806_image2_1.jpg";"http://tong.visitkorea.or.kr/cms/resource/06/1921806_image3_1.jpg";"Type3";"128.7534592091";"35.4935431777";"6";"20230915160706";"7";"055-354-7980";"단골집";"50430";0
"서천군 마서면 금강로 1210";"";"34";"0";"A01";"A0101";"A01010500";"1922640";"12";"20140531001306";"http://tong.visitkorea.or.kr/cms/resource/70/2659670_image2_1.jpg";"http://tong.visitkorea.or.kr/cms/resource/70/2659670_image3_1.jpg";"Type3";"126.7246689502";"36.0297102165";"6";"20240315141420";"8";"";"국립생태원(서천)";"33657";0
"종로구 창의문로 136";"";"1";"";"A05";"A0502";"A05020900";"1922730";"39";"20140531005314";"http://tong.visitkorea.or.kr/cms/resource/41/1922441_image2_1.jpg";"http://tong.visitkorea.or.kr/cms/resource/41/1922441_image3_1.jpg";"Type3";"126.9653603655";"37.5927398536";"6";"20230802194214";"23";"02-394-8288";"부빙";"03020";0
"유성구 테크노중앙로 54";"";"3";"";"A05";"A0502";"A05020100";"1923497";"39";"20140603202607";"http://tong.visitkorea.or.kr/cms/resource/71/3032371_image2_1.JPG";"http://tong.visitkorea.or.kr/cms/resource/71/3032371_image3_1.JPG";"Type3";"127.3913459606";"36.4260987438";"6";"20231106173302";"4";"042-822-2366";"도안동 감나무집";"34018";0
"유성구 신성로84번길 41";"";"3";"";"A05";"A0502";"A05020100";"1923929";"39";"20140605184622";"http://tong.visitkorea.or.kr/cms/resource/92/3032592_image2_1.JPG";"http://tong.visitkorea.or.kr/cms/resource/92/3032592_image3_1.JPG";"Type3";"127.3510811187";"36.3893661226";"6";"20231107095037";"4";"042-861-0502";"비빔가";"34116";0
"유성구 테크노중앙로 155";"";"3";"";"A05";"A0502";"A05020400";"1925335";"39";"20140612192837";"http://tong.visitkorea.or.kr/cms/resource/31/3062931_image2_1.JPG";"http://tong.visitkorea.or.kr/cms/resource/31/3062931_image3_1.JPG";"Type3";"127.4008757533";"36.4227742938";"6";"20231208144338";"4";"042-671-8888";"리원";"34028";0
"유성구 전민로6번길 43";"(전민동)";"3";"";"A05";"A0502";"A05020200";"1925337";"39";"20140612194459";"http://tong.visitkorea.or.kr/cms/resource/05/3063005_image2_1.JPG";"http://tong.visitkorea.or.kr/cms/resource/05/3063005_image3_1.JPG";"Type3";"127.4043344309";"36.3987576601";"6";"20231208145539";"4";"042-864-4321";"길상";"34052";0
"유성구 진잠로140번길 67";"(원내동)";"3";"";"A05";"A0502";"A05020100";"1925412";"39";"20140612235319";"http://tong.visitkorea.or.kr/cms/resource/20/3032620_image2_1.JPG";"http://tong.visitkorea.or.kr/cms/resource/20/3032620_image3_1.JPG";"Type3";"127.3178948300";"36.3003340541";"6";"20231107095623";"4";"042-542-8959";"대복식당";"34227";0
"강남구 논현로161길 13";"";"1";"";"A05";"A0502";"A05020100";"1926032";"39";"20140617014050";"http://tong.visitkorea.or.kr/cms/resource/89/1923289_image2_1.jpg";"http://tong.visitkorea.or.kr/cms/resource/89/1923289_image3_1.jpg";"Type3";"127.0270011596";"37.5233351362";"6";"20231120102438";"1";"02-545-2489";"구정칼국수";"06031";0
"천안시 동남구 단대로 161-1";"";"34";"";"A05";"A0502";"A05020900";"1926273";"39";"20140617194258";"http://tong.visitkorea.or.kr/cms/resource/31/1925731_image2_1.jpg";"http://tong.visitkorea.or.kr/cms/resource/31/1925731_image2_1.jpg";"Type3";"127.1665523558";"36.8285763098";"6";"20230117165314";"12";"041-567-3334";"미소레 커피";"31115";0
"유성구 어은로52번길 5 (어은동)";"";"3";"";"A05";"A0502";"A05020100";"1926358";"39";"20140618002018";"http://tong.visitkorea.or.kr/cms/resource/00/3063000_image2_1.JPG";"http://tong.visitkorea.or.kr/cms/resource/00/3063000_image3_1.JPG";"Type3";"127.3575673501";"36.3635164178";"6";"20231208145118";"4";"042-863-1977";"삼부자 부대찌개";"34139";0
"안동시 마들6길 3";"";"35";"";"A05";"A0502";"A05020100";"1926510";"39";"20140618184915";"http://tong.visitkorea.or.kr/cms/resource/01/1926501_image2_1.jpg";"http://tong.visitkorea.or.kr/cms/resource/01/1926501_image2_1.jpg";"Type3";"128.7625479823";"36.5516373029";"6";"20231107142754";"11";"0507-1441-2590";"김정순명인의집";"760-901,1";0
"종로구 자하문로10길 28";"";"1";"";"A05";"A0502";"A05020900";"1926582";"39";"20140618200648";"http://tong.visitkorea.or.kr/cms/resource/16/1926516_image2_1.jpg";"http://tong.visitkorea.or.kr/cms/resource/16/1926516_image3_1.jpg";"Type3";"126.9730489329";"37.5793498817";"6";"20230807151546";"23";"02-379-1975";"라 카페 갤러리";"03044";0
"유성구 궁동로14번길 14";"";"3";"";"A05";"A0502";"A05020400";"1927249";"39";"20140620224100";"http://tong.visitkorea.or.kr/cms/resource/44/3032744_image2_1.JPG";"http://tong.visitkorea.or.kr/cms/resource/44/3032744_image3_1.JPG";"Type3";"127.3481710012";"36.3623219437";"6";"20231107102120";"4";"042-823-3495";"동해원";"34137";0
"유성구 어은로52번길 1";"";"3";"";"A05";"A0502";"A05020300";"1927269";"39";"20140621002816";"http://tong.visitkorea.or.kr/cms/resource/19/3062519_image2_1.JPG";"http://tong.visitkorea.or.kr/cms/resource/19/3062519_image3_1.JPG";"Type3";"127.3573368199";"36.3633636537";"6";"20231208094531";"4";"042-861-0340";"기시맹";"34139";0
"유성구 대덕대로 544";"";"3";"";"A05";"A0502";"A05020100";"1927303";"39";"20140621011300";"http://tong.visitkorea.or.kr/cms/resource/09/3031909_image2_1.JPG";"http://tong.visitkorea.or.kr/cms/resource/09/3031909_image3_1.JPG";"Type3";"127.3788899485";"36.3817174919";"6";"20231106152632";"4";"042-861-1697";"녹원간장게장";"34121";0
"유성구 신성로84번길 49";"";"3";"";"A05";"A0502";"A05020100";"1928589";"39";"20140627202119";"http://tong.visitkorea.or.kr/cms/resource/30/3062830_image2_1.JPG";"http://tong.visitkorea.or.kr/cms/resource/30/3062830_image3_1.JPG";"Type3";"127.3512700000";"36.3890161659";"6";"20231208142829";"4";"042-862-9288";"가나샤브샤브";"34116";0
"김포시 고촌읍 아라육로270번길 74";"";"31";"";"A02";"A0208";"A02081300";"1930109";"15";"20140630184300";"http://tong.visitkorea.or.kr/cms/resource/72/3084372_image2_1.jpg";"http://tong.visitkorea.or.kr/cms/resource/72/3084372_image3_1.jpg";"Type3";"126.7871209331";"37.5976583182";"6";"20240122103621";"8";"1522-8905";"김포 불꽃크루즈";"10135";0
"화성시 서신면 수문개길 81-36";"";"31";"0";"A01";"A0101";"A01011200";"1932009";"12";"20140704195111";"http://tong.visitkorea.or.kr/cms/resource/29/3031629_image2_1.JPG";"http://tong.visitkorea.or.kr/cms/resource/29/3031629_image3_1.JPG";"Type3";"126.6848100679";"37.1233976547";"6";"20231106115425";"31";"";"궁평리 해수욕장";"18556";0
"서구 송도해변로 201";"";"6";"";"B02";"B0201";"B02010900";"1932126";"32";"20140705003943";"http://tong.visitkorea.or.kr/cms/resource/72/1930772_image2_1.JPG";"http://tong.visitkorea.or.kr/cms/resource/72/1930772_image2_1.JPG";"Type3";"129.0221693171";"35.0792362939";"6";"20230915161350";"11";"051-257-2841";"브이모텔";"49269";0
"무주군 무풍면 철목길 61";"";"37";"0";"A02";"A0203";"A02030100";"1933854";"12";"20140714183627";"http://tong.visitkorea.or.kr/cms/resource/99/1929699_image2_1.jpg";"http://tong.visitkorea.or.kr/cms/resource/99/1929699_image3_1.jpg";"Type3";"127.8397047845";"35.9600432516";"6";"20240118111351";"5";"";"무주 무풍승지마을";"55558";0
"유성구 엑스포로123번길 33";"(도룡동)";"3";"";"B02";"B0201";"B02010100";"1933910";"32";"20140714230835";"http://tong.visitkorea.or.kr/cms/resource/28/1933928_image2_1.jpg";"http://tong.visitkorea.or.kr/cms/resource/28/1933928_image2_1.jpg";"Type3";"127.3930221681";"36.3761850422";"6";"20240226164450";"4";"042-333-1000";"롯데시티호텔 대전";"34125";0
"장수군 천천면 승마1로 60-31";"";"37";"";"B02";"B0201";"B02010600";"1934699";"32";"20140716194714";"http://tong.visitkorea.or.kr/cms/resource/64/1934664_image2_1.jpg";"http://tong.visitkorea.or.kr/cms/resource/64/1934664_image2_1.jpg";"Type3";"127.5106075964";"35.6996753100";"6";"20240118111217";"11";"063-353-8880";"나봄리조트";"55609";0
"나주시 박정길 7-40";"";"38";"0";"A02";"A0201";"A02010900";"1935351";"12";"20140717190934";"http://tong.visitkorea.or.kr/cms/resource/07/2516307_image2_1.jpg";"http://tong.visitkorea.or.kr/cms/resource/07/2516307_image2_1.jpg";"Type3";"126.7150282829";"35.0367950054";"6";"20230610081134";"6";"";"나주 순교성지";"58249";0
"남해군 창선면 동부대로2964번길 48";"";"36";"";"A05";"A0502";"A05020100";"1935604";"39";"20140718190114";"http://tong.visitkorea.or.kr/cms/resource/00/1953400_image2_1.jpg";"http://tong.visitkorea.or.kr/cms/resource/00/1953400_image3_1.jpg";"Type3";"128.0314599971";"34.9177559872";"6";"20230423061101";"5";"055-867-7302";"남해군수협회센타";"52449";0
"태안군 안면읍 방포1길 29-1";"";"34";"";"A05";"A0502";"A05020100";"1935655";"39";"20140718223428";"http://tong.visitkorea.or.kr/cms/resource/56/1913556_image2_1.jpg";"http://tong.visitkorea.or.kr/cms/resource/56/1913556_image3_1.jpg";"Type3";"126.3331027836";"36.5087847225";"6";"20230526113728";"14";"041-673-4576";"물새집";"32166";0
"남해군 창선면 동부대로1932번길 15";"";"36";"";"A05";"A0502";"A05020100";"1935670";"39";"20140718225455";"http://tong.visitkorea.or.kr/cms/resource/94/1918094_image2_1.jpg";"http://tong.visitkorea.or.kr/cms/resource/94/1918094_image3_1.jpg";"Type3";"128.0022535463";"34.8363562617";"6";"20230921093531";"5";"055-867-7155<br />055-867-7878";"바다횟집";"52452";0
"익산시 웅포면 강변로 284";"";"37";"0";"A02";"A0203";"A02030100";"1935998";"12";"202401181743";"http://tong.visitkorea.or.kr/cms/resource/89/2632689_image2_1.bmp";"http://tong.visitkorea.or.kr/cms/resource/89/2632689_image2_1.bmp";"Type3";"126.8843114814";"36.0879146464";"6";"20240118174312";"9";"";"산들강웅포마을";"54501";0
"서귀포시 강정동";"";"39";"0";"A01";"A0101";"A01011300";"1936039";"12";"20140722022837";"http://tong.visitkorea.or.kr/cms/resource/36/3026836_image2_1.jpg";"http://tong.visitkorea.or.kr/cms/resource/36/3026836_image3_1.jpg";"Type3";"126.4927119133";"33.2540292433";"6";"20231027165359";"3";"";"서건도";"63564";0
"예산군 광시소길 6";"";"34";"0";"A02";"A0203";"A02030600";"1936453";"12";"20140724024646";"http://tong.visitkorea.or.kr/cms/resource/12/3055412_image2_1.JPG";"http://tong.visitkorea.or.kr/cms/resource/12/3055412_image3_1.JPG";"Type3";"126.7747591222";"36.5489071491";"6";"20231209162314";"11";"";"광시한우거리";"32457";0
"남양주시 와부읍 팔당로 121";"";"31";"0";"A02";"A0206";"A02060100";"1936797";"14";"20140725020354";"http://tong.visitkorea.or.kr/cms/resource/09/1591309_image2_1.jpg";"http://tong.visitkorea.or.kr/cms/resource/09/1591309_image3_1.jpg";"Type3";"127.2443696130";"37.5463724962";"6";"20231207115946";"9";"";"남양주시립박물관";"12277";68484
"영동군 매곡면 노천2길 5-1";"";"33";"0";"A02";"A0206";"A02060200";"1937651";"14";"20140729024054";"http://tong.visitkorea.or.kr/cms/resource/80/1938080_image2_1.jpg";"http://tong.visitkorea.or.kr/cms/resource/80/1938080_image2_1.jpg";"Type3";"127.9298794149";"36.1888521696";"6";"20231205104324";"4";"";"농민문학기념관";"29121";0
"홍성군 서부면 남당항로 853-5";"";"34";"0";"A01";"A0101";"A01011400";"1937784";"12";"20140730004310";"http://tong.visitkorea.or.kr/cms/resource/21/2020821_image2_1.jpg";"http://tong.visitkorea.or.kr/cms/resource/21/2020821_image3_1.jpg";"Type3";"126.4577366495";"36.5888942999";"6";"20240202133908";"15";"";"궁리포구";"32204";0
"홍성군 서부면 남당항로";"";"34";"0";"A01";"A0101";"A01010500";"1937809";"12";"20140730012710";"http://tong.visitkorea.or.kr/cms/resource/93/3055093_image2_1.jpg";"http://tong.visitkorea.or.kr/cms/resource/93/3055093_image3_1.jpg";"Type3";"126.4686326348";"36.5984906045";"6";"20231209161852";"7";"";"서산A지구방조제";"32204";0
"보령시 오천면";"소성리";"34";"0";"A01";"A0101";"A01010500";"1938116";"12";"20140730193719";"http://tong.visitkorea.or.kr/cms/resource/16/3048116_image2_1.jpg";"http://tong.visitkorea.or.kr/cms/resource/16/3048116_image3_1.jpg";"Type3";"126.5303533951";"36.4425845917";"6";"20231209161508";"5";"";"보령방조제";"33402";0
"홍성군 광천읍 광천로 91";"";"34";"0";"A02";"A0203";"A02030400";"1938123";"12";"20140730194220";"http://tong.visitkorea.or.kr/cms/resource/53/3034653_image2_1.jpg";"http://tong.visitkorea.or.kr/cms/resource/53/3034653_image3_1.jpg";"Type3";"126.6156112576";"36.4852533774";"6";"20231108165955";"15";"";"광천토굴새우젓단지";"32297";0
"서귀포시 남성중로153번길 15";"(서홍동)";"39";"0";"A02";"A0206";"A02060900";"1939093";"14";"20140805190856";"http://tong.visitkorea.or.kr/cms/resource/60/1938060_image2_1.jpg";"http://tong.visitkorea.or.kr/cms/resource/60/1938060_image3_1.jpg";"Type3";"126.5512403807";"33.2447978549";"6";"20231208151302";"3";"";"삼매봉도서관";"63594";0
"중구 명동10길 19-3, 2층";"";"1";"";"A05";"A0502";"A05020100";"1939141";"39";"20140805195436";"http://tong.visitkorea.or.kr/cms/resource/12/1939112_image2_1.jpg";"http://tong.visitkorea.or.kr/cms/resource/12/1939112_image2_1.jpg";"Type3";"126.9855926950";"37.5630742201";"6";"20230309155005";"24";"02-756-3249";"곰국시집 명동";"04537";0
"유성구 계룡로141번길 1";"";"3";"";"A05";"A0502";"A05020100";"1939311";"39";"20140806011915";"http://tong.visitkorea.or.kr/cms/resource/09/3032409_image2_1.JPG";"http://tong.visitkorea.or.kr/cms/resource/09/3032409_image3_1.JPG";"Type3";"127.3459825665";"36.3527841073";"6";"20231106173937";"4";"042-822-7887";"띠울 석갈비";"34187";0
"담양군 대덕면 무월길 42";"";"38";"0";"A02";"A0203";"A02030100";"1939448";"12";"20140806203727";"http://tong.visitkorea.or.kr/cms/resource/84/2630984_image2_1.bmp";"http://tong.visitkorea.or.kr/cms/resource/84/2630984_image2_1.bmp";"Type3";"127.0398965870";"35.2665189889";"6";"20230725180232";"7";"";"무월마을";"57381";0
"중구 동성로4길 93";"";"4";"";"A05";"A0502";"A05020900";"1939790";"39";"20140807235746";"http://tong.visitkorea.or.kr/cms/resource/21/1939621_image2_1.jpg";"http://tong.visitkorea.or.kr/cms/resource/21/1939621_image3_1.jpg";"Type3";"128.5994290192";"35.8689451782";"6";"20231123095549";"8";"053-424-4783";"마이커피컬로맨스";"41938";0
"중구 동성로4길 91";"";"4";"";"A05";"A0502";"A05020900";"1939800";"39";"20140808002606";"http://tong.visitkorea.or.kr/cms/resource/30/1939630_image2_1.jpg";"http://tong.visitkorea.or.kr/cms/resource/30/1939630_image3_1.jpg";"Type3";"128.5993956921";"35.8688285236";"6";"20231211165822";"8";"053-425-3527";"류";"41938";0
"중구 동성로4길 94";"";"4";"";"A05";"A0502";"A05020900";"1939809";"39";"20140808005226";"http://tong.visitkorea.or.kr/cms/resource/37/1939637_image2_1.jpg";"http://tong.visitkorea.or.kr/cms/resource/37/1939637_image3_1.jpg";"Type3";"128.5996512250";"35.8688285283";"6";"20230920180341";"8";"053-422-7020";"루시드";"41938";0
"인제군 북면 만해로 410-17";"(북면)";"32";"0";"A02";"A0203";"A02030100";"1940070";"12";"20140808191249";"http://tong.visitkorea.or.kr/cms/resource/00/2631000_image2_1.bmp";"http://tong.visitkorea.or.kr/cms/resource/00/2631000_image2_1.bmp";"Type3";"128.3452501696";"38.1948871073";"6";"20230703182033";"10";"";"백담마을";"24606";0
"태안군 이원면 원이로 2969";"";"34";"";"A05";"A0502";"A05020100";"1940143";"39";"20140808220938";"http://tong.visitkorea.or.kr/cms/resource/75/1940075_image2_1.jpg";"http://tong.visitkorea.or.kr/cms/resource/75/1940075_image3_1.jpg";"Type3";"126.3035711417";"36.9668591500";"6";"20230612162737";"14";"041-675-0108";"만대회수산";"32100";0
"옥천군 군북면 환산로 518";"";"33";"0";"A01";"A0102";"A01020200";"1940660";"12";"20140812184230";"http://tong.visitkorea.or.kr/cms/resource/57/2717457_image2_1.jpg";"http://tong.visitkorea.or.kr/cms/resource/57/2717457_image3_1.jpg";"Type3";"127.5637131168";"36.3522824857";"6";"20240308113522";"5";"";"부소담악(추소정)";"29003";0
"정읍시 태인면 태인로 33-9";"";"37";"0";"A02";"A0206";"A02060900";"1941168";"14";"202401181743";"http://tong.visitkorea.or.kr/cms/resource/85/1945085_image2_1.jpg";"http://tong.visitkorea.or.kr/cms/resource/85/1945085_image2_1.jpg";"Type3";"126.9422148461";"35.6523902597";"6";"20240118174312";"13";"";"명봉도서관";"56115";0
"중구 광복중앙로 21";"(신창동1가)";"6";"0";"A02";"A0201";"A02010800";"1942233";"12";"20140819224532";"http://tong.visitkorea.or.kr/cms/resource/39/3049439_image2_1.JPG";"http://tong.visitkorea.or.kr/cms/resource/39/3049439_image3_1.JPG";"Type3";"129.0306263201";"35.1010840045";"6";"20231205160347";"15";"";"대각사(부산)";"48948";0
"동구 영초윗길26번길 11";"(초량동)";"6";"0";"A02";"A0205";"A02050200";"1942245";"12";"20140819233838";"http://tong.visitkorea.or.kr/cms/resource/79/2365979_image2_1.jpg";"http://tong.visitkorea.or.kr/cms/resource/79/2365979_image3_1.jpg";"Type3";"129.0352504641";"35.1177100066";"6";"20231026163027";"5";"";"김민부전망대";"48808";0
"영도구 절영로49번길 73-5";"(영선동2가)";"6";"";"A04";"A0401";"A04010200";"1942298";"38";"20140820003509";"http://tong.visitkorea.or.kr/cms/resource/45/3026245_image2_1.JPG";"http://tong.visitkorea.or.kr/cms/resource/45/3026245_image3_1.JPG";"Type3";"129.0422784164";"35.0889216911";"6";"20231027105157";"14";"";"남항시장";"49053";0
"동구 초량로13번길 53";"(초량동)";"6";"0";"A02";"A0201";"A02010700";"1942299";"12";"20140820003247";"http://tong.visitkorea.or.kr/cms/resource/79/3070879_image2_1.JPG";"http://tong.visitkorea.or.kr/cms/resource/79/3070879_image3_1.JPG";"Type3";"129.0395112298";"35.1167962983";"6";"20231215134354";"5";"";"남선창고터";"48816";0
"서구 평리로35길 28-10";"";"4";"";"A05";"A0502";"A05020100";"1944750";"39";"20140827234743";"http://tong.visitkorea.or.kr/cms/resource/77/1944777_image2_1.jpg";"http://tong.visitkorea.or.kr/cms/resource/77/1944777_image3_1.jpg";"Type3";"128.5439563133";"35.8623226838";"6";"20231214161403";"6";"053-567-9826";"구일식당";"41843";0
"서구 와룡로66길 57";"";"4";"";"A05";"A0502";"A05020100";"1944753";"39";"20140828001226";"http://tong.visitkorea.or.kr/cms/resource/51/1944851_image2_1.jpg";"http://tong.visitkorea.or.kr/cms/resource/51/1944851_image3_1.jpg";"Type3";"128.5439590910";"35.8623004637";"6";"20230616105511";"6";"053-566-5508";"벙글식당";"41843";0
"중구 무의동";"";"2";"0";"A01";"A0101";"A01010400";"1945647";"12";"20140902190545";"http://tong.visitkorea.or.kr/cms/resource/56/1945656_image2_1.jpg";"http://tong.visitkorea.or.kr/cms/resource/56/1945656_image2_1.jpg";"Type3";"126.4159494251";"37.3915951817";"6";"20231204181843";"10";"";"국사봉(인천)";"22386";0
"서귀포시 안덕면 창천리";"산 3-1 (군산오름주차장)";"39";"0";"A01";"A0101";"A01010400";"1945768";"12";"20140903014216";"http://tong.visitkorea.or.kr/cms/resource/48/3035448_image2_1.jpg";"http://tong.visitkorea.or.kr/cms/resource/48/3035448_image3_1.jpg";"Type1";"126.3684393851";"33.2528413043";"6";"20231109154254";"3";"";"군산오름";"63533";0
"공주시 사곡면 정안마곡사로 1198";"";"34";"";"A05";"A0502";"A05020100";"1946362";"39";"20140904022258";"http://tong.visitkorea.or.kr/cms/resource/10/1946210_image2_1.jpg";"http://tong.visitkorea.or.kr/cms/resource/10/1946210_image3_1.jpg";"Type3";"127.0467475146";"36.5868686545";"6";"20230227154516";"1";"041-841-6387";"늘푸른솔";"32521";0
"군산시 개정면 금강로 466";"";"37";"";"A05";"A0502";"A05020100";"1947071";"39";"20140911222232";"http://tong.visitkorea.or.kr/cms/resource/66/1947066_image2_1.jpg";"http://tong.visitkorea.or.kr/cms/resource/66/1947066_image3_1.jpg";"Type3";"126.7719326266";"35.9820220268";"6";"20240118101007";"2";"063-453-0831";"대가 꽃게장";"54065";0
"종로구 인사동14길 23";"";"1";"";"A05";"A0502";"A05020100";"1950072";"39";"20140923224548";"http://tong.visitkorea.or.kr/cms/resource/69/1950069_image2_1.jpg";"http://tong.visitkorea.or.kr/cms/resource/69/1950069_image2_1.jpg";"Type3";"126.9852368335";"37.5750144931";"6";"20231006171731";"23";"02-736-7848";"누리";"03146";0
"도움3로 58";"(어진동)";"8";"0";"A02";"A0205";"A02050600";"1951612";"12";"20140925232401";"http://tong.visitkorea.or.kr/cms/resource/09/3008609_image2_1.jpg";"http://tong.visitkorea.or.kr/cms/resource/09/3008609_image3_1.jpg";"Type1";"127.2558420543";"36.5054483572";"";"20240312143250";"1";"";"밀마루전망대";"30064";0
" 비암사길 137 비암사";"";"8";"0";"A02";"A0203";"A02030400";"1951619";"12";"20140925235357";"http://tong.visitkorea.or.kr/cms/resource/28/3027828_image2_1.jpg";"http://tong.visitkorea.or.kr/cms/resource/28/3027828_image3_1.jpg";"Type3";"127.1918782600";"36.6109101221";"6";"20240315153546";"1";"";"비암사 도깨비도로";"30008";0
"사천시 각산로 140";"(대방동)";"36";"";"A05";"A0502";"A05020100";"1953998";"39";"20141006204053";"http://tong.visitkorea.or.kr/cms/resource/96/1953396_image2_1.jpg";"http://tong.visitkorea.or.kr/cms/resource/96/1953396_image3_1.jpg";"Type3";"128.0595988457";"34.9315271620";"6";"20230619143531";"8";"055-835-8755";"가빈";"52555";0
"경주시 북군길 107-19";"";"35";"";"B02";"B0201";"B02010700";"1954014";"32";"20141006222213";"http://tong.visitkorea.or.kr/cms/resource/06/1954006_image2_1.JPG";"http://tong.visitkorea.or.kr/cms/resource/06/1954006_image2_1.JPG";"Type3";"129.2602462373";"35.8590558642";"6";"20231226163412";"2";"070-4175-8861";"벨루스로즈펜션";"38116";0
"경주시 북군길 63";"";"35";"";"B02";"B0201";"B02010700";"1954315";"32";"20141007192105";"http://tong.visitkorea.or.kr/cms/resource/77/1954277_image2_1.jpg";"http://tong.visitkorea.or.kr/cms/resource/77/1954277_image2_1.jpg";"Type3";"129.2629655235";"35.8562590096";"6";"20231228094949";"2";"0505-679-2991";"별빛여정펜션";"38116";0
"용산구 서빙고로 139";"(용산동6가)";"1";"0";"A02";"A0206";"A02060100";"1954333";"14";"20141007200250";"http://tong.visitkorea.or.kr/cms/resource/22/1954322_image2_1.jpg";"http://tong.visitkorea.or.kr/cms/resource/22/1954322_image3_1.jpg";"Type3";"126.9804832384";"37.5210429011";"6";"20230531143934";"21";"";"국립한글박물관";"04383";0
"동해시 승지로 84-3";"(부곡동)";"32";"0";"A02";"A0201";"A02010700";"1954341";"12";"20141007202019";"http://tong.visitkorea.or.kr/cms/resource/64/3070464_image2_1.jpg";"http://tong.visitkorea.or.kr/cms/resource/64/3070464_image3_1.jpg";"Type3";"129.0915307492";"37.5401163636";"6";"20231215115250";"3";"";"동해향교";"25741";0
"당진시 면천면 동문2길 36-7";"";"34";"0";"A02";"A0201";"A02010700";"1954651";"12";"20141008175733";"http://tong.visitkorea.or.kr/cms/resource/64/2720364_image2_1.jpg";"http://tong.visitkorea.or.kr/cms/resource/64/2720364_image2_1.jpg";"Type3";"126.6725249536";"36.8206240890";"6";"20230526140051";"4";"";"면천향교";"31804";0
"완주군 고산면 고산로 147-27";"";"37";"0";"A02";"A0201";"A02010700";"1954763";"12";"20141008202504";"http://tong.visitkorea.or.kr/cms/resource/98/1604398_image2_1.jpg";"http://tong.visitkorea.or.kr/cms/resource/98/1604398_image3_1.jpg";"Type3";"127.2144710540";"35.9761636862";"6";"20240131110238";"8";"";"고산향교";"55311";0
"담양군 담양읍 향교길 19";"(담양읍)";"38";"0";"A02";"A0201";"A02010700";"1954936";"12";"20141010180120";"http://tong.visitkorea.or.kr/cms/resource/85/2653385_image2_1.jpg";"http://tong.visitkorea.or.kr/cms/resource/85/2653385_image3_1.jpg";"Type3";"126.9855804462";"35.3258419110";"6";"20230612143852";"7";"";"담양향교";"57336";0
"창원시 마산합포구 진동면 교동1길 86";"";"36";"0";"A02";"A0201";"A02010700";"1955405";"12";"20141013181356";"http://tong.visitkorea.or.kr/cms/resource/18/3040918_image2_1.jpg";"http://tong.visitkorea.or.kr/cms/resource/18/3040918_image3_1.jpg";"Type3";"128.4989582896";"35.1188584339";"6";"20231116102457";"16";"";"마산향교";"51790";0
"합천군 삼가면 소오2길 18-5";"";"36";"0";"A02";"A0201";"A02010700";"1955425";"12";"20141013183830";"http://tong.visitkorea.or.kr/cms/resource/68/3041268_image2_1.jpg";"http://tong.visitkorea.or.kr/cms/resource/68/3041268_image3_1.jpg";"Type3";"128.1172145775";"35.4079051759";"6";"20231116113417";"21";"";"삼가향교";"50224";0
"서구 남선로 8";"(탄방동)";"3";"0";"A02";"A0201";"A02010700";"1955818";"12";"20141014174908";"http://tong.visitkorea.or.kr/cms/resource/24/3035024_image2_1.JPG";"http://tong.visitkorea.or.kr/cms/resource/24/3035024_image3_1.JPG";"Type3";"127.3961838684";"36.3440748834";"6";"20231109112552";"3";"";"도산서원(대전)";"35254";0
"울주군 언양읍 반구대안길 299";"";"7";"0";"A02";"A0201";"A02010700";"1955821";"12";"20141014180316";"http://tong.visitkorea.or.kr/cms/resource/61/2364261_image2_1.jpg";"http://tong.visitkorea.or.kr/cms/resource/61/2364261_image3_1.jpg";"Type3";"129.1737525520";"35.6092185129";"6";"20230905155728";"5";"";"반구서원";"44913";0
"울주군 웅촌면 대복동천로 160-12";"(웅촌면)";"7";"0";"A02";"A0201";"A02010700";"1955823";"12";"20141014180721";"http://tong.visitkorea.or.kr/cms/resource/96/3055896_image2_1.jpg";"http://tong.visitkorea.or.kr/cms/resource/96/3055896_image3_1.jpg";"Type3";"129.2347400134";"35.4702352866";"6";"20231208171437";"5";"";"석계서원";"44963";0
"여주시 금사면 뒷머리길 11";"";"31";"0";"A02";"A0201";"A02010700";"1955867";"12";"20141014185803";"http://tong.visitkorea.or.kr/cms/resource/14/3040614_image2_1.jpg";"http://tong.visitkorea.or.kr/cms/resource/14/3040614_image3_1.jpg";"Type3";"127.5294481547";"37.3924705300";"6";"20231115172818";"20";"";"기천서원";"12604";0
"의정부시 동일로122번길 153";"(장암동)";"31";"0";"A02";"A0201";"A02010700";"1955869";"12";"20141014190933";"http://tong.visitkorea.or.kr/cms/resource/50/1051350_image2_1.jpg";"http://tong.visitkorea.or.kr/cms/resource/50/1051350_image3_1.jpg";"Type3";"127.0629900702";"37.7001207881";"6";"20231207144757";"25";"";"노강서원";"11725";0
"여주시 능서면 능서로 94-8";"(능서면)";"31";"0";"A02";"A0201";"A02010700";"1955880";"12";"20141014194307";"http://tong.visitkorea.or.kr/cms/resource/02/2724102_image2_1.jpg";"http://tong.visitkorea.or.kr/cms/resource/02/2724102_image2_1.jpg";"Type3";"127.5764019316";"37.3064063460";"6";"20231207154418";"20";"";"매산서원";"12641";0
"이천시 경충대로2709번길 276";"\";"31";"0";"A02";"A0201";"A02010700";"1955892";"12";"20141014201347";"http://tong.visitkorea.or.kr/cms/resource/53/3046553_image2_1.jpg";"http://tong.visitkorea.or.kr/cms/resource/53/3046553_image3_1.jpg";"Type3";"127.4205333996";"37.2818813407";"6";"20231122165700";"26";"";"설봉서원";"17379";0
"여주시 청심로 113";"";"31";"0";"A02";"A0201";"A02010700";"1955953";"12";"20141015010410";"http://tong.visitkorea.or.kr/cms/resource/15/3060415_image2_1.jpg";"http://tong.visitkorea.or.kr/cms/resource/15/3060415_image3_1.jpg";"Type3";"127.6332886565";"37.2993943099";"6";"20231206104155";"20";"";"강한사";"12619";0
"홍천군 서면 팔봉산로 1198-2";"(서면)";"32";"0";"A02";"A0201";"A02010700";"1955959";"12";"20141015011535";"http://tong.visitkorea.or.kr/cms/resource/29/2494229_image2_1.jpg";"http://tong.visitkorea.or.kr/cms/resource/29/2494229_image2_1.jpg";"Type3";"127.6900519704";"37.7157026777";"6";"20230703182223";"16";"";"노동서원";"25101";0
"양양군 양양읍 서원길 44-9";"(양양읍)";"32";"0";"A02";"A0201";"A02010700";"1955961";"12";"20141015011811";"http://tong.visitkorea.or.kr/cms/resource/10/3076910_image2_1.jpg";"http://tong.visitkorea.or.kr/cms/resource/10/3076910_image3_1.jpg";"Type3";"128.6297408168";"38.1110023752";"6";"20231229120543";"7";"";"동명서원";"25014";0
"삼척시 원덕읍 산양서원1길 24";"";"32";"0";"A02";"A0201";"A02010700";"1955964";"12";"20141015012301";"http://tong.visitkorea.or.kr/cms/resource/18/1425718_image2_1.jpg";"http://tong.visitkorea.or.kr/cms/resource/18/1425718_image3_1.jpg";"Type3";"129.2834397351";"37.1403549650";"6";"20230831102340";"4";"";"산양서원";"25959";0
"논산시 연무읍 왕릉로 170-35";"";"34";"0";"A02";"A0201";"A02010700";"1956306";"12";"20141015194446";"http://tong.visitkorea.or.kr/cms/resource/24/1279124_image2_1.jpg";"http://tong.visitkorea.or.kr/cms/resource/24/1279124_image3_1.jpg";"Type3";"127.0843677982";"36.1181229996";"6";"20231208164843";"3";"";"금곡서원";"33006";0
"논산시 광석면 오강길 56-5";"";"34";"0";"A02";"A0201";"A02010700";"1956315";"12";"20141015200131";"http://tong.visitkorea.or.kr/cms/resource/44/1279144_image2_1.jpg";"http://tong.visitkorea.or.kr/cms/resource/44/1279144_image3_1.jpg";"Type3";"127.0732316987";"36.2597649490";"6";"20231208165501";"3";"";"노강서원(논산)";"32919";0
"공주시 명탄서원길 48";"(월송동)";"34";"0";"A02";"A0201";"A02010700";"1956330";"12";"20141015201510";"http://tong.visitkorea.or.kr/cms/resource/05/2738805_image2_1.jpg";"http://tong.visitkorea.or.kr/cms/resource/05/2738805_image2_1.jpg";"Type3";"127.1562855811";"36.4588547180";"6";"20231110141515";"1";"";"명탄서원";"32593";0
"전주시 완산구 황학1길 11-24";"(동서학동)";"37";"0";"A02";"A0201";"A02010700";"1956982";"12";"202401181743";"http://tong.visitkorea.or.kr/cms/resource/38/2040738_image2_1.jpg";"http://tong.visitkorea.or.kr/cms/resource/38/2040738_image3_1.jpg";"Type3";"127.1557196066";"35.8076151849";"6";"20240118174312";"12";"";"반곡서원(진주)";"55101";0
"달성군 테크노대로6길 20 국립대구과학관";"";"4";"0";"A02";"A0206";"A02060300";"1956986";"14";"20141016185718";"http://tong.visitkorea.or.kr/cms/resource/04/3025604_image2_1.jpg";"http://tong.visitkorea.or.kr/cms/resource/04/3025604_image3_1.jpg";"Type1";"128.4664457762";"35.6862439572";"6";"20231220174235";"3";"";"국립대구과학관";"43023";0
"단양군 단양읍 고수동굴길 3-11";"";"33";"0";"A02";"A0202";"A02020200";"1957364";"12";"20141017200452";"http://tong.visitkorea.or.kr/cms/resource/32/3081032_image2_1.jpg";"http://tong.visitkorea.or.kr/cms/resource/32/3081032_image3_1.jpg";"Type3";"128.3817414679";"36.9876968886";"6";"20240112174213";"2";"";"단양 관광특구";"27024";0
"영광군 묘량면 동삼로1길 21";"";"38";"0";"A02";"A0201";"A02010700";"1957399";"12";"20141017221225";"http://tong.visitkorea.or.kr/cms/resource/88/2738788_image2_1.jpg";"http://tong.visitkorea.or.kr/cms/resource/88/2738788_image2_1.jpg";"Type3";"126.5474514968";"35.2597808928";"6";"20231213133034";"16";"";"묘장영당";"57056";0
"담양군 용면 추월산로 1229";"";"38";"";"B02";"B0201";"B02010700";"1957419";"32";"20141017221605";"http://tong.visitkorea.or.kr/cms/resource/76/1957376_image2_1.jpg";"http://tong.visitkorea.or.kr/cms/resource/76/1957376_image2_1.jpg";"Type3";"126.9925718429";"35.4213923252";"6";"20231226113432";"7";"010-6606-8855";"담양펜션스테이";"57300";0
"동두천시";"소요동 일원, 보산동 일원";"31";"0";"A02";"A0202";"A02020200";"1957487";"12";"20141018014243";"http://tong.visitkorea.or.kr/cms/resource/36/3077336_image2_1.jpg";"http://tong.visitkorea.or.kr/cms/resource/36/3077336_image3_1.jpg";"Type3";"127.0728737328";"37.9467783355";"6";"20231229170837";"10";"";"동두천 관광특구";"";0
"강원특별자치도";"강릉시, 동해시, 삼척시, 횡성군, 평창군 일원";"32";"0";"A02";"A0202";"A02020200";"1957499";"12";"20141018015901";"http://tong.visitkorea.or.kr/cms/resource/09/1583609_image2_1.jpg";"http://tong.visitkorea.or.kr/cms/resource/09/1583609_image3_1.jpg";"Type3";"128.6866415890";"37.6487487373";"6";"20231108134653";"15";"";"대관령 관광특구";"";0
"목포시";"북항, 유달산, 개항장권역, 삼학도, 갓바위, 평화광장 일원";"38";"0";"A02";"A0202";"A02020200";"1957612";"12";"20141020231245";"http://tong.visitkorea.or.kr/cms/resource/27/3054727_image2_1.jpg";"http://tong.visitkorea.or.kr/cms/resource/27/3054727_image3_1.jpg";"Type3";"126.3735866789";"34.7906226670";"";"20240419135935";"8";"";"목포 관광특구";"";0
"울진군 온정면 온천로 5";"";"35";"0";"A02";"A0202";"A02020200";"1957631";"12";"20141020235307";"http://tong.visitkorea.or.kr/cms/resource/46/2658446_image2_1.jpg";"http://tong.visitkorea.or.kr/cms/resource/46/2658446_image3_1.jpg";"Type3";"129.3439497964";"36.7208402290";"6";"20231221154520";"18";"";"백암온천 관광특구";"36358";0
"창녕군 부곡면 온천중앙로 77";"";"36";"0";"A02";"A0202";"A02020200";"1957667";"12";"20141021012622";"http://tong.visitkorea.or.kr/cms/resource/25/2687425_image2_1.jpg";"http://tong.visitkorea.or.kr/cms/resource/25/2687425_image3_1.jpg";"Type3";"128.5955105176";"35.4438403251";"6";"20230502193910";"15";"";"부곡온천 관광특구";"50365";0
"안동시 남후면 암산1길 53-1";"";"35";"0";"A02";"A0201";"A02010700";"1957969";"12";"20141021181300";"http://tong.visitkorea.or.kr/cms/resource/52/2732652_image2_1.jpg";"http://tong.visitkorea.or.kr/cms/resource/52/2732652_image2_1.jpg";"Type3";"128.6772624462";"36.5052882068";"6";"20240202110746";"11";"";"고산서원(안동)";"36755";0
"속초시";"";"32";"0";"A02";"A0202";"A02020200";"1958133";"12";"20141021203252";"http://tong.visitkorea.or.kr/cms/resource/39/1950339_image2_1.jpg";"http://tong.visitkorea.or.kr/cms/resource/39/1950339_image3_1.jpg";"Type3";"128.4241422719";"38.1284602517";"6";"20230703083330";"5";"";"설악 관광특구";"24903";0
"영천시 화산면 신화로 933-16";"";"35";"0";"A02";"A0201";"A02010700";"1958151";"12";"20141021222612";"http://tong.visitkorea.or.kr/cms/resource/49/1958149_image2_1.jpg";"http://tong.visitkorea.or.kr/cms/resource/49/1958149_image2_1.jpg";"Type3";"128.8654503920";"36.0535403225";"6";"20231110104002";"15";"";"덕강서원";"38805";0
"김천시 구성면 상좌원3길";"";"35";"0";"A02";"A0201";"A02010700";"1958202";"12";"20141021233941";"http://tong.visitkorea.or.kr/cms/resource/35/2620835_image2_1.jpg";"http://tong.visitkorea.or.kr/cms/resource/35/2620835_image3_1.jpg";"Type3";"128.0332853034";"36.0448509866";"6";"20231103144835";"6";"";"도동서원(김천)";"39685";0
"고성군 마암면 도전4길 152-41";"(마암면)";"36";"0";"A02";"A0201";"A02010700";"1958210";"12";"20141021235542";"http://tong.visitkorea.or.kr/cms/resource/36/2848536_image2_1.jpg";"http://tong.visitkorea.or.kr/cms/resource/36/2848536_image3_1.jpg";"Type1";"128.3350074526";"35.0622451728";"6";"20230911171336";"3";"";"도연서원";"52911";0
"봉화군 봉화읍 생기마1길 24";"";"35";"0";"A02";"A0201";"A02010700";"1958879";"12";"20141022184143";"http://tong.visitkorea.or.kr/cms/resource/37/2717737_image2_1.jpg";"http://tong.visitkorea.or.kr/cms/resource/37/2717737_image2_1.jpg";"Type3";"128.7354790594";"36.9014273539";"6";"20230914143724";"8";"";"삼계서원";"36240";0
"경주시 서악2길 23";"";"35";"0";"A02";"A0201";"A02010700";"1958892";"12";"20141022185036";"http://tong.visitkorea.or.kr/cms/resource/08/2675508_image2_1.jpg";"http://tong.visitkorea.or.kr/cms/resource/08/2675508_image2_1.jpg";"Type3";"129.1886256288";"35.8277191601";"6";"20220524135803";"2";"";"서악서원";"38064";0
"청주시 서원구 현도면 하석2길 153";"";"33";"0";"A02";"A0202";"A02020700";"1959084";"12";"20141023000009";"http://tong.visitkorea.or.kr/cms/resource/88/1959088_image2_1.jpg";"http://tong.visitkorea.or.kr/cms/resource/88/1959088_image2_1.jpg";"Type3";"127.4714232284";"36.4873487124";"6";"20231205113725";"10";"";"구룡산 장승공원";"28216";0
"진주시 이반성면 용암길 59-2";"";"36";"0";"A02";"A0201";"A02010700";"1959464";"12";"20141023195955";"http://tong.visitkorea.or.kr/cms/resource/23/3040823_image2_1.jpg";"http://tong.visitkorea.or.kr/cms/resource/23/3040823_image3_1.jpg";"Type3";"128.3325771223";"35.1664473205";"6";"20231116095352";"13";"";"가호서원";"52614";0
"창원시 마산회원구 구암북4길 7-10";"(구암동)";"36";"0";"A02";"A0201";"A02010700";"1959502";"12";"20141023220619";"http://tong.visitkorea.or.kr/cms/resource/88/3077388_image2_1.jpg";"http://tong.visitkorea.or.kr/cms/resource/88/3077388_image3_1.jpg";"Type3";"128.5915410698";"35.2519312819";"6";"20240102103101";"16";"";"구암서원(창원)";"51204";0
"고성군 동해면 외곡1길 151-44";"(동해면)";"36";"0";"A02";"A0201";"A02010700";"1959508";"12";"20141023222853";"http://tong.visitkorea.or.kr/cms/resource/12/3040112_image2_1.jpg";"http://tong.visitkorea.or.kr/cms/resource/12/3040112_image3_1.jpg";"Type3";"128.4064246939";"35.0147573324";"6";"20231122165448";"3";"";"국산서원";"52920";0
"함안군 칠원읍 무기1길 33";"(칠원읍)";"36";"0";"A02";"A0201";"A02010700";"1959515";"12";"20141023223724";"http://tong.visitkorea.or.kr/cms/resource/69/3077469_image2_1.jpg";"http://tong.visitkorea.or.kr/cms/resource/69/3077469_image3_1.jpg";"Type3";"128.5390305031";"35.2990139264";"6";"20240102110428";"19";"";"기양서원";"52026";0
"합천군 청덕면 성태길 81";"(청덕면)";"36";"0";"A02";"A0201";"A02010700";"1959547";"12";"20141024002124";"http://tong.visitkorea.or.kr/cms/resource/08/2740008_image2_1.jpg";"http://tong.visitkorea.or.kr/cms/resource/08/2740008_image2_1.jpg";"Type3";"128.3189670514";"35.5856526383";"6";"20240202141925";"21";"";"덕원서원";"50251";0
"창원시 의창구 동읍 석산길16번길 5-11";"";"36";"0";"A02";"A0201";"A02010700";"1959558";"12";"20141024004620";"http://tong.visitkorea.or.kr/cms/resource/78/3071778_image2_1.jpg";"http://tong.visitkorea.or.kr/cms/resource/78/3071778_image3_1.jpg";"Type3";"128.6592945587";"35.3146865744";"6";"20231215180147";"16";"";"도봉서원";"51115";0
"의령군 대의면 모의로 323";"";"36";"0";"A02";"A0201";"A02010700";"1959584";"12";"20141024013513";"http://tong.visitkorea.or.kr/cms/resource/04/3044004_image2_1.jpg";"http://tong.visitkorea.or.kr/cms/resource/04/3044004_image3_1.jpg";"Type3";"128.1480930571";"35.3840056454";"6";"20231120140459";"12";"";"미연서원";"52130";0
"거제시 동상3길 31-8 반곡서원";"";"36";"0";"A02";"A0201";"A02010700";"1959588";"12";"20141024014801";"http://tong.visitkorea.or.kr/cms/resource/88/3039888_image2_1.JPG";"http://tong.visitkorea.or.kr/cms/resource/88/3039888_image3_1.JPG";"Type3";"128.5959597056";"34.8521233822";"6";"20231115140954";"1";"";"반곡서원(거제)";"53286";0
"밀양시 삼랑진읍 삼랑1길 32-9";"";"36";"0";"A02";"A0201";"A02010700";"1959622";"12";"20141024020224";"http://tong.visitkorea.or.kr/cms/resource/52/2606552_image2_1.bmp";"http://tong.visitkorea.or.kr/cms/resource/52/2606552_image2_1.bmp";"Type3";"128.8181676896";"35.3831262356";"6";"20231114132734";"7";"";"삼강서원";"50467";0
"원주시 장미공원길 71-2";"";"32";"";"A05";"A0502";"A05020100";"1959936";"39";"20141024193228";"http://tong.visitkorea.or.kr/cms/resource/41/1959841_image2_1.jpg";"http://tong.visitkorea.or.kr/cms/resource/41/1959841_image3_1.jpg";"Type3";"127.9292133715";"37.3455999880";"6";"20230702041239";"9";"033-731-4987";"봉화산 설렁탕";"26436";0
"화성시 서신면 궁평항로 1049-24";"";"31";"";"A04";"A0401";"A04010600";"1960233";"38";"20141027224247";"http://tong.visitkorea.or.kr/cms/resource/13/1958513_image2_1.jpg";"http://tong.visitkorea.or.kr/cms/resource/13/1958513_image3_1.jpg";"Type3";"126.6812883655";"37.1160789957";"6";"20231106111515";"31";"031-355-9692";"궁평항수산물직판장";"18556";0
"충주시 충인1길 12";"(충의동)";"33";"";"A04";"A0401";"A04010700";"1960904";"38";"20141030014516";"http://tong.visitkorea.or.kr/cms/resource/13/1959813_image2_1.jpg";"http://tong.visitkorea.or.kr/cms/resource/13/1959813_image3_1.jpg";"Type3";"127.9290129716";"36.9753482217";"6";"20231213150347";"11";"043-848-4079";"삼화대장간";"27385";0
"여수시 오동도로 20";"";"38";"";"B02";"B0201";"B02010100";"1960922";"32";"20141030024411";"http://tong.visitkorea.or.kr/cms/resource/46/1960846_image2_1.JPG";"http://tong.visitkorea.or.kr/cms/resource/46/1960846_image2_1.JPG";"Type3";"127.7447783885";"34.7451536512";"6";"20230524174708";"13";"061-662-3131~2";"마띠유호텔 여수";"59743";0
"중구 광복로 19-2";"";"6";"";"A05";"A0502";"A05020100";"1963007";"39";"20141105190401";"http://tong.visitkorea.or.kr/cms/resource/46/1960546_image2_1.jpg";"http://tong.visitkorea.or.kr/cms/resource/46/1960546_image3_1.jpg";"Type3";"129.0273238707";"35.0995785561";"6";"20231116153713";"15";"051-254-1558";"부평족발";"48979";0
"서구 상무민주로123번길 25-17";"";"5";"";"A05";"A0502";"A05020200";"1963504";"39";"20141106190820";"http://tong.visitkorea.or.kr/cms/resource/66/1963466_image2_1.jpg";"http://tong.visitkorea.or.kr/cms/resource/66/1963466_image2_1.jpg";"Type3";"126.8566154574";"35.1608639310";"6";"20230526143239";"5";"070-8830-1355";"빌리지 1호점";"61940";0
"중구 동덕로36길 9-4";"";"4";"";"A05";"A0502";"A05020100";"1963738";"39";"20141107182253";"http://tong.visitkorea.or.kr/cms/resource/75/1961275_image2_1.jpg";"http://tong.visitkorea.or.kr/cms/resource/75/1961275_image3_1.jpg";"Type3";"128.6051062484";"35.8706923073";"6";"20230228163006";"8";"053-427-1430";"동원찜갈비";"41908";0
"경주시 불국로 289-17";"";"35";"";"A05";"A0502";"A05020100";"1963948";"39";"20141110190444";"http://tong.visitkorea.or.kr/cms/resource/13/1963913_image2_1.jpg";"http://tong.visitkorea.or.kr/cms/resource/13/1963913_image2_1.jpg";"Type3";"129.3219123181";"35.7876956389";"6";"20230203094927";"2";"054-740-5225";"계림식당";"38126";0
"제주시 애월읍 애월로1길 24";"";"39";"";"A05";"A0502";"A05020100";"1964507";"39";"20141111202815";"http://tong.visitkorea.or.kr/cms/resource/74/1937274_image2_1.jpg";"http://tong.visitkorea.or.kr/cms/resource/74/1937274_image3_1.jpg";"Type3";"126.3102342006";"33.4624672084";"6";"20230313101713";"4";"064-799-3332";"놀맨";"63043";0
"강화군 고비고개로741번길 37-48";"신선낚시터";"2";"";"A02";"A0207";"A02070200";"1964700";"15";"20141113003257";"http://tong.visitkorea.or.kr/cms/resource/04/2802404_image2_1.jpeg";"http://tong.visitkorea.or.kr/cms/resource/04/2802404_image2_1.jpeg";"Type3";"126.4155126209";"37.7199236130";"6";"20231220113037";"1";"032-933-1366";"빙어대잔치";"23018";0
"평택시 현덕면 서해로 158";"";"31";"";"A05";"A0502";"A05020100";"1964947";"39";"20141114201948";"http://tong.visitkorea.or.kr/cms/resource/73/1942973_image2_1.jpg";"http://tong.visitkorea.or.kr/cms/resource/73/1942973_image3_1.jpg";"Type3";"126.9110619354";"36.9150284884";"6";"20231116165521";"28";"031-681-3000, 9999";"등대횟집";"17972";0
"이천시 모가면 진상미로1178번길 25";"";"31";"0";"A02";"A0203";"A02030100";"1965335";"12";"20141117185217";"http://tong.visitkorea.or.kr/cms/resource/07/2632707_image2_1.bmp";"http://tong.visitkorea.or.kr/cms/resource/07/2632707_image2_1.bmp";"Type3";"127.4816146172";"37.1619296451";"6";"20230713130557";"26";"";"서경들마을";"17408";0
"서천군 한산면 신성로 36-16";"(한산면)";"34";"0";"A02";"A0203";"A02030100";"1965356";"12";"20141117192544";"http://tong.visitkorea.or.kr/cms/resource/54/1965354_image2_1.jpg";"http://tong.visitkorea.or.kr/cms/resource/54/1965354_image2_1.jpg";"Type3";"126.8133929256";"36.0841360776";"6";"20231207151016";"8";"";"동자북역사문화마을";"33624";0
"문경시 문경읍 새재로 918";"";"35";"";"A05";"A0502";"A05020100";"1965375";"39";"20141117200741";"http://tong.visitkorea.or.kr/cms/resource/62/1961162_image2_1.jpg";"http://tong.visitkorea.or.kr/cms/resource/62/1961162_image3_1.jpg";"Type3";"128.0771836053";"36.7604256366";"6";"20230112163818";"7";"054-572-3466";"광성식당";"36919";0
"문경시 문경읍 새재로 920";"";"35";"";"A05";"A0502";"A05020100";"1965380";"39";"20141117201145";"http://tong.visitkorea.or.kr/cms/resource/69/1961169_image2_1.jpg";"http://tong.visitkorea.or.kr/cms/resource/69/1961169_image3_1.jpg";"Type3";"128.0771502718";"36.7605450669";"6";"20230526145357";"7";"054-571-8899";"문경새재두메산골";"36919";0
"보성군 회천면 녹차로 745-8";"";"38";"0";"A02";"A0204";"A02040800";"1965437";"12";"20141117225530";"http://tong.visitkorea.or.kr/cms/resource/95/1936495_image2_1.jpg";"http://tong.visitkorea.or.kr/cms/resource/95/1936495_image3_1.jpg";"Type3";"127.0854342131";"34.7124071674";"6";"20231120092755";"10";"";"명량다원";"59472";0
"문경시 문경읍 새재로 920-1";"";"35";"";"A05";"A0502";"A05020100";"1965438";"39";"20141117224121";"http://tong.visitkorea.or.kr/cms/resource/75/1961175_image2_1.jpg";"http://tong.visitkorea.or.kr/cms/resource/75/1961175_image3_1.jpg";"Type3";"128.0771113813";"36.7607311559";"6";"20230227101013";"7";"054-571-3044";"문경식당";"36919";0
"문경시 문경읍 새재로 922";"";"35";"";"A05";"A0502";"A05020100";"1965448";"39";"20141117230955";"http://tong.visitkorea.or.kr/cms/resource/32/3030732_image2_1.jpg";"http://tong.visitkorea.or.kr/cms/resource/32/3030732_image3_1.jpg";"Type3";"128.0770280512";"36.7608866920";"6";"20240208131959";"7";"054-571-5600";"새재할매집";"36919";0
"문경시 문경읍 새재로 926";"";"35";"";"A05";"A0502";"A05020100";"1965453";"39";"20141117233107";"http://tong.visitkorea.or.kr/cms/resource/85/1961185_image2_1.jpg";"http://tong.visitkorea.or.kr/cms/resource/85/1961185_image3_1.jpg";"Type3";"128.0769502721";"36.7611505494";"6";"20231205174427";"7";"054-571-8857";"새재왕건집";"36919";0
"종로구 종로36나길 9";"";"1";"";"A05";"A0502";"A05020100";"1965691";"39";"20141118200122";"http://tong.visitkorea.or.kr/cms/resource/97/1965597_image2_1.jpg";"http://tong.visitkorea.or.kr/cms/resource/97/1965597_image3_1.jpg";"Type3";"127.0044130002";"37.5702098402";"6";"20230807151245";"23";"02-2266-8125";"더 우리곱창";"03197";0
"제주시 제원길 6";"";"39";"";"A05";"A0502";"A05020100";"1966799";"39";"20141120222547";"http://tong.visitkorea.or.kr/cms/resource/88/1937288_image2_1.jpg";"http://tong.visitkorea.or.kr/cms/resource/88/1937288_image3_1.jpg";"Type3";"126.4892402453";"33.4894531668";"6";"20231030103514";"4";"064-746-5999";"돼지꿈";"63129";0
"서귀포시 표선면 가시로 572";"";"39";"";"A05";"A0502";"A05020900";"1966821";"39";"20141120233155";"http://tong.visitkorea.or.kr/cms/resource/91/1937291_image2_1.jpg";"http://tong.visitkorea.or.kr/cms/resource/91/1937291_image3_1.jpg";"Type3";"126.7737630658";"33.3544670791";"6";"20230920175543";"3";"064-787-5827";"모드락572";"63623";0
"성남시 분당구 구미로185번길 30";"";"31";"0";"A02";"A0201";"A02010800";"1967028";"12";"20141121195011";"http://tong.visitkorea.or.kr/cms/resource/83/2562683_image2_1.jpg";"http://tong.visitkorea.or.kr/cms/resource/83/2562683_image3_1.jpg";"Type3";"127.1276608844";"37.3467990902";"6";"20230915103213";"12";"";"대광사(성남)";"13621";0
"북구 일곡마을로111번길 32-1";"";"5";"";"A05";"A0502";"A05020900";"1967087";"39";"20141121230522";"http://tong.visitkorea.or.kr/cms/resource/18/1943618_image2_1.jpg";"http://tong.visitkorea.or.kr/cms/resource/18/1943618_image3_1.jpg";"Type3";"126.8887086488";"35.2084285435";"6";"20231114145704";"4";"";"산울림";"61035";0
"종로구 북촌로 41";"";"1";"";"A05";"A0502";"A05020100";"1968879";"39";"20141128230301";"http://tong.visitkorea.or.kr/cms/resource/77/1968877_image2_1.jpg";"http://tong.visitkorea.or.kr/cms/resource/77/1968877_image2_1.jpg";"Type3";"126.9846922806";"37.5806027224";"6";"20221227184628";"23";"02-747-5535";"백년토종삼계탕";"03055";0
"달성군 화원읍 마비정길 259";"";"4";"0";"A02";"A0203";"A02030100";"1970811";"12";"20141205010351";"http://tong.visitkorea.or.kr/cms/resource/83/2659583_image2_1.jpg";"http://tong.visitkorea.or.kr/cms/resource/83/2659583_image3_1.jpg";"Type3";"128.5422448752";"35.7792959366";"6";"20240318162553";"3";"";"마비정 벽화마을";"42967";0
"경주시 하동공예촌길 78";"(하동)";"35";"";"A04";"A0401";"A04010700";"1972411";"38";"20141210225308";"http://tong.visitkorea.or.kr/cms/resource/01/1968701_image2_1.jpg";"http://tong.visitkorea.or.kr/cms/resource/01/1968701_image3_1.jpg";"Type3";"129.3107239191";"35.8048434931";"6";"20230829113625";"2";"054-772-0130";"갤러리 가람";"38126";0
"문경시 중앙로 87 (점촌동)";"";"35";"";"A04";"A0401";"A04010200";"1972425";"38";"20141210231152";"http://tong.visitkorea.or.kr/cms/resource/13/1968713_image2_1.jpg";"http://tong.visitkorea.or.kr/cms/resource/13/1968713_image3_1.jpg";"Type3";"128.1973637277";"36.5935830735";"6";"20231102171457";"7";"054-553-4545";"문경중앙시장";"36954";0
"부안군 변산면 격포중앙길 28-4";"";"37";"";"A04";"A0401";"A04010200";"1979610";"38";"202401181743";"http://tong.visitkorea.or.kr/cms/resource/15/1976615_image2_1.jpg";"http://tong.visitkorea.or.kr/cms/resource/15/1976615_image3_1.jpg";"Type3";"126.4703715269";"35.6221884733";"6";"20240118174312";"6";"";"격포항 수산시장";"56337";0
"가평군 북면 가화로 2369-19";"";"31";"";"B02";"B0201";"B02010900";"1979670";"32";"20141226184946";"http://tong.visitkorea.or.kr/cms/resource/37/1979637_image2_1.JPG";"http://tong.visitkorea.or.kr/cms/resource/37/1979637_image2_1.JPG";"Type3";"127.4766116592";"37.9524878464";"6";"20230824113015";"1";"031-581-2256~7";"가평 하이랜드";"12401";0
"울주군 상북면 배내로 950";"";"7";"";"A05";"A0502";"A05020100";"1983747";"39";"20150113232402";"http://tong.visitkorea.or.kr/cms/resource/13/1983713_image2_1.jpg";"http://tong.visitkorea.or.kr/cms/resource/13/1983713_image2_1.jpg";"Type3";"129.0098469553";"35.5271302482";"6";"20230330133242";"5";"052-264-8188";"베네치아";"44909";0
"제주시 구좌읍 종달로5길 31-1";"";"39";"";"A05";"A0502";"A05020900";"1984133";"39";"20150114192913";"http://tong.visitkorea.or.kr/cms/resource/97/1937897_image2_1.jpg";"http://tong.visitkorea.or.kr/cms/resource/97/1937897_image3_1.jpg";"Type3";"126.8994489902";"33.4933232117";"6";"20230530133252";"4";"064-782-4518";"바다는안보여요";"63364";0
"제주시 서해안로 614";"";"39";"";"A05";"A0502";"A05020100";"1984158";"39";"20150114203521";"http://tong.visitkorea.or.kr/cms/resource/97/1937297_image2_1.jpg";"http://tong.visitkorea.or.kr/cms/resource/97/1937297_image3_1.jpg";"Type3";"126.5027606683";"33.5169642249";"6";"20231122164842";"4";"064-711-6754";"바당회국수";"63150";0
"서귀포시 성산읍 일출로 88-19";"";"39";"";"A05";"A0502";"A05020100";"1984236";"39";"20150115182445";"http://tong.visitkorea.or.kr/cms/resource/07/1937907_image2_1.jpg";"http://tong.visitkorea.or.kr/cms/resource/07/1937907_image3_1.jpg";"Type3";"126.9223924466";"33.4499422661";"6";"20231114095811";"3";"064-782-0673";"백기해녀의집";"63641";0
"제주시 조천읍 비자림로 653";"";"39";"";"A05";"A0502";"A05020100";"1984251";"39";"20150115193031";"http://tong.visitkorea.or.kr/cms/resource/09/1937909_image2_1.jpg";"http://tong.visitkorea.or.kr/cms/resource/09/1937909_image3_1.jpg";"Type3";"126.6765362872";"33.4367342104";"6";"20231005173756";"4";"064-784-8181";"삼복가든";"63346";0
"제주시 동광로4길 11";"";"39";"";"A05";"A0502";"A05020100";"1984252";"39";"20150115194755";"http://tong.visitkorea.or.kr/cms/resource/17/1937917_image2_1.jpg";"http://tong.visitkorea.or.kr/cms/resource/17/1937917_image3_1.jpg";"Type3";"126.5317362966";"33.5006748230";"6";"20230531091743";"4";"064-753-4868";"새둥지";"63208";0
"용산구 백범로90길 50";"";"1";"";"A05";"A0502";"A05020100";"1985351";"39";"20150122191043";"http://tong.visitkorea.or.kr/cms/resource/37/1984537_image2_1.jpg";"http://tong.visitkorea.or.kr/cms/resource/37/1984537_image3_1.jpg";"Type3";"126.9703281680";"37.5365964678";"6";"20230613140017";"21";"";"문배동 육칼";"04369";0
"창원시 의창구 북면 신리길30번길";"일대";"36";"0";"A01";"A0101";"A01010400";"1985839";"12";"20150126193841";"http://tong.visitkorea.or.kr/cms/resource/19/2043319_image2_1.jpg";"http://tong.visitkorea.or.kr/cms/resource/19/2043319_image3_1.jpg";"Type3";"128.6028762048";"35.3540033477";"6";"20231114114408";"16";"055-225-3691";"마금산";"51103";0
"종로구 인사동8길 6-4";"";"1";"";"A05";"A0502";"A05020900";"1986171";"39";"20150127185345";"http://tong.visitkorea.or.kr/cms/resource/45/1987645_image2_1.jpg";"http://tong.visitkorea.or.kr/cms/resource/45/1987645_image2_1.jpg";"Type3";"126.9858284857";"37.5736313310";"6";"20231101140016";"23";"02-734-5310";"뜰과다원";"03148";0
"경주시 알천남로 316";"";"35";"";"A05";"A0502";"A05020200";"1986664";"39";"20150129004953";"http://tong.visitkorea.or.kr/cms/resource/30/1986230_image2_1.jpg";"http://tong.visitkorea.or.kr/cms/resource/30/1986230_image2_1.jpg";"Type3";"129.2322297215";"35.8424544312";"6";"20231113145053";"2";"054-772-1777";"반월성화덕피자";"38150";0
"평택시 포승읍 평택항만길 73";"";"31";"";"A05";"A0502";"A05020200";"1990903";"39";"20150306195820";"http://tong.visitkorea.or.kr/cms/resource/71/1990871_image2_1.jpg";"http://tong.visitkorea.or.kr/cms/resource/71/1990871_image2_1.jpg";"Type3";"126.8483442217";"36.9576085812";"6";"20240229105006";"28";"031-8053-7777";"몬테비안코";"17962";0
"강북구 삼양로 500-18";"";"1";"";"B02";"B0201";"B02010100";"1990929";"32";"20150306202644";"http://tong.visitkorea.or.kr/cms/resource/13/1990913_image2_1.jpg";"http://tong.visitkorea.or.kr/cms/resource/13/1990913_image2_1.jpg";"Type3";"127.0156236669";"37.6476399283";"6";"20231024131413";"3";"02-905-9131";"리치다이아몬드호텔";"01037";0
"고창군 해리면 월봉성산길 100";"";"37";"";"B02";"B0201";"B02010700";"1991058";"32";"20150310001140";"http://tong.visitkorea.or.kr/cms/resource/53/1991053_image2_1.jpg";"http://tong.visitkorea.or.kr/cms/resource/53/1991053_image2_1.jpg";"Type3";"126.4820326467";"35.4695587934";"6";"20240118104348";"1";"0507-1403-7684";"고창처녀농부 민박";"56405";0
"영월군 영월읍 사지막길 160";"";"32";"";"A02";"A0202";"A02020200";"1991092";"32";"20150310013656";"http://tong.visitkorea.or.kr/cms/resource/76/2750976_image2_1.jpg";"http://tong.visitkorea.or.kr/cms/resource/76/2750976_image2_1.jpg";"Type3";"128.5187307595";"37.2177619104";"6";"20231103153954";"8";"033-905-2000";"동강시스타 리조트";"26223";0
"강릉시 하남길 345-3";"";"32";"";"B02";"B0201";"B02010700";"1992481";"32";"20150320183544";"http://tong.visitkorea.or.kr/cms/resource/59/1992459_image2_1.jpg";"http://tong.visitkorea.or.kr/cms/resource/59/1992459_image2_1.jpg";"Type3";"128.8994563769";"37.8088121284";"6";"20231017150141";"1";"010-8792-9721";"경포비치펜션";"25459";0
"평창군 봉평면 금당계곡로 1778-6";"";"32";"";"B02";"B0201";"B02010700";"1992872";"32";"20150324231305";"http://tong.visitkorea.or.kr/cms/resource/28/1992828_image2_1.jpg";"http://tong.visitkorea.or.kr/cms/resource/28/1992828_image2_1.jpg";"Type3";"128.3948430217";"37.5525987084";"6";"20231018152202";"15";"";"비움 펜션";"25311";0
"성남시 분당구 내정로165번길 38 양지마을청구아파트";"금호상가 2층";"31";"";"A05";"A0502";"A05020100";"1994225";"39";"20150407022440";"http://tong.visitkorea.or.kr/cms/resource/75/1992775_image2_1.jpg";"http://tong.visitkorea.or.kr/cms/resource/75/1992775_image3_1.jpg";"Type3";"127.1163971896";"37.3761815936";"6";"20230704162023";"12";"031-719-9199";"남해소반";"13597";0
"안성시 양성면 덕봉길 45";"";"31";"0";"A02";"A0203";"A02030100";"1995934";"12";"20150409203323";"http://tong.visitkorea.or.kr/cms/resource/12/2632712_image2_1.bmp";"http://tong.visitkorea.or.kr/cms/resource/12/2632712_image2_1.bmp";"Type3";"127.1875889184";"37.0447350979";"6";"20230610081748";"16";"";"선비마을";"17503";3156
"사하구 감내2로 203";"";"6";"0";"A02";"A0203";"A02030100";"1997221";"12";"20150414190116";"http://tong.visitkorea.or.kr/cms/resource/46/2716246_image2_1.jpg";"http://tong.visitkorea.or.kr/cms/resource/46/2716246_image3_1.jpg";"Type3";"129.0106253789";"35.0975007038";"6";"20240417173738";"10";"";"부산 감천문화마을";"49368";0
"포항시 남구 구룡포읍 호미로 239-13";"";"35";"";"A05";"A0502";"A05020100";"1997225";"39";"20150414185531";"http://tong.visitkorea.or.kr/cms/resource/43/1996943_image2_1.jpg";"http://tong.visitkorea.or.kr/cms/resource/43/1996943_image3_1.jpg";"Type3";"129.5562331606";"35.9914743314";"6";"20230531101745";"23";"054-276-2298";"까꾸네 모리국수";"37933";0
"남해군 남면 남면로 920";"";"36";"";"B02";"B0201";"B02010700";"1997502";"32";"20150415222005";"http://tong.visitkorea.or.kr/cms/resource/07/1997507_image2_1.JPG";"http://tong.visitkorea.or.kr/cms/resource/07/1997507_image2_1.JPG";"Type3";"127.8759368002";"34.7283078158";"6";"20230921161918";"5";"055-863-2226";"남해펜션920";"52435";0
"영천시 화북면 정각리";"";"35";"0";"A01";"A0101";"A01010400";"1997570";"12";"20150416002638";"http://tong.visitkorea.or.kr/cms/resource/95/2005695_image2_1.jpg";"http://tong.visitkorea.or.kr/cms/resource/95/2005695_image3_1.jpg";"Type3";"128.9732989152";"36.1615856517";"6";"20231116154002";"15";"";"보현산(영천)";"38812";0
"부평구 길주남로 166";"(부개동)";"2";"0";"A02";"A0206";"A02060900";"1997652";"14";"20150416201720";"http://tong.visitkorea.or.kr/cms/resource/44/1997644_image2_1.JPG";"http://tong.visitkorea.or.kr/cms/resource/44/1997644_image2_1.JPG";"Type3";"126.7401834131";"37.5034323298";"6";"20240124173455";"6";"";"부평 기적의도서관";"21347";0
"태안군 근흥면 신진도길 4";"";"34";"";"B02";"B0201";"B02010900";"1998207";"32";"20150418011434";"http://tong.visitkorea.or.kr/cms/resource/97/1998197_image2_1.jpg";"http://tong.visitkorea.or.kr/cms/resource/97/1998197_image2_1.jpg";"Type3";"126.1383020788";"36.6785646330";"6";"20231018132626";"14";"041-675-0877";"비치콘도모텔";"32132";0
"종로구 종로32길 7";"";"1";"";"A05";"A0502";"A05020100";"1998216";"39";"20150418012701";"http://tong.visitkorea.or.kr/cms/resource/93/1998993_image2_1.jpg";"http://tong.visitkorea.or.kr/cms/resource/93/1998993_image3_1.jpg";"Type3";"127.0008355390";"37.5705402931";"6";"20231110103048";"23";"02-2267-0614";"박가네빈대떡";"03195";0
"종로구 동호로 403-23";"";"1";"";"A05";"A0502";"A05020100";"1998333";"39";"20150418023521";"http://tong.visitkorea.or.kr/cms/resource/83/1998983_image2_1.jpg";"http://tong.visitkorea.or.kr/cms/resource/83/1998983_image3_1.jpg";"Type3";"127.0011132988";"37.5702819948";"6";"20230712140856";"23";"02-2273-8330";"모녀마약김밥";"03195";0
"종로구 사직로 161";"";"1";"";"A02";"A0207";"A02070200";"1998564";"15";"20150421185827";"http://tong.visitkorea.or.kr/cms/resource/86/3081286_image2_1.jpg";"http://tong.visitkorea.or.kr/cms/resource/86/3081286_image3_1.jpg";"Type3";"126.9769930325";"37.5788222356";"6";"20240222132035";"23";"02-3210-3506, 궁능활용프로그램 콜센터 1522-2295";"궁중문화축전";"03045";0
"동대문구 회기로28길 3";"(휘경동)";"1";"";"A05";"A0502";"A05020100";"1998567";"39";"20150421190249";"http://tong.visitkorea.or.kr/cms/resource/76/1998676_image2_1.JPG";"http://tong.visitkorea.or.kr/cms/resource/76/1998676_image2_1.JPG";"Type3";"127.0562049480";"37.5897557225";"6";"20230707171107";"11";"02-968-2494";"노천파전";"02446";0
"사천시 박재삼길 27";"(서금동)";"36";"0";"A02";"A0206";"A02060300";"1998842";"14";"20150422225102";"http://tong.visitkorea.or.kr/cms/resource/47/1998747_image2_1.jpg";"http://tong.visitkorea.or.kr/cms/resource/47/1998747_image3_1.jpg";"Type3";"128.0743782548";"34.9259197179";"6";"20230530110041";"8";"";"박재삼 문학관";"52568";0
"경산시 남산면 삼성현공원로 59";"";"35";"0";"A02";"A0206";"A02060300";"1999964";"14";"20150428230543";"http://tong.visitkorea.or.kr/cms/resource/37/1999937_image2_1.JPG";"http://tong.visitkorea.or.kr/cms/resource/37/1999937_image2_1.JPG";"Type3";"128.7966385424";"35.8017314290";"6";"20230710163025";"1";"";"삼성현 역사문화관";"38577";0
"거제시 일운면 지세포해안로 15";"";"36";"0";"A02";"A0206";"A02060300";"2001650";"14";"20150507193246";"http://tong.visitkorea.or.kr/cms/resource/44/2735244_image2_1.JPG";"http://tong.visitkorea.or.kr/cms/resource/44/2735244_image2_1.JPG";"Type3";"128.7014926255";"34.8358937646";"6";"20231226141013";"1";"";"거제씨월드";"53328";0
"포항시 북구 청하면 청하로175번길 50";"";"35";"0";"A01";"A0101";"A01010700";"2001706";"12";"20150508004245";"http://tong.visitkorea.or.kr/cms/resource/91/2012291_image2_1.jpg";"http://tong.visitkorea.or.kr/cms/resource/91/2012291_image2_1.jpg";"Type3";"129.3326662823";"36.1957719328";"6";"20231209143709";"23";"";"기청산식물원";"37515";0
"거제시 둔덕면 산방산길 153";"";"36";"0";"A01";"A0101";"A01010700";"2002126";"12";"20150508194921";"http://tong.visitkorea.or.kr/cms/resource/17/2664617_image2_1.jpg";"http://tong.visitkorea.or.kr/cms/resource/17/2664617_image2_1.jpg";"Type3";"128.5272710460";"34.8593796707";"6";"20230926163922";"1";"";"산방산 비원";"53280";0
"경주시 보문로 74-14";"";"35";"0";"A02";"A0202";"A02020600";"2002492";"12";"20150511235204";"http://tong.visitkorea.or.kr/cms/resource/90/2625390_image2_1.jpg";"http://tong.visitkorea.or.kr/cms/resource/90/2625390_image3_1.jpg";"Type3";"129.2627490602";"35.8498125109";"6";"20230321090052";"2";"";"경주 버드파크";"38117";0
"남해군 남면 남면로 775-19";"";"36";"";"B02";"B0201";"B02010700";"2003286";"32";"20150514201931";"http://tong.visitkorea.or.kr/cms/resource/56/2003256_image2_1.jpg";"http://tong.visitkorea.or.kr/cms/resource/56/2003256_image2_1.jpg";"Type3";"127.8891329847";"34.7238418788";"6";"20240220173525";"5";"010-9622-0990";"빈센트펜션";"52436";0
"포항시 북구 해안로 93";"";"35";"";"B02";"B0201";"B02010100";"2004586";"32";"20150520182929";"http://tong.visitkorea.or.kr/cms/resource/53/2004653_image2_1.jpg";"http://tong.visitkorea.or.kr/cms/resource/53/2004653_image2_1.jpg";"Type3";"129.3778357821";"36.0572107071";"6";"20231211121752";"23";"054-251-9988";"갤럭시관광호텔";"37708";0
"서귀포시 안덕면 산록남로 786";"";"39";"";"A02";"A0202";"A02020200";"2007416";"32";"20150603184905";"http://tong.visitkorea.or.kr/cms/resource/90/2007390_image2_1.jpg";"http://tong.visitkorea.or.kr/cms/resource/90/2007390_image2_1.jpg";"Type3";"126.3851808798";"33.3199036043";"6";"20231031100547";"3";"064-805-0114";"루체빌리조트";"63525";0
"공주시 반포면 계룡대로 1352";"";"34";"";"A03";"A0302";"A03021700";"2007483";"28";"20150603234028";"http://tong.visitkorea.or.kr/cms/resource/76/2007476_image2_1.JPG";"http://tong.visitkorea.or.kr/cms/resource/76/2007476_image2_1.JPG";"Type3";"127.2534796456";"36.3560654290";"6";"20230610081832";"1";"";"계룡산글램핑";"32626";0
"정읍시 산외면 공동길 58";"";"37";"0";"A02";"A0203";"A02030200";"2009156";"12";"202401181743";"http://tong.visitkorea.or.kr/cms/resource/37/2009137_image2_1.jpg";"http://tong.visitkorea.or.kr/cms/resource/37/2009137_image2_1.jpg";"Type3";"127.0201949462";"35.6166039952";"6";"20240118174312";"13";"";"고택문화체험관";"56122";0
"동구 문화전당로 38";"(광산동)";"5";"0";"A02";"A0206";"A02060300";"2009775";"14";"20150612233803";"http://tong.visitkorea.or.kr/cms/resource/53/3083353_image2_1.jpg";"http://tong.visitkorea.or.kr/cms/resource/53/3083353_image3_1.jpg";"Type3";"126.9207267855";"35.1476692819";"6";"20240419151408";"3";"";"국립아시아문화전당";"61485";0
"도봉구 덕릉로60길 13";"";"1";"";"A05";"A0502";"A05020700";"2009928";"39";"20150615191420";"http://tong.visitkorea.or.kr/cms/resource/29/2009929_image2_1.jpg";"http://tong.visitkorea.or.kr/cms/resource/29/2009929_image2_1.jpg";"Type3";"127.0401188840";"37.6396246351";"6";"20231106142329";"10";"02-903-9928";"산도토리임자탕";"01474";0
"포항시 북구 삼호로265번길 1";"";"35";"";"B02";"B0201";"B02010100";"2010024";"32";"20150615234041";"http://tong.visitkorea.or.kr/cms/resource/99/2009999_image2_1.jpg";"http://tong.visitkorea.or.kr/cms/resource/99/2009999_image2_1.jpg";"Type3";"129.3773689438";"36.0645459792";"6";"20230512155521";"23";"054-230-7000, 7003";"라한호텔";"37625";0
"군산시 서래로 52";"";"37";"";"A05";"A0502";"A05020100";"2010167";"39";"202401181743";"http://tong.visitkorea.or.kr/cms/resource/71/3040571_image2_1.jpg";"http://tong.visitkorea.or.kr/cms/resource/71/3040571_image3_1.jpg";"Type3";"126.7224398172";"35.9825183452";"6";"20240118174312";"2";"063-445-0849";"군산중동호떡";"54030";0
"안동시 제비원로 128";"";"35";"";"A05";"A0502";"A05020100";"2010235";"39";"20150616202157";"http://tong.visitkorea.or.kr/cms/resource/34/1989434_image2_1.jpg";"http://tong.visitkorea.or.kr/cms/resource/34/1989434_image3_1.jpg";"Type3";"128.7211874115";"36.5638434639";"6";"20231219181916";"11";"054-843-0106";"버버리찰떡";"36698";0
"영주시 봉현면 소백로 1727";"";"35";"";"A05";"A0502";"A05020100";"2010407";"39";"20150617030052";"http://tong.visitkorea.or.kr/cms/resource/18/2010418_image2_1.JPG";"http://tong.visitkorea.or.kr/cms/resource/18/2010418_image2_1.JPG";"Type3";"128.5268406821";"36.8556231020";"6";"20231103104146";"14";"054-636-1599";"미소머금고";"36045";0
"마포구 양화로 45";"";"1";"";"A04";"A0401";"A04010600";"2011782";"38";"20150624011457";"http://tong.visitkorea.or.kr/cms/resource/68/2012068_image2_1.jpg";"http://tong.visitkorea.or.kr/cms/resource/68/2012068_image3_1.jpg";"Type3";"126.9139217822";"37.5513131918";"6";"20231031140748";"13";"";"메세나폴리스 몰";"04036";0
"가평군 가평읍 보납로 459-158";"";"31";"";"A05";"A0502";"A05020100";"2011963";"39";"20150624193836";"http://tong.visitkorea.or.kr/cms/resource/85/2010785_image2_1.jpg";"http://tong.visitkorea.or.kr/cms/resource/85/2010785_image3_1.jpg";"Type3";"127.5489884769";"37.8552782833";"6";"20230119143853";"1";"031-581-5570";"동기간";"12410";0
"당진시 순성면 매실로 246";"";"34";"0";"A02";"A0203";"A02030100";"2013257";"12";"20150702022704";"http://tong.visitkorea.or.kr/cms/resource/95/2635095_image2_1.jpg";"http://tong.visitkorea.or.kr/cms/resource/95/2635095_image3_1.jpg";"Type3";"126.7005390299";"36.8227271120";"6";"20230331104045";"4";"";"당진 백석올미마을";"31761";0
"강화군 화도면 덕포길";"(화도면)";"2";"";"A03";"A0303";"A03030500";"2013518";"28";"20150703191207";"http://tong.visitkorea.or.kr/cms/resource/92/1577292_image2_1.jpg";"http://tong.visitkorea.or.kr/cms/resource/92/1577292_image3_1.jpg";"Type3";"126.4639578039";"37.6336484113";"6";"20231116113818";"1";"032-937-9978";"선두포저수지";"23059";0
"공주시 계룡면 신원사로 502";"";"34";"";"A05";"A0502";"A05020100";"2013675";"39";"20150706184549";"http://tong.visitkorea.or.kr/cms/resource/21/2013721_image2_1.jpg";"http://tong.visitkorea.or.kr/cms/resource/21/2013721_image2_1.jpg";"Type3";"127.1780314776";"36.3325778994";"6";"20230524175056";"1";"041-855-0696";"밥꽃하나피었네";"32619";0
"제천시 수산면 월악로 2970";"";"33";"";"A05";"A0502";"A05020100";"2013680";"39";"20150706190209";"http://tong.visitkorea.or.kr/cms/resource/31/2013731_image2_1.JPG";"http://tong.visitkorea.or.kr/cms/resource/31/2013731_image2_1.JPG";"Type3";"128.1772085952";"36.9329354680";"6";"20230526100042";"7";"043-651-2264";"가람";"27220";0
"담양군 용면 추월산로 735";"";"38";"";"A03";"A0302";"A03022700";"2013935";"28";"20150707014815";"http://tong.visitkorea.or.kr/cms/resource/27/1941027_image2_1.jpg";"http://tong.visitkorea.or.kr/cms/resource/27/1941027_image3_1.jpg";"Type3";"126.9930309983";"35.3875211686";"6";"20230223135908";"7";"";"담양 용마루길";"57300";0
"서산시 부석면 지산철장길 37-7";"";"34";"";"A05";"A0502";"A05020100";"2014033";"39";"20150707190941";"http://tong.visitkorea.or.kr/cms/resource/70/2013970_image2_1.jpg";"http://tong.visitkorea.or.kr/cms/resource/70/2013970_image2_1.jpg";"Type3";"126.4073023593";"36.6925453845";"6";"20230131130932";"7";"041-663-3115";"봄날";"32021";0
"평창군 미탄면 평창동강로 495-6";"";"32";"";"A05";"A0502";"A05020100";"2014255";"39";"20150707234812";"http://tong.visitkorea.or.kr/cms/resource/64/2014064_image2_1.jpg";"http://tong.visitkorea.or.kr/cms/resource/64/2014064_image3_1.jpg";"Type3";"128.5412317383";"37.3037635452";"6";"20231107171543";"15";"033-332-6277";"기화양어장횟집";"25384";0
"곡성군 곡성읍 학정리";"";"38";"0";"A01";"A0101";"A01010400";"2014608";"12";"20150708023319";"http://tong.visitkorea.or.kr/cms/resource/21/2014021_image2_1.jpg";"http://tong.visitkorea.or.kr/cms/resource/21/2014021_image3_1.jpg";"Type3";"127.2603293096";"35.2889507853";"6";"20231120094217";"3";"";"동악산(곡성)";"57532";0
"서천군 장항읍 장산로101번길 75";"";"34";"0";"A02";"A0206";"A02060300";"2014616";"14";"20150708024949";"http://tong.visitkorea.or.kr/cms/resource/40/3098140_image2_1.jpg";"http://tong.visitkorea.or.kr/cms/resource/40/3098140_image3_1.jpg";"Type3";"126.6698297373";"36.0172273716";"6";"20240214135340";"8";"";"국립해양생물자원관";"33662";0
"영덕군 강구면 영덕대게로 523-1";"";"35";"";"A05";"A0502";"A05020100";"2014777";"39";"20150708025351";"http://tong.visitkorea.or.kr/cms/resource/86/1759586_image2_1.jpg";"http://tong.visitkorea.or.kr/cms/resource/86/1759586_image3_1.jpg";"Type3";"129.4104981745";"36.3903541292";"6";"20230808135322";"12";"054-734-3539";"대흥호 대게식당";"36453";0
"곡성군 곡성읍 도림로 119";"";"38";"";"A05";"A0502";"A05020100";"2014865";"39";"20150708025722";"http://tong.visitkorea.or.kr/cms/resource/19/2014019_image2_1.jpg";"http://tong.visitkorea.or.kr/cms/resource/19/2014019_image3_1.jpg";"Type3";"127.2628519470";"35.2639980914";"6";"20230214143830";"3";"061-363-3537";"동악산장";"57527";0
"영덕군 강구면 영덕대게로 577";"";"35";"";"B02";"B0201";"B02010700";"2015506";"32";"20150710195200";"http://tong.visitkorea.or.kr/cms/resource/56/2015456_image2_1.jpg";"http://tong.visitkorea.or.kr/cms/resource/56/2015456_image2_1.jpg";"Type3";"129.4144977328";"36.3933621979";"6";"20231010165401";"12";"054-734-3080";"더스트림 펜션";"36453";0
"경주시 신평동";"";"35";"0";"A01";"A0101";"A01011700";"2015553";"12";"20150710224715";"http://tong.visitkorea.or.kr/cms/resource/10/2654210_image2_1.jpg";"http://tong.visitkorea.or.kr/cms/resource/10/2654210_image3_1.jpg";"Type3";"129.2892803112";"35.8413250823";"6";"20230610081902";"2";"";"보문정 (경주)";"38117";0
"영천시 금호읍 금호로 496";"";"35";"";"B02";"B0201";"B02010900";"2015575";"32";"20150711001228";"http://tong.visitkorea.or.kr/cms/resource/59/2015559_image2_1.jpeg";"http://tong.visitkorea.or.kr/cms/resource/59/2015559_image2_1.jpeg";"Type3";"128.9066330233";"35.9503583351";"6";"20230831104547";"15";"054-337-1501";"라임미니호텔";"38874";0
"중구 영종순환로 279-20";"(중산동)";"2";"";"A03";"A0302";"A03021700";"2018189";"28";"20150717183345";"http://tong.visitkorea.or.kr/cms/resource/87/3046887_image2_1.jpg";"http://tong.visitkorea.or.kr/cms/resource/87/3046887_image3_1.jpg";"Type3";"126.5499393322";"37.5154692369";"6";"20231123103215";"10";"";"만정캠핑장";"22358";0
"보령시 웅천읍 열린바다2길 46";"";"34";"";"A04";"A0401";"A04010200";"2021432";"38";"20150728192204";"http://tong.visitkorea.or.kr/cms/resource/63/2021663_image2_1.jpg";"http://tong.visitkorea.or.kr/cms/resource/63/2021663_image3_1.jpg";"Type3";"126.5370356477";"36.2484264279";"6";"20230905102619";"5";"";"무창포 수산물시장";"33508";0
"서귀포시 성산읍 서성일로 689-8";"";"39";"";"B02";"B0201";"B02010700";"2021434";"32";"20150728193241";"http://tong.visitkorea.or.kr/cms/resource/03/2021403_image2_1.jpg";"http://tong.visitkorea.or.kr/cms/resource/03/2021403_image2_1.jpg";"Type3";"126.8572041127";"33.4298212120";"6";"20230517131316";"3";"064-784-1988";"산들애풀하우스";"63631";0
"충주시 동수2길 35";"";"33";"";"A05";"A0502";"A05020100";"2021657";"39";"20150729192505";"http://tong.visitkorea.or.kr/cms/resource/49/2020849_image2_1.jpg";"http://tong.visitkorea.or.kr/cms/resource/49/2020849_image3_1.jpg";"Type3";"127.9378229812";"36.9861999135";"6";"20230906100534";"11";"043-852-9590";"만나밥집";"27351";0
"남해군 남면 남면로679번길 27-3";"";"36";"";"A05";"A0502";"A05020100";"2022045";"39";"20150731201044";"http://tong.visitkorea.or.kr/cms/resource/46/2016146_image2_1.jpg";"http://tong.visitkorea.or.kr/cms/resource/46/2016146_image3_1.jpg";"Type3";"127.8939324729";"34.7274526695";"6";"20230109111929";"5";"";"다랭이팜 농부맛집";"52436";0
"곡성군 고달면 호곡도깨비길 119-97";"";"38";"0";"A02";"A0203";"A02030100";"2022313";"12";"20150804003938";"http://tong.visitkorea.or.kr/cms/resource/64/2037064_image2_1.jpg";"http://tong.visitkorea.or.kr/cms/resource/64/2037064_image3_1.jpg";"Type3";"127.3626322933";"35.2536843094";"6";"20230322113333";"3";"";"섬진강 도깨비마을";"57547";0
"제주시 구좌읍 김녕로 148-11";"(구좌읍)";"39";"0";"A02";"A0201";"A02010800";"2027184";"12";"20150903232315";"http://tong.visitkorea.or.kr/cms/resource/76/2027876_image2_1.jpg";"http://tong.visitkorea.or.kr/cms/resource/76/2027876_image2_1.jpg";"Type3";"126.7536019143";"33.5539724801";"6";"20230206171014";"4";"";"금룡사(제주)";"63357";0
"창원시 진해구 진해대로 303";"(태백동)";"36";"0";"A02";"A0201";"A02010800";"2027186";"12";"20150903233345";"http://tong.visitkorea.or.kr/cms/resource/21/2027321_image2_1.JPG";"http://tong.visitkorea.or.kr/cms/resource/21/2027321_image2_1.JPG";"Type3";"128.6584651767";"35.1713054381";"6";"20231114180212";"16";"";"대광사(창원)";"51578";0
"제주시 애월읍 광령남6길 54";"(애월읍)";"39";"0";"A02";"A0201";"A02010800";"2027203";"12";"20150904001113";"http://tong.visitkorea.or.kr/cms/resource/52/2401952_image2_1.jpg";"http://tong.visitkorea.or.kr/cms/resource/52/2401952_image2_1.jpg";"Type3";"126.4243079199";"33.4488149673";"6";"20231210154933";"4";"";"백제사";"63062";0
"중구 퇴계로27길 12-4";"";"1";"";"A05";"A0502";"A05020100";"2027565";"39";"20150907201531";"http://tong.visitkorea.or.kr/cms/resource/03/2027603_image2_1.jpg";"http://tong.visitkorea.or.kr/cms/resource/03/2027603_image2_1.jpg";"Type3";"126.9918588304";"37.5616689405";"6";"20230526100429";"24";"02-2267-4862";"동심한정식";"04554";0
"파주시 회동길 125-11";"";"31";"";"A05";"A0502";"A05020900";"2029064";"39";"20150915201803";"http://tong.visitkorea.or.kr/cms/resource/71/1963671_image2_1.jpg";"http://tong.visitkorea.or.kr/cms/resource/71/1963671_image3_1.jpg";"Type3";"126.6871492001";"37.7075409678";"6";"20230213144928";"27";"031-955-7620";"북카페 눈";"10881";0
"영주시 풍기읍 죽령로1513번길 64";"";"35";"0";"A02";"A0203";"A02030100";"2029190";"12";"20150916005827";"http://tong.visitkorea.or.kr/cms/resource/71/2020871_image2_1.jpg";"http://tong.visitkorea.or.kr/cms/resource/71/2020871_image3_1.jpg";"Type3";"128.4645895197";"36.8956451204";"6";"20230321090651";"14";"";"무쇠달마을";"36020";0
"과천시 통영로 5 과천시민회관";"과천시민광장(과천시민회관 옆 잔디마당)  및 과천시민회관 일대";"31";"";"A02";"A0207";"A02070200";"2029491";"15";"20150917015149";"http://tong.visitkorea.or.kr/cms/resource/13/2991413_image2_1.png";"http://tong.visitkorea.or.kr/cms/resource/13/2991413_image3_1.png";"Type3";"126.9906765998";"37.4280177724";"6";"20240206130654";"3";"02-2009-9731~9735";"과천공연예술축제";"13807";0
"용산구 한강대로21나길 40";"";"1";"";"A05";"A0502";"A05020100";"2029960";"39";"20150918191445";"http://tong.visitkorea.or.kr/cms/resource/78/2029978_image2_1.JPG";"http://tong.visitkorea.or.kr/cms/resource/78/2029978_image2_1.JPG";"Type3";"126.9642178496";"37.5282417736";"6";"20230920145208";"21";"02-710-7777";"기와";"04378";0
"종로구 옥인2길 2";"";"1";"";"A05";"A0502";"A05020100";"2030281";"39";"20150922003134";"http://tong.visitkorea.or.kr/cms/resource/56/1989056_image2_1.jpg";"http://tong.visitkorea.or.kr/cms/resource/56/1989056_image3_1.jpg";"Type3";"126.9669744399";"37.5809912486";"6";"20231208123140";"23";"02-723-7775";"남도분식";"03037";0
"부안군 변산면 변산로 3768";"(변산면)";"37";"0";"A01";"A0101";"A01010600";"2031650";"12";"202401181743";"http://tong.visitkorea.or.kr/cms/resource/07/1994107_image2_1.jpg";"http://tong.visitkorea.or.kr/cms/resource/07/1994107_image3_1.jpg";"Type3";"126.5251871052";"35.5815940097";"6";"20240118174312";"6";"";"변산자연휴양림";"56340";0
"곡성군 오곡면 섬진강로 1877";"";"38";"";"A03";"A0302";"A03022700";"2032322";"28";"20151005230650";"http://tong.visitkorea.or.kr/cms/resource/84/2032584_image2_1.jpg";"http://tong.visitkorea.or.kr/cms/resource/84/2032584_image3_1.jpg";"Type3";"127.3491555651";"35.2591223517";"6";"20231005162833";"3";"";"섬진강레일바이크";"57530";0
"원주시 행구로 493";"";"32";"";"A05";"A0502";"A05020900";"2032434";"39";"20151006185402";"http://tong.visitkorea.or.kr/cms/resource/20/2011620_image2_1.jpg";"http://tong.visitkorea.or.kr/cms/resource/20/2011620_image3_1.jpg";"Type3";"128.0104838420";"37.3447460431";"6";"20230802202618";"9";"033-734-4345";"길카페";"26455";0
"사상구 삼락동";"29-52";"6";"";"A02";"A0207";"A02070200";"2032436";"15";"20151006191537";"http://tong.visitkorea.or.kr/cms/resource/22/3019122_image2_1.png";"http://tong.visitkorea.or.kr/cms/resource/22/3019122_image3_1.png";"Type3";"128.9735266606";"35.1689392430";"6";"20240206130654";"9";"051-316-9111(사상문화원)";"사상강변축제";"46911";0
"원주시 단관길 112";"";"32";"";"A05";"A0502";"A05020100";"2032437";"39";"20151006191108";"http://tong.visitkorea.or.kr/cms/resource/28/2004728_image2_1.jpg";"http://tong.visitkorea.or.kr/cms/resource/28/2004728_image3_1.jpg";"Type3";"127.9584892412";"37.3204256618";"6";"20230911103641";"9";"033-763-9612";"늘해랑감자탕";"26490";0
"곡성군 석곡면 석곡로 52-1";"";"38";"";"A05";"A0502";"A05020100";"2033072";"39";"20151009011548";"http://tong.visitkorea.or.kr/cms/resource/77/2032577_image2_1.jpg";"http://tong.visitkorea.or.kr/cms/resource/77/2032577_image3_1.jpg";"Type3";"127.2537227927";"35.1316406471";"6";"20230814152540";"3";"061-363-1457";"돌실숯불회관";"57559";0
"북구 첨단과기로 235";"(오룡동)";"5";"0";"A02";"A0206";"A02060300";"2033294";"14";"20151014012556";"http://tong.visitkorea.or.kr/cms/resource/43/2015043_image2_1.jpg";"http://tong.visitkorea.or.kr/cms/resource/43/2015043_image3_1.jpg";"Type3";"126.8498782136";"35.2298976827";"6";"20240318163710";"4";"";"국립광주과학관";"61005";0
"도봉구 시루봉로1길 6";"(쌍문동)";"1";"0";"A02";"A0206";"A02060100";"2033802";"14";"20151015202530";"http://tong.visitkorea.or.kr/cms/resource/70/2033670_image2_1.jpg";"http://tong.visitkorea.or.kr/cms/resource/70/2033670_image3_1.jpg";"Type3";"127.0276085491";"37.6524145884";"6";"20230725170937";"10";"";"둘리뮤지엄";"01376";0
"달성군 가창면 가창로 1099";"(가창면)";"4";"0";"A02";"A0203";"A02030600";"2034446";"12";"20151021001307";"http://tong.visitkorea.or.kr/cms/resource/70/1876170_image2_1.jpg";"http://tong.visitkorea.or.kr/cms/resource/70/1876170_image3_1.jpg";"Type3";"128.6222232980";"35.8027142041";"6";"20231026155741";"3";"";"가창 찐빵 골목";"42933";0
"공주시 백제큰길 2045";"";"34";"0";"A02";"A0202";"A02020700";"2035859";"12";"20151028013737";"http://tong.visitkorea.or.kr/cms/resource/38/1807738_image2_1.jpg";"http://tong.visitkorea.or.kr/cms/resource/38/1807738_image3_1.jpg";"Type3";"127.1063453516";"36.4687082638";"6";"20231211122856";"1";"";"고마나루";"32535";0
"연천군 신서면 고대산길 84-12";"(신서면)";"31";"";"A03";"A0302";"A03021700";"2036061";"28";"20151028220601";"http://tong.visitkorea.or.kr/cms/resource/13/2566613_image2_1.jpg";"http://tong.visitkorea.or.kr/cms/resource/13/2566613_image3_1.jpg";"Type3";"127.1480396101";"38.2133374486";"6";"20230823152250";"21";"";"고대산캠핑리조트";"11001";0
"종로구 필운대로 45";"";"1";"0";"A02";"A0203";"A02030100";"2037020";"12";"20151029231910";"http://tong.visitkorea.or.kr/cms/resource/94/2678694_image2_1.jpg";"http://tong.visitkorea.or.kr/cms/resource/94/2678694_image3_1.jpg";"Type3";"126.9729684191";"37.5781277997";"6";"20230828173848";"23";"";"서촌마을";"03037";0
"영등포구 디지털로37나길 21";"";"1";"";"A04";"A0401";"A04010200";"2037026";"38";"20151030011453";"http://tong.visitkorea.or.kr/cms/resource/89/2029889_image2_1.jpg";"http://tong.visitkorea.or.kr/cms/resource/89/2029889_image3_1.jpg";"Type3";"126.8999497350";"37.4916670951";"6";"20230308165213";"20";"";"대림중앙시장";"07419";0
"부안군 변산면 참뽕로 434-20";"";"37";"0";"A02";"A0206";"A02060300";"2037459";"14";"20151103184521";"http://tong.visitkorea.or.kr/cms/resource/40/2367240_image2_1.jpg";"http://tong.visitkorea.or.kr/cms/resource/40/2367240_image3_1.jpg";"Type3";"126.5130146993";"35.6319714099";"6";"20240118111140";"6";"";"부안누에타운";"56339";0
"서귀포시 천제연로 166";"(중문동)";"39";"";"B02";"B0201";"B02010100";"2038553";"32";"20151106185823";"http://tong.visitkorea.or.kr/cms/resource/61/2038561_image2_1.jpg";"http://tong.visitkorea.or.kr/cms/resource/61/2038561_image2_1.jpg";"Type3";"126.4223958362";"33.2519089231";"6";"20230824103339";"3";"064-802-8889";"베니키아 중문호텔";"63546";0
"성북구 성북로 138";"";"1";"";"A05";"A0502";"A05020200";"2039547";"39";"20151109192130";"http://tong.visitkorea.or.kr/cms/resource/55/2028455_image2_1.jpg";"http://tong.visitkorea.or.kr/cms/resource/55/2028455_image3_1.jpg";"Type3";"126.9943687731";"37.5948234655";"6";"20230118092501";"17";"02-763-9366";"금왕돈까스";"02838";0
"광진구 자양로 199-1";"";"1";"";"A05";"A0502";"A05020100";"2039624";"39";"20151109201608";"http://tong.visitkorea.or.kr/cms/resource/96/2684996_image2_1.jpg";"http://tong.visitkorea.or.kr/cms/resource/96/2684996_image2_1.jpg";"Type3";"127.0853174462";"37.5454086210";"6";"20230323100854";"6";"02-457-8319";"서북면옥";"04991";0
"속초시 설악산로836번길 17";"";"32";"";"B02";"B0201";"B02010900";"2042125";"32";"20151120233948";"http://tong.visitkorea.or.kr/cms/resource/11/2042111_image2_1.JPG";"http://tong.visitkorea.or.kr/cms/resource/11/2042111_image2_1.JPG";"Type3";"128.5164548310";"38.1696183575";"6";"20230702184822";"5";"033-636-8232";"더 레드 하우스";"24903";0
"영양군 입암면 영양로 883-16";"(입암면)";"35";"0";"A02";"A0202";"A02020200";"2043682";"12";"20151126190109";"http://tong.visitkorea.or.kr/cms/resource/61/2043661_image2_1.jpg";"http://tong.visitkorea.or.kr/cms/resource/61/2043661_image2_1.jpg";"Type3";"129.0819513306";"36.6085729884";"6";"20240105140226";"13";"";"선바위관광지";"36546";0
"원주시 판부면 매봉길 22-10";"";"32";"";"A05";"A0502";"A05020900";"2043685";"39";"20151126191518";"http://tong.visitkorea.or.kr/cms/resource/68/2043668_image2_1.jpg";"http://tong.visitkorea.or.kr/cms/resource/68/2043668_image3_1.jpg";"Type3";"127.9427350986";"37.3206892275";"6";"20231102162847";"9";"033-766-2713";"더 커피클럽";"26399";0
"속초시 청봉로6길 11";"";"32";"";"B02";"B0201";"B02010900";"2044012";"32";"20151128015203";"http://tong.visitkorea.or.kr/cms/resource/52/2043952_image2_1.JPG";"http://tong.visitkorea.or.kr/cms/resource/52/2043952_image2_1.JPG";"Type3";"128.5243792190";"38.1661439153";"6";"20231018134617";"5";"033-636-4464";"설악산파크리조트";"24904";0
"경주시 보불로 391";"(천군동)";"35";"0";"A02";"A0202";"A02020300";"2044527";"12";"20151202005240";"http://tong.visitkorea.or.kr/cms/resource/19/2044519_image2_1.jpg";"http://tong.visitkorea.or.kr/cms/resource/19/2044519_image2_1.jpg";"Type3";"129.2892529253";"35.8276793992";"6";"20231220170552";"2";"";"블루원 워터파크";"38118";0
"종로구 새문안로5길 19";"";"1";"";"A02";"A0206";"A02061000";"2044821";"38";"20151202184055";"http://tong.visitkorea.or.kr/cms/resource/63/2044263_image2_1.jpg";"http://tong.visitkorea.or.kr/cms/resource/63/2044263_image3_1.jpg";"Type3";"126.9743268001";"37.5720840823";"6";"20230911201655";"23";"";"북바이북";"03173";0
"영양군 입암면 주역1길 10-24";"";"35";"";"B02";"B0201";"B02010700";"2046198";"32";"20151208003107";"http://tong.visitkorea.or.kr/cms/resource/79/2046179_image2_1.jpg";"http://tong.visitkorea.or.kr/cms/resource/79/2046179_image2_1.jpg";"Type3";"129.0817039316";"36.6153222139";"6";"20231017135452";"13";"054-680-5370";"산촌생활체험마을";"36545";0
"제주시 도령로 83";"";"39";"";"B02";"B0201";"B02010100";"2046954";"32";"20151208182525";"http://tong.visitkorea.or.kr/cms/resource/11/2046911_image2_1.jpg";"http://tong.visitkorea.or.kr/cms/resource/11/2046911_image2_1.jpg";"Type3";"126.4865515629";"33.4906557686";"6";"20231024134323";"4";"064-730-1000";"롯데시티호텔 제주";"63127";0
"양양군 강현면 물치천로 35-3";"";"32";"";"A05";"A0502";"A05020100";"2046961";"39";"20151208184110";"http://tong.visitkorea.or.kr/cms/resource/71/2354871_image2_1.jpg";"http://tong.visitkorea.or.kr/cms/resource/71/2354871_image2_1.jpg";"Type3";"128.6044945880";"38.1526164893";"6";"20230702043228";"7";"033-671-7110";"물치한우설렁탕";"25061";0
"안동시 도산면 가송길 162-57";"";"35";"";"A05";"A0502";"A05020100";"2047078";"39";"20151208201022";"http://tong.visitkorea.or.kr/cms/resource/17/2038017_image2_1.jpg";"http://tong.visitkorea.or.kr/cms/resource/17/2038017_image3_1.jpg";"Type3";"128.8917998329";"36.7609408510";"6";"20231013105924";"11";"054-852-3222";"대자연가든";"36603";0
"철원군 철원읍 금강산로 319";"(철원읍)";"32";"0";"A02";"A0201";"A02010900";"2048794";"12";"20151211200324";"http://tong.visitkorea.or.kr/cms/resource/79/2034679_image2_1.jpg";"http://tong.visitkorea.or.kr/cms/resource/79/2034679_image3_1.jpg";"Type3";"127.2033945460";"38.2503313577";"6";"20231107151403";"12";"";"구 철원제일교회";"24001";0
"논산시 관촉로67번길 15";"";"34";"";"A05";"A0502";"A05020100";"2049188";"39";"20151214191939";"http://tong.visitkorea.or.kr/cms/resource/19/2049319_image2_1.jpg";"http://tong.visitkorea.or.kr/cms/resource/19/2049319_image2_1.jpg";"Type3";"127.1118077258";"36.1958895943";"6";"20230831102004";"3";"041-736-0078";"들풀 담소";"32994";0
"완도군 보길면 보옥리";", 선창리";"38";"1";"A01";"A0101";"A01011200";"228865";"12";"20030122090000";"http://tong.visitkorea.or.kr/cms/resource/79/214279_image2_1.jpg";"http://tong.visitkorea.or.kr/cms/resource/79/214279_image3_1.jpg";"Type3";"126.5135984834";"34.1250884558";"6";"20231110114122";"18";"";"보옥리 공룡알해변";"537-852,1";0
"봉화군 봉화읍 충재길 44";"";"35";"0";"A02";"A0201";"A02010700";"228889";"12";"20070928090000";"http://tong.visitkorea.or.kr/cms/resource/84/3014684_image2_1.jpg";"http://tong.visitkorea.or.kr/cms/resource/84/3014684_image3_1.jpg";"Type1";"128.7420200393";"36.9049520746";"6";"20230922164353";"8";"";"봉화 청암정";"36241";0
"김제시 만경읍 화포리,소토리,청하면 동지산리 일대";"";"37";"0";"A01";"A0101";"A01010500";"228895";"12";"202401181743";"http://tong.visitkorea.or.kr/cms/resource/69/2030869_image2_1.jpg";"http://tong.visitkorea.or.kr/cms/resource/69/2030869_image3_1.jpg";"Type3";"126.8158007576";"35.8814342518";"6";"20240118174312";"3";"";"김제평야";"54308";0
"속초시 관광로408번길 14";"";"32";"";"A02";"A0202";"A02020200";"228911";"32";"20061122090000";"http://tong.visitkorea.or.kr/cms/resource/08/1581608_image2_1.jpg";"http://tong.visitkorea.or.kr/cms/resource/08/1581608_image3_1.jpg";"Type3";"128.5389130890";"38.1957324196";"6";"20230702183412";"5";"033-635-5800";"설악파인리조트";"24859";0
"동래구 문화로 80";"(명륜동)";"6";"";"A02";"A0207";"A02070100";"229048";"15";"20071002090000";"http://tong.visitkorea.or.kr/cms/resource/12/2992612_image2_1.jpg";"http://tong.visitkorea.or.kr/cms/resource/12/2992612_image3_1.jpg";"Type3";"129.0901347694";"35.2121421097";"6";"20240206130654";"6";"051-550-4094";"동래읍성역사축제";"47746";0
"마포구 양화로 72 서교동 효성 해링턴 타워";"지하1층, 지하2층";"1";"";"A02";"A0207";"A02070200";"229057";"15";"20071004090000";"http://tong.visitkorea.or.kr/cms/resource/13/3010213_image2_1.jpg";"http://tong.visitkorea.or.kr/cms/resource/13/3010213_image3_1.jpg";"Type3";"126.9167298722";"37.5508549625";"6";"20240206130654";"13";"02-312-1581";"서울와우북페스티벌";"04044";0
"홍성군 갈산면 백야로546번길 12";"";"34";"0";"A02";"A0206";"A02060200";"229913";"14";"20070813090000";"http://tong.visitkorea.or.kr/cms/resource/50/219550_image2_1.jpg";"http://tong.visitkorea.or.kr/cms/resource/50/219550_image3_1.jpg";"Type3";"126.5471366762";"36.5978475838";"6";"20231214105910";"15";"";"백야기념관";"32203";0
"보성군 웅치면 대산길 265-6";"";"38";"0";"A02";"A0206";"A02061400";"231889";"12";"20070920090000";"http://tong.visitkorea.or.kr/cms/resource/07/1970907_image2_1.jpg";"http://tong.visitkorea.or.kr/cms/resource/07/1970907_image3_1.jpg";"Type3";"126.9939925497";"34.7000820140";"6";"20230210100204";"10";"";"들풀미술학교";"59450";0
"김제시 부량면 벽골제로 442";"";"37";"0";"A02";"A0201";"A02010700";"231895";"12";"20071004090000";"http://tong.visitkorea.or.kr/cms/resource/14/3055814_image2_1.jpg";"http://tong.visitkorea.or.kr/cms/resource/14/3055814_image3_1.jpg";"Type1";"126.8531173673";"35.7546687724";"6";"20240417175806";"3";"";"김제 벽골제";"54425";0
"부안군 보안면 반계로 97-68";"";"37";"0";"A02";"A0201";"A02010700";"231896";"12";"202401181743";"http://tong.visitkorea.or.kr/cms/resource/14/2367214_image2_1.jpg";"http://tong.visitkorea.or.kr/cms/resource/14/2367214_image3_1.jpg";"Type3";"126.6303684428";"35.6195359115";"6";"20240118174312";"6";"";"반계선생유적지";"56330";0
"송파구 잠실로 148";"";"1";"0";"A02";"A0205";"A02050200";"231897";"12";"20071004090000";"http://tong.visitkorea.or.kr/cms/resource/00/934100_image2_1.jpg";"http://tong.visitkorea.or.kr/cms/resource/00/934100_image3_1.jpg";"Type3";"127.1011836669";"37.5102657658";"6";"20231204172401";"18";"";"서울 삼전도비";"05608";0
"의정부시 동일로128번길 36";"(장암동)";"31";"0";"A02";"A0201";"A02010400";"231911";"12";"20071005090000";"http://tong.visitkorea.or.kr/cms/resource/84/2480384_image2_1.jpg";"http://tong.visitkorea.or.kr/cms/resource/84/2480384_image2_1.jpg";"Type3";"127.0575766685";"37.7003428865";"6";"20230914161640";"25";"";"서계박세당 사랑채";"11725";0
"군위군 고로면 삼국유사로 250";"";"4";"0";"A02";"A0201";"A02010700";"231913";"12";"20071005090000";"http://tong.visitkorea.or.kr/cms/resource/73/3029873_image2_1.jpg";"http://tong.visitkorea.or.kr/cms/resource/73/3029873_image3_1.jpg";"Type3";"128.7783948409";"36.1280941271";"6";"20231102095207";"9";"";"군위 인각사지";"39057";0
"산청군 시천면 사리";"";"36";"0";"A02";"A0201";"A02010700";"231917";"12";"20071012090000";"http://tong.visitkorea.or.kr/cms/resource/31/1611431_image2_1.jpg";"http://tong.visitkorea.or.kr/cms/resource/31/1611431_image3_1.jpg";"Type3";"127.8508996368";"35.2828367672";"6";"20231103165845";"9";"";"산청 조식 유적";"52234";0
"남원시 대산면 대곡리";"";"37";"0";"A02";"A0201";"A02010700";"231925";"12";"202401181743";"http://tong.visitkorea.or.kr/cms/resource/55/2549855_image2_1.JPG";"http://tong.visitkorea.or.kr/cms/resource/55/2549855_image2_1.JPG";"Type3";"127.3102440309";"35.4091408379";"6";"20240118174312";"4";"";"대곡리암각화";"55780";0
"대덕구 동춘당로 80";"(송촌동)";"3";"0";"A02";"A0205";"A02050200";"231937";"12";"20071015090000";"http://tong.visitkorea.or.kr/cms/resource/05/2364205_image2_1.jpg";"http://tong.visitkorea.or.kr/cms/resource/05/2364205_image3_1.jpg";"Type3";"127.4413181434";"36.3653510299";"6";"20231205174737";"1";"";"대전 회덕 동춘당";"34402";0
"종로구 대학로 103";"(연건동)";"1";"0";"A02";"A0201";"A02010400";"231938";"12";"20071015090000";"http://tong.visitkorea.or.kr/cms/resource/30/1984630_image2_1.jpg";"http://tong.visitkorea.or.kr/cms/resource/30/1984630_image3_1.jpg";"Type3";"126.9994992588";"37.5807946333";"6";"20231208100623";"23";"";"서울 경모궁지";"03080";0
"종로구 북촌로5나길 90";"(삼청동)";"1";"0";"A02";"A0206";"A02060100";"231971";"14";"20070918090000";"http://tong.visitkorea.or.kr/cms/resource/74/1570474_image2_1.jpg";"http://tong.visitkorea.or.kr/cms/resource/74/1570474_image3_1.jpg";"Type3";"126.9829812151";"37.5844911286";"6";"20231208111903";"23";"";"북촌생활사박물관";"03052";0
"종로구 인사동9길 9";"(관훈동)";"1";"0";"A02";"A0206";"A02060100";"231973";"14";"20071001090000";"http://tong.visitkorea.or.kr/cms/resource/36/2022436_image2_1.jpg";"http://tong.visitkorea.or.kr/cms/resource/36/2022436_image3_1.jpg";"Type3";"126.9845480486";"37.5735646492";"6";"20230323110411";"23";"";"보나장신구박물관";"03149";0
"종로구 창의문로5길 46-1";"(부암동)";"1";"0";"A02";"A0206";"A02060100";"231976";"14";"20071004090000";"http://tong.visitkorea.or.kr/cms/resource/24/2670724_image2_1.jpg";"http://tong.visitkorea.or.kr/cms/resource/24/2670724_image2_1.jpg";"Type3";"126.9632606634";"37.5889874743";"6";"20230210175948";"23";"";"목인박물관 목석원";"03022";0
"가평군 청평면 대성강변길 14";"";"31";"";"A03";"A0303";"A03030100";"231996";"28";"20070927090000";"http://tong.visitkorea.or.kr/cms/resource/91/1900091_image2_1.jpg";"http://tong.visitkorea.or.kr/cms/resource/91/1900091_image3_1.jpg";"Type3";"127.3795395377";"37.6814842660";"6";"20230724141158";"1";"031-584-3119";"대성수상레저";"12457";0
"종로구 종로 327";"";"1";"";"A05";"A0502";"A05020700";"232205";"39";"20070918090000";"http://tong.visitkorea.or.kr/cms/resource/16/1360016_image2_1.jpg";"http://tong.visitkorea.or.kr/cms/resource/16/1360016_image3_1.jpg";"Type3";"127.0139676127";"37.5727402733";"6";"20230525154512";"23";"02-744-2199";"뿌자";"03104";0
"종로구 지봉로12길 6";"";"1";"";"A05";"A0502";"A05020100";"232218";"39";"20071001090000";"http://tong.visitkorea.or.kr/cms/resource/45/1291845_image2_1.jpg";"http://tong.visitkorea.or.kr/cms/resource/45/1291845_image3_1.jpg";"Type3";"127.0158673219";"37.5769092675";"6";"20230913131929";"23";"02-744-4701";"궁나라냉면묵밥";"03109";0
"보성군 보성읍 사동길 52-2";"";"38";"";"B02";"B0201";"B02010700";"232291";"32";"20070911090000";"http://tong.visitkorea.or.kr/cms/resource/53/1972153_image2_1.jpg";"http://tong.visitkorea.or.kr/cms/resource/53/1972153_image3_1.jpg";"Type3";"127.0896974158";"34.7250169350";"6";"20230906164212";"10";"010-7663-4663";"그린빌펜션";"59448";0
"사천시 사천대로 35";"사천비행장 일원";"36";"";"A02";"A0207";"A02070200";"234232";"15";"20071018090000";"http://tong.visitkorea.or.kr/cms/resource/14/2603014_image2_1.jpg";"http://tong.visitkorea.or.kr/cms/resource/14/2603014_image2_1.jpg";"Type3";"128.0507967946";"34.9331740444";"6";"20240206130654";"8";"055-831-2061";"사천에어쇼";"52555";0
"단양군 영춘면 온달로 23";"";"33";"";"A02";"A0207";"A02070200";"234235";"15";"20071018090000";"http://tong.visitkorea.or.kr/cms/resource/94/3013294_image2_1.jpg";"http://tong.visitkorea.or.kr/cms/resource/94/3013294_image3_1.jpg";"Type3";"128.4908434198";"37.0617876536";"6";"20240206130654";"2";"043-420-0700";"단양 온달문화축제";"27020";0
"연수구 인천타워대로132번길 30";"";"2";"";"A05";"A0502";"A05020900";"2350373";"39";"20151218005022";"http://tong.visitkorea.or.kr/cms/resource/95/2050695_image2_1.jpg";"http://tong.visitkorea.or.kr/cms/resource/95/2050695_image3_1.jpg";"Type3";"126.6435288242";"37.3859498261";"6";"20231222141855";"8";"010-8062-9584";"그리다디저트";"21998";0
"수영구 광안해변로 219 (광안동)";"";"6";"";"A02";"A0207";"A02070200";"235076";"15";"20071019090000";"http://tong.visitkorea.or.kr/cms/resource/13/3018313_image2_1.jpeg";"http://tong.visitkorea.or.kr/cms/resource/13/3018313_image3_1.jpeg";"Type3";"129.1185477876";"35.1538130576";"6";"20240206130654";"12";"051-713-5000";"부산불꽃축제";"48303";0
"순창군 팔덕면 팔왕길 77";"";"37";"0";"A02";"A0201";"A02010700";"2357431";"12";"20161229202915";"http://tong.visitkorea.or.kr/cms/resource/53/2357253_image2_1.jpg";"http://tong.visitkorea.or.kr/cms/resource/53/2357253_image2_1.jpg";"Type3";"127.0891225791";"35.3838871112";"6";"20240130180223";"7";"";"산동리 남근석";"56021";0
"순창군 동계면 서호길 48-12";"(동계면) 일대";"37";"0";"A02";"A0202";"A02020700";"2357444";"12";"20161229221913";"http://tong.visitkorea.or.kr/cms/resource/19/2357319_image2_1.JPG";"http://tong.visitkorea.or.kr/cms/resource/19/2357319_image2_1.JPG";"Type3";"127.2377304453";"35.4306954797";"6";"20240131094343";"7";"";"구송정 유원지";"56029";0
"순창군 쌍치면 국사봉로 308-75";"(쌍치면) 일대";"37";"0";"A01";"A0101";"A01010400";"2357450";"12";"20161229222919";"http://tong.visitkorea.or.kr/cms/resource/34/2357334_image2_1.jpg";"http://tong.visitkorea.or.kr/cms/resource/34/2357334_image2_1.jpg";"Type3";"126.9946381748";"35.5360404765";"6";"20240131094916";"7";"";"국사봉(순창)";"56006";0
"순창군 팔덕면 강천산길 270";"(팔덕면) 부근";"37";"0";"A01";"A0102";"A01020100";"2357460";"12";"20161229230200";"http://tong.visitkorea.or.kr/cms/resource/58/2357358_image2_1.JPG";"http://tong.visitkorea.or.kr/cms/resource/58/2357358_image2_1.JPG";"Type3";"127.0556862716";"35.3987570781";"6";"20240131100056";"7";"";"강천사 모과나무";"56020";0
"서초구 염곡동";", 강남구 개포동";"1";"0";"A01";"A0101";"A01010400";"2357761";"12";"20161230220453";"http://tong.visitkorea.or.kr/cms/resource/64/2357764_image2_1.jpg";"http://tong.visitkorea.or.kr/cms/resource/64/2357764_image2_1.jpg";"Type3";"127.0615995465";"37.4690781677";"6";"20230610082046";"15";"";"구룡산(서울)";"06792";0
"제주시 구좌읍 월정1길 89";"";"39";"";"B02";"B0201";"B02010700";"2358196";"32";"20160104191726";"http://tong.visitkorea.or.kr/cms/resource/88/2358188_image2_1.JPG";"http://tong.visitkorea.or.kr/cms/resource/88/2358188_image2_1.JPG";"Type3";"126.7927872971";"33.5584753917";"6";"20240221160719";"4";"010-3697-4191";"동박생이";"63358";0
"양평군 강하면 강남로 316";"";"31";"";"B02";"B0201";"B02010100";"2358790";"32";"20160105183414";"http://tong.visitkorea.or.kr/cms/resource/81/2358781_image2_1.jpg";"http://tong.visitkorea.or.kr/cms/resource/81/2358781_image2_1.jpg";"Type3";"127.4217548190";"37.5003032910";"6";"20231010173315";"19";"031-770-8888";"블룸비스타";"12575";0
"예산군 덕산면 덕산온천로 331-6";"";"34";"";"A05";"A0502";"A05020100";"2359122";"39";"20160106183557";"http://tong.visitkorea.or.kr/cms/resource/95/2357895_image2_1.jpg";"http://tong.visitkorea.or.kr/cms/resource/95/2357895_image3_1.jpg";"Type3";"126.6628013914";"36.6962910276";"6";"20231214161649";"11";"041-338-3993";"뜨끈이집";"32406";0
"괴산군 사리면 사리로 517";"(사리면)";"33";"0";"A02";"A0203";"A02030100";"2359740";"12";"20160107233832";"http://tong.visitkorea.or.kr/cms/resource/34/2359734_image2_1.jpg";"http://tong.visitkorea.or.kr/cms/resource/34/2359734_image2_1.jpg";"Type3";"127.6506112940";"36.8387838338";"6";"20230403140101";"1";"";"백마권역마을";"28045";0
"가평군 가평읍 장터길 14";"";"31";"";"A03";"A0302";"A03022700";"2361081";"28";"20160113005508";"http://tong.visitkorea.or.kr/cms/resource/87/2361087_image2_1.jpg";"http://tong.visitkorea.or.kr/cms/resource/87/2361087_image3_1.jpg";"Type3";"127.5158755988";"37.8290223933";"6";"20230829100257";"1";"";"가평 레일바이크";"12419";0
"기장군 기장읍 공수1길 3";"";"6";"";"A05";"A0502";"A05020100";"2362382";"39";"20160114223847";"http://tong.visitkorea.or.kr/cms/resource/82/2362282_image2_1.jpg";"http://tong.visitkorea.or.kr/cms/resource/82/2362282_image2_1.jpg";"Type3";"129.2108806062";"35.1836364305";"6";"20230713113313";"3";"051-723-2332";"기장혼국보미역";"46084";0
"서초구 고무래로 34";"(반포동)";"1";"0";"A02";"A0206";"A02060900";"2363243";"14";"20160119193613";"http://tong.visitkorea.or.kr/cms/resource/36/2363236_image2_1.JPG";"http://tong.visitkorea.or.kr/cms/resource/36/2363236_image2_1.JPG";"Type3";"127.0124141888";"37.5024734083";"6";"20230223134803";"15";"";"서초구립반포도서관";"06599";0
"과천시 막계동";"";"31";"0";"A01";"A0101";"A01010800";"2363553";"12";"20160121175317";"http://tong.visitkorea.or.kr/cms/resource/89/2363489_image2_1.jpg";"http://tong.visitkorea.or.kr/cms/resource/89/2363489_image2_1.jpg";"Type3";"127.0355334318";"37.4351066425";"6";"20230912165426";"3";"";"갱매폭포";"13829";0
"정선군 정선읍 5일장길 37-5";"";"32";"";"A05";"A0502";"A05020100";"2363576";"39";"20160121200623";"http://tong.visitkorea.or.kr/cms/resource/27/2363527_image2_1.jpg";"http://tong.visitkorea.or.kr/cms/resource/27/2363527_image3_1.jpg";"Type3";"128.6644628112";"37.3808097967";"6";"20230702103008";"11";"033-563-8240";"대박집";"26130";0
"아산시 청운로 163";"(권곡동)";"34";"";"A05";"A0502";"A05020100";"2363747";"39";"20160122191457";"http://tong.visitkorea.or.kr/cms/resource/08/2363508_image2_1.jpg";"http://tong.visitkorea.or.kr/cms/resource/08/2363508_image3_1.jpg";"Type3";"127.0089232163";"36.7886808888";"6";"20231108164528";"9";"041-545-6254";"고려옥";"31515";0
"동해시 삼화로 455";"(삼화동)";"32";"0";"A02";"A0202";"A02020500";"2364045";"12";"20160125183604";"http://tong.visitkorea.or.kr/cms/resource/55/2731355_image2_1.jpg";"http://tong.visitkorea.or.kr/cms/resource/55/2731355_image3_1.jpg";"Type3";"129.0312662354";"37.4651127210";"6";"20230703084747";"3";"";"동해무릉건강숲";"25746";0
"안양시 동안구 평촌대로 358";"";"31";"";"A05";"A0502";"A05020100";"2365623";"39";"20160202024155";"http://tong.visitkorea.or.kr/cms/resource/13/2353413_image2_1.jpg";"http://tong.visitkorea.or.kr/cms/resource/13/2353413_image3_1.jpg";"Type3";"126.9500560052";"37.4027283140";"6";"20230802191346";"17";"031-442-0272";"고려약선삼계탕";"13941";0
"중구 달구벌대로 2029";"(동산동)";"4";"0";"A02";"A0201";"A02010700";"2366243";"12";"20160204024149";"http://tong.visitkorea.or.kr/cms/resource/84/2366084_image2_1.jpg";"http://tong.visitkorea.or.kr/cms/resource/84/2366084_image2_1.jpg";"Type3";"128.5849831341";"35.8666257294";"6";"20231027093813";"8";"";"선교사블레어주택";"41931";0
"남구 고산3길 95-1";"(봉덕동)";"4";"0";"A02";"A0205";"A02050600";"2366500";"12";"20160204200133";"http://tong.visitkorea.or.kr/cms/resource/52/2366152_image2_1.jpg";"http://tong.visitkorea.or.kr/cms/resource/52/2366152_image2_1.jpg";"Type3";"128.6007580634";"35.8191841675";"6";"20231205160908";"1";"";"고산골";"42502";0
"중구 국채보상로93길 6";"";"4";"";"A05";"A0502";"A05020200";"2366976";"39";"20160211191746";"http://tong.visitkorea.or.kr/cms/resource/60/2366960_image2_1.jpg";"http://tong.visitkorea.or.kr/cms/resource/60/2366960_image3_1.jpg";"Type3";"128.5811083574";"35.8708640675";"6";"20230119145459";"8";"";"미림식당";"41925";0
"중구 동성로2길 71";"";"4";"";"A05";"A0502";"A05020100";"2366978";"39";"20160211193343";"http://tong.visitkorea.or.kr/cms/resource/52/2366952_image2_1.jpg";"http://tong.visitkorea.or.kr/cms/resource/52/2366952_image3_1.jpg";"Type3";"128.5968959017";"35.8692006576";"6";"20231025131706";"8";"053-431-1120";"미진분식";"41938";0
"종로구 돈화문로4길 39";"";"1";"";"A05";"A0502";"A05020100";"2367770";"39";"20160215183528";"http://tong.visitkorea.or.kr/cms/resource/71/2367771_image2_1.jpg";"http://tong.visitkorea.or.kr/cms/resource/71/2367771_image3_1.jpg";"Type3";"126.9945027934";"37.5701624455";"6";"20240118161645";"23";"02-2263-6658";"계림식당";"03193";0
"제천시 신죽하로 50";"";"33";"";"A05";"A0502";"A05020100";"2369640";"39";"20160224191431";"http://tong.visitkorea.or.kr/cms/resource/44/2369644_image2_1.JPG";"http://tong.visitkorea.or.kr/cms/resource/44/2369644_image2_1.JPG";"Type3";"128.2261920506";"37.1600047120";"6";"20230320152827";"7";"";"명가박달재";"27143";0
"장흥군 장평면 우산병동길 436-3";"";"38";"";"B02";"B0201";"B02010700";"2370222";"32";"20160225201854";"http://tong.visitkorea.or.kr/cms/resource/08/2370208_image2_1.JPG";"http://tong.visitkorea.or.kr/cms/resource/08/2370208_image2_1.JPG";"Type3";"126.9027472023";"34.8371234192";"6";"20221226104415";"20";"061-862-2418";"사나래 한옥";"59303";0
"창원시 의창구 의창대로70번길 1";"";"36";"";"A05";"A0502";"A05020100";"2370833";"39";"20160226183649";"http://tong.visitkorea.or.kr/cms/resource/55/2370855_image2_1.jpeg";"http://tong.visitkorea.or.kr/cms/resource/55/2370855_image2_1.jpeg";"Type3";"128.6081672485";"35.2573309774";"6";"20230531144537";"16";"055-297-3700";"갈비명가 소반";"51376";0
"청송군 주왕산면 공원길 146";"";"35";"";"A03";"A0302";"A03021700";"2371472";"28";"20160302182922";"http://tong.visitkorea.or.kr/cms/resource/96/2370096_image2_1.jpg";"http://tong.visitkorea.or.kr/cms/resource/96/2370096_image3_1.jpg";"Type3";"129.1417440878";"36.3908766942";"6";"20230615130518";"21";"";"상의자동차야영장";"37437";0
"강진군 도암면 다산로 766-20";"";"38";"0";"A02";"A0206";"A02060100";"2371605";"14";"20160303184816";"http://tong.visitkorea.or.kr/cms/resource/03/2371603_image2_1.jpg";"http://tong.visitkorea.or.kr/cms/resource/03/2371603_image2_1.jpg";"Type3";"126.7499697869";"34.5764473762";"6";"20230228150554";"1";"";"다산박물관";"59248";0
"사천시 서포면 비토안길 104-16";"(서포면) 일대";"36";"0";"A01";"A0101";"A01011300";"2371675";"12";"20160304020352";"http://tong.visitkorea.or.kr/cms/resource/68/2371668_image2_1.jpg";"http://tong.visitkorea.or.kr/cms/resource/68/2371668_image2_1.jpg";"Type3";"127.9728330850";"34.9749735376";"6";"20230610082101";"8";"055-835-1023";"비토섬";"52545";0
"강서구 방화대로49길 6-7";"";"1";"";"A05";"A0502";"A05020100";"2371881";"39";"20160304184642";"http://tong.visitkorea.or.kr/cms/resource/27/2371727_image2_1.jpg";"http://tong.visitkorea.or.kr/cms/resource/27/2371727_image3_1.jpg";"Type3";"126.8161299653";"37.5774278543";"6";"20230530155635";"4";"02-2665-1205";"고성막국수";"07512";0
"안산시 단원구 대부황금로 1479";"";"31";"";"A05";"A0502";"A05020100";"2371884";"39";"20160304185029";"http://tong.visitkorea.or.kr/cms/resource/26/2371926_image2_1.JPG";"http://tong.visitkorea.or.kr/cms/resource/26/2371926_image2_1.JPG";"Type3";"126.5736157018";"37.2867878841";"6";"20231011164021";"15";"032-881-4424";"사또횟집";"15638";0
"강진군 병영면 병영성로 92";"";"38";"";"A05";"A0502";"A05020100";"2371885";"39";"20160304185304";"http://tong.visitkorea.or.kr/cms/resource/32/2371932_image2_1.jpg";"http://tong.visitkorea.or.kr/cms/resource/32/2371932_image2_1.jpg";"Type3";"126.8170939017";"34.7129026179";"6";"20230911162158";"1";"061-433-1282";"설성식당";"59214";0
"강진군 도암면 백도로 2059-7";"";"38";"";"A05";"A0502";"A05020100";"2371886";"39";"20160304185325";"http://tong.visitkorea.or.kr/cms/resource/36/2371936_image2_1.jpg";"http://tong.visitkorea.or.kr/cms/resource/36/2371936_image2_1.jpg";"Type3";"126.7238614177";"34.5579323546";"6";"20240130140115";"1";"061-434-6660";"석문정";"59250";0
"충주시 동량면 조동1길 69";"";"33";"";"A05";"A0502";"A05020100";"2371958";"39";"20160305004736";"http://tong.visitkorea.or.kr/cms/resource/75/2050575_image2_1.jpg";"http://tong.visitkorea.or.kr/cms/resource/75/2050575_image3_1.jpg";"Type3";"127.9676746747";"37.0273429530";"6";"20231205152738";"11";"043-851-3773";"거궁회관";"27320";0
"공주시 반포면 임금봉길 32-23";"";"34";"";"B02";"B0201";"B02010900";"2373162";"32";"20160316234311";"http://tong.visitkorea.or.kr/cms/resource/41/2373141_image2_1.jpg";"http://tong.visitkorea.or.kr/cms/resource/41/2373141_image2_1.jpg";"Type3";"127.2533654689";"36.3670919426";"6";"20240227142945";"1";"042-825-1181";"동학사 발리모텔";"32626";0
"중구 소파로 126";"(예장동)";"1";"0";"A02";"A0201";"A02010700";"2373206";"12";"20160317012629";"http://tong.visitkorea.or.kr/cms/resource/71/2373171_image2_1.jpg";"http://tong.visitkorea.or.kr/cms/resource/71/2373171_image2_1.jpg";"Type3";"126.9879259478";"37.5584081377";"6";"20231211103551";"24";"";"김익상 의거지";"04628";0
"서귀포시 염돈로28번길 11";"(강정동)";"39";"";"B02";"B0201";"B02010700";"2374023";"32";"20160322181227";"http://tong.visitkorea.or.kr/cms/resource/20/2374020_image2_1.JPG";"http://tong.visitkorea.or.kr/cms/resource/20/2374020_image2_1.JPG";"Type3";"126.4948867436";"33.2531627063";"6";"20240220170651";"3";"064-739-9756";"샘모루펜션";"63558";0
"부여군 규암면 호암리 234-2";"";"34";"";"A03";"A0303";"A03030100";"2374131";"28";"20160323002956";"http://tong.visitkorea.or.kr/cms/resource/84/3112484_image2_1.jpg";"http://tong.visitkorea.or.kr/cms/resource/84/3112484_image3_1.jpg";"Type3";"126.9159168914";"36.3021240253";"6";"20240403102128";"6";"1833-8982";"백마강레저파크";"33114";0
"서귀포시 칠십리로 42";"";"39";"";"A05";"A0502";"A05020100";"2374199";"39";"20160323015548";"http://tong.visitkorea.or.kr/cms/resource/83/2374183_image2_1.jpg";"http://tong.visitkorea.or.kr/cms/resource/83/2374183_image2_1.jpg";"Type3";"126.5614062527";"33.2409484408";"6";"20230228131429";"3";"064-763-2237";"나운터횟집";"63596";0
"창원시 마산합포구 가포순환로 109";"(가포동)";"36";"";"A05";"A0502";"A05020900";"2375064";"39";"20160328194635";"http://tong.visitkorea.or.kr/cms/resource/01/2374801_image2_1.jpg";"http://tong.visitkorea.or.kr/cms/resource/01/2374801_image3_1.jpg";"Type3";"128.5745890909";"35.1741258216";"6";"20240109112030";"16";"055-243-0050";"브라운핸즈 마산점";"51755";0
"남구 앞산순환로 365";"";"4";"";"A02";"A0207";"A02070200";"2375382";"15";"20160329194338";"http://tong.visitkorea.or.kr/cms/resource/33/2986333_image2_1.jpg";"http://tong.visitkorea.or.kr/cms/resource/33/2986333_image3_1.jpg";"Type3";"128.5657357794";"35.8324431329";"6";"20240206130654";"1";"053-664-3262";"대구앞산축제";"42495";0
"평창군 봉평면 흥정계곡길 72";"";"32";"";"B02";"B0201";"B02010700";"2376711";"32";"20160406222558";"http://tong.visitkorea.or.kr/cms/resource/93/2376693_image2_1.JPG";"http://tong.visitkorea.or.kr/cms/resource/93/2376693_image2_1.JPG";"Type3";"128.3519002081";"37.6272975840";"6";"20230702181506";"15";"010-5213-3200";"가을동화펜션";"25300";0
"김해시 가야테마길 161";"";"36";"";"A03";"A0302";"A03021700";"2377274";"28";"20160408185220";"http://tong.visitkorea.or.kr/cms/resource/62/2377262_image2_1.JPG";"http://tong.visitkorea.or.kr/cms/resource/62/2377262_image2_1.JPG";"Type3";"128.8937757956";"35.2516757215";"6";"20230403135615";"4";"";"김해카라반르몽드";"50833";0
"동래구 온천장로 69-1";"";"6";"";"A05";"A0502";"A05020300";"2377647";"39";"20160412181921";"http://tong.visitkorea.or.kr/cms/resource/44/2377644_image2_1.jpg";"http://tong.visitkorea.or.kr/cms/resource/44/2377644_image2_1.jpg";"Type3";"129.0816714660";"35.2176552238";"6";"20231006104716";"6";"051-553-3511";"동신참치";"47712";0
"파주시 회동길 530-20";"";"31";"0";"A02";"A0206";"A02060600";"2377785";"14";"20160413004257";"http://tong.visitkorea.or.kr/cms/resource/82/2377782_image2_1.jpg";"http://tong.visitkorea.or.kr/cms/resource/82/2377782_image2_1.jpg";"Type3";"126.6933704071";"37.7233670117";"6";"20230610082146";"27";"";"명필름아트센터";"10881";0
"성북구 도봉로3길 15";"";"1";"";"A05";"A0502";"A05020900";"2378522";"39";"20160418185757";"http://tong.visitkorea.or.kr/cms/resource/16/2378516_image2_1.JPG";"http://tong.visitkorea.or.kr/cms/resource/16/2378516_image2_1.JPG";"Type3";"127.0292207093";"37.6103889490";"6";"20230915105731";"17";"02-988-4730";"동다헌";"02729";0
"부여군 부여읍 궁남로 38";"";"34";"";"A05";"A0502";"A05020100";"2379161";"39";"20160420190228";"http://tong.visitkorea.or.kr/cms/resource/39/2379139_image2_1.jpg";"http://tong.visitkorea.or.kr/cms/resource/39/2379139_image2_1.jpg";"Type3";"126.9130345890";"36.2729911999";"6";"20230825112148";"6";"041-832-0282";"사비향";"33167";0
"도봉구 도봉로169길 202";"(도봉동)";"1";"";"A05";"A0502";"A05020200";"2379200";"39";"20160420201108";"http://tong.visitkorea.or.kr/cms/resource/95/2379195_image2_1.jpg";"http://tong.visitkorea.or.kr/cms/resource/95/2379195_image2_1.jpg";"Type3";"127.0353932201";"37.6779978638";"6";"20230131130624";"10";"02-955-7722";"메이다이닝";"01313";0
"부여군 양화면 충절로 290";"";"34";"";"A05";"A0502";"A05020100";"2379299";"39";"20160421184644";"http://tong.visitkorea.or.kr/cms/resource/91/2379291_image2_1.jpg";"http://tong.visitkorea.or.kr/cms/resource/91/2379291_image2_1.jpg";"Type3";"126.8643899249";"36.1305038795";"6";"20231102093832";"6";"041-832-0920";"금강농원가든";"33215";0
"괴산군 칠성면 명태재로 265";"";"33";"0";"A02";"A0203";"A02030100";"2379539";"12";"20160422220838";"http://tong.visitkorea.or.kr/cms/resource/28/1910428_image2_1.jpg";"http://tong.visitkorea.or.kr/cms/resource/28/1910428_image3_1.jpg";"Type3";"127.8389382982";"36.7594269341";"6";"20231204180427";"1";"";"비학봉마을";"28016";0
"고흥군 도양읍 장기산선암길 353";"";"38";"0";"A01";"A0101";"A01010500";"2379568";"14";"20160422223829";"http://tong.visitkorea.or.kr/cms/resource/47/2379847_image2_1.jpg";"http://tong.visitkorea.or.kr/cms/resource/47/2379847_image2_1.jpg";"Type3";"127.1250541164";"34.5526312994";"6";"20230713155448";"2";"";"고흥우주천문과학관";"59552";0
"횡성군 둔내면 두원1길 20-7";"";"32";"";"B02";"B0201";"B02010700";"2380348";"32";"20160426222644";"http://tong.visitkorea.or.kr/cms/resource/37/2380337_image2_1.jpg";"http://tong.visitkorea.or.kr/cms/resource/37/2380337_image2_1.jpg";"Type3";"128.2470441167";"37.4972550827";"6";"20231018113823";"18";"010-3930-0025";"모던힐펜션";"25263";0
"달성군 화원읍 명천로 244";"";"4";"";"A05";"A0502";"A05020100";"2380402";"39";"20160426234800";"http://tong.visitkorea.or.kr/cms/resource/73/2380373_image2_1.JPG";"http://tong.visitkorea.or.kr/cms/resource/73/2380373_image2_1.JPG";"Type3";"128.4921820803";"35.7987400401";"6";"20230221182437";"3";"053-639-6766";"고구려숯불갈비";"42956";0
"횡성군 둔내면 용현로 466-12";"";"32";"";"B02";"B0201";"B02010700";"2380443";"32";"20160427000204";"http://tong.visitkorea.or.kr/cms/resource/93/2380393_image2_1.jpg";"http://tong.visitkorea.or.kr/cms/resource/93/2380393_image2_1.jpg";"Type3";"128.2572336323";"37.5386254914";"6";"20231011173132";"18";"033-345-6166";"별무리펜션";"25261";0
"서천군 마서면 합전길 77";"(마서면)";"34";"0";"A02";"A0203";"A02030100";"2380470";"12";"20160427013846";"http://tong.visitkorea.or.kr/cms/resource/60/509860_image2_1.jpg";"http://tong.visitkorea.or.kr/cms/resource/60/509860_image3_1.jpg";"Type3";"126.6691734381";"36.0482071544";"6";"20230320104219";"8";"";"동백꽃마을";"33652";0
"고흥군 영남면 해맞이로 840";"";"38";"0";"A02";"A0205";"A02050600";"2380835";"12";"20160427034204";"http://tong.visitkorea.or.kr/cms/resource/90/2662690_image2_1.bmp";"http://tong.visitkorea.or.kr/cms/resource/90/2662690_image2_1.bmp";"Type3";"127.4923045005";"34.5850116756";"6";"20240311132025";"2";"";"고흥우주발사전망대";"59521";0
"고흥군 포두면 상오길 65";"";"38";"0";"A02";"A0203";"A02030100";"2380836";"12";"20160427035206";"http://tong.visitkorea.or.kr/cms/resource/84/2380884_image2_1.jpg";"http://tong.visitkorea.or.kr/cms/resource/84/2380884_image2_1.jpg";"Type3";"127.4046402139";"34.5742363867";"6";"20231012172924";"2";"";"별나로마을";"59523";0
"익산시 성당면 두동길 95";"";"37";"0";"A01";"A0101";"A01010400";"2381393";"12";"20160429191247";"http://tong.visitkorea.or.kr/cms/resource/22/2384022_image2_1.jpg";"http://tong.visitkorea.or.kr/cms/resource/22/2384022_image2_1.jpg";"Type3";"126.9174412818";"36.1096016303";"6";"20240131110823";"9";"";"두동편백나무숲";"54504";0
"해운대구 달맞이길 120";"(중동)";"6";"";"A03";"A0302";"A03022700";"2381567";"28";"20160430001154";"http://tong.visitkorea.or.kr/cms/resource/41/2368441_image2_1.jpg";"http://tong.visitkorea.or.kr/cms/resource/41/2368441_image3_1.jpg";"Type3";"129.1756010591";"35.1574970351";"6";"20240308163418";"16";"";"문탠로드";"48098";0
"제천시 백운면 덕동로2길 23-26";"";"33";"";"A03";"A0302";"A03021700";"2381740";"28";"20160502220323";"http://tong.visitkorea.or.kr/cms/resource/17/2381717_image2_1.jpg";"http://tong.visitkorea.or.kr/cms/resource/17/2381717_image2_1.jpg";"Type3";"127.9569229378";"37.2172597616";"6";"20230308154824";"7";"";"덕동골캠핑장";"27101";0
"강남구 언주로 536";"";"1";"";"A05";"A0502";"A05020100";"2382657";"39";"20160505024513";"http://tong.visitkorea.or.kr/cms/resource/42/2382642_image2_1.jpeg";"http://tong.visitkorea.or.kr/cms/resource/42/2382642_image2_1.jpeg";"Type3";"127.0413447839";"37.5061734979";"6";"20230905162325";"1";"02-501-2050";"꽃새우 영번지";"06147";0
"동작구 노들로 674";"(노량진동)";"1";"";"A05";"A0502";"A05020100";"2383448";"39";"20160512184003";"http://tong.visitkorea.or.kr/cms/resource/44/2383444_image2_1.JPG";"http://tong.visitkorea.or.kr/cms/resource/44/2383444_image2_1.JPG";"Type3";"126.9368568295";"37.5149233858";"6";"20230530170315";"12";"";"미자식당";"06900";0
"양양군 서면 오색리 산1-71";"";"32";"0";"A01";"A0101";"A01010900";"2383582";"12";"20160513220605";"http://tong.visitkorea.or.kr/cms/resource/51/1955851_image2_1.jpg";"http://tong.visitkorea.or.kr/cms/resource/51/1955851_image3_1.jpg";"Type3";"128.4208104736";"38.0885564965";"6";"20231122164607";"7";"";"설악산 흘림골";"25033";0
"동작구 현충로 75 원불교100년기념관 및 역사문화기념관";"1층";"1";"";"A02";"A0207";"A02070200";"2383974";"15";"20160516200321";"http://tong.visitkorea.or.kr/cms/resource/30/2617830_image2_1.jpg";"http://tong.visitkorea.or.kr/cms/resource/30/2617830_image2_1.jpg";"Type3";"126.9638739574";"37.5098105750";"6";"20240206130654";"23";"02-861-3020";"모두하나대축제";"06904";0
"동작구 노들로 674";"";"1";"";"A05";"A0502";"A05020100";"2384136";"39";"20160517223224";"http://tong.visitkorea.or.kr/cms/resource/34/2384134_image2_1.JPG";"http://tong.visitkorea.or.kr/cms/resource/34/2384134_image2_1.JPG";"Type3";"126.9355902885";"37.5145456302";"6";"20231229101557";"12";"02-2254-7988";"또순이";"06900";0
"중구 서성로16길 46-5";"";"4";"";"B02";"B0201";"B02010700";"2384350";"32";"20160519222532";"http://tong.visitkorea.or.kr/cms/resource/48/2384348_image2_1.jpg";"http://tong.visitkorea.or.kr/cms/resource/48/2384348_image2_1.jpg";"Type3";"128.5901741636";"35.8730750953";"6";"20230531173233";"8";"010-9635-0053";"더한옥&스파";"41919";0
"철원군 철원읍 평화로 3591";"";"32";"0";"A02";"A0205";"A02050100";"2385045";"12";"20160525012206";"http://tong.visitkorea.or.kr/cms/resource/40/2385040_image2_1.jpg";"http://tong.visitkorea.or.kr/cms/resource/40/2385040_image2_1.jpg";"Type3";"127.1663088494";"38.2575770502";"6";"20230717142805";"12";"";"금강산전기철도교량";"24000";0
"강릉시 연곡면 부연동길 895";"";"32";"";"B02";"B0201";"B02010700";"2386866";"32";"20160603194853";"http://tong.visitkorea.or.kr/cms/resource/43/2386843_image2_1.jpg";"http://tong.visitkorea.or.kr/cms/resource/43/2386843_image2_1.jpg";"Type3";"128.6351531058";"37.8777434514";"6";"20231011112933";"1";"010-4830-3583";"부연계곡그집";"25400";0
"하동군 금남면 대도길 122";"";"36";"0";"A01";"A0101";"A01011300";"2387088";"12";"20160609003424";"http://tong.visitkorea.or.kr/cms/resource/50/2389650_image2_1.jpg";"http://tong.visitkorea.or.kr/cms/resource/50/2389650_image2_1.jpg";"Type3";"127.8322770607";"34.9319481233";"6";"20230629132124";"18";"";"대도";"52352";0
"부여군 부여읍 나루터로 25";"";"34";"";"A05";"A0502";"A05020100";"2389603";"39";"20160623181811";"http://tong.visitkorea.or.kr/cms/resource/99/2389599_image2_1.JPG";"http://tong.visitkorea.or.kr/cms/resource/99/2389599_image2_1.JPG";"Type3";"126.9100012120";"36.2848870071";"6";"20230220173249";"6";"041-832-1122";"구드래 한우타운";"33139";0
"단양군 가곡면 어의곡리";"";"33";"0";"A01";"A0101";"A01010900";"2389640";"12";"20160623192839";"http://tong.visitkorea.or.kr/cms/resource/42/2389642_image2_1.jpg";"http://tong.visitkorea.or.kr/cms/resource/42/2389642_image2_1.jpg";"Type3";"128.4599038865";"36.9887732344";"6";"20240201134544";"2";"";"새밭계곡";"27023";0
"사천시 곤명면 금성들길 55";"";"36";"0";"A02";"A0203";"A02030100";"2389967";"12";"20160624031542";"http://tong.visitkorea.or.kr/cms/resource/63/2389963_image2_1.jpg";"http://tong.visitkorea.or.kr/cms/resource/63/2389963_image2_1.jpg";"Type3";"127.9688707708";"35.1409742647";"6";"20240108162028";"8";"";"사천녹차단지";"52501";0
"사천시 곤명면 초량길 27-3";"";"36";"0";"A02";"A0203";"A02030100";"2389968";"12";"20160624032439";"http://tong.visitkorea.or.kr/cms/resource/71/2389971_image2_1.JPG";"http://tong.visitkorea.or.kr/cms/resource/71/2389971_image2_1.JPG";"Type3";"127.9235978766";"35.1060440602";"6";"20230221142901";"8";"";"다슬기 초량마을";"52500";0
"서귀포시 안덕면 동광로 126";"";"39";"0";"A02";"A0203";"A02030100";"2390111";"12";"20160627223546";"http://tong.visitkorea.or.kr/cms/resource/15/3024315_image2_1.jpg";"http://tong.visitkorea.or.kr/cms/resource/15/3024315_image3_1.jpg";"Type3";"126.3399267501";"33.3076403586";"6";"20231025101219";"3";"";"동광리농촌체험마을";"63523";0
"해운대구 달맞이길 239-16";"";"6";"";"A05";"A0502";"A05020900";"2390133";"39";"20160627233135";"http://tong.visitkorea.or.kr/cms/resource/21/2390121_image2_1.jpg";"http://tong.visitkorea.or.kr/cms/resource/21/2390121_image2_1.jpg";"Type3";"129.1850750980";"35.1624966512";"6";"20230622100532";"16";"051-746-0705";"비비비당";"48115";0
"마포구 양화로 지하 188";"";"1";"0";"A04";"A0401";"A04010600";"2390957";"12";"20160701031215";"http://tong.visitkorea.or.kr/cms/resource/29/2391429_image2_1.jpg";"http://tong.visitkorea.or.kr/cms/resource/29/2391429_image2_1.jpg";"Type3";"126.9279647971";"37.5565850529";"6";"20230921171358";"13";"";"라온트래블스토리지";"04051";0
"서구 한밭대로570번길 29-20";"(월평동)";"3";"";"B02";"B0201";"B02010900";"2392995";"32";"20160714183840";"http://tong.visitkorea.or.kr/cms/resource/76/2392976_image2_1.JPG";"http://tong.visitkorea.or.kr/cms/resource/76/2392976_image2_1.JPG";"Type3";"127.3632670174";"36.3569839334";"6";"20240229173356";"3";"";"디 엠프레스 호텔";"35222";0
"부산진구 부전로 67";"";"6";"";"B02";"B0201";"B02010100";"2393422";"32";"20160715223859";"http://tong.visitkorea.or.kr/cms/resource/07/2393407_image2_1.jpg";"http://tong.visitkorea.or.kr/cms/resource/07/2393407_image2_1.jpg";"Type3";"129.0543533051";"35.1562338226";"6";"20231010172654";"7";"051-808-2000";"부산비즈니스호텔";"47284";0
"광양시 옥룡면 동곡리";"";"38";"0";"A01";"A0101";"A01010800";"2394017";"12";"20160720003313";"http://tong.visitkorea.or.kr/cms/resource/13/2394013_image2_1.jpg";"http://tong.visitkorea.or.kr/cms/resource/13/2394013_image2_1.jpg";"Type3";"127.5996928152";"35.1127181966";"6";"20230130175038";"4";"";"백운산 구시폭포";"57702";0
"광양시 진상면 신황길 66";"";"38";"0";"A02";"A0203";"A02030100";"2394316";"12";"20160721181355";"http://tong.visitkorea.or.kr/cms/resource/32/2394332_image2_1.jpg";"http://tong.visitkorea.or.kr/cms/resource/32/2394332_image2_1.jpg";"Type3";"127.6868311530";"35.0525487052";"6";"20231205151244";"4";"";"백학동마을";"57705";0
"진주시 남강로1번길 133";"";"36";"";"A05";"A0502";"A05020200";"2394375";"39";"20160721200622";"http://tong.visitkorea.or.kr/cms/resource/62/2394362_image2_1.JPG";"http://tong.visitkorea.or.kr/cms/resource/62/2394362_image2_1.JPG";"Type3";"128.0338085971";"35.1761131288";"6";"20230817155456";"13";"055-747-4257";"노블레스 레스토랑";"52648";0
"평창군 미탄면 마하길 41-5";"";"32";"";"A03";"A0305";"A03050100";"2394618";"28";"20160725184941";"http://tong.visitkorea.or.kr/cms/resource/10/2394610_image2_1.JPG";"http://tong.visitkorea.or.kr/cms/resource/10/2394610_image2_1.JPG";"Type3";"128.5410987766";"37.2917010437";"6";"20230701135522";"15";"";"동강레포츠";"25384";0
"중구 경상감영길 99 감영공원";"";"4";"";"A02";"A0207";"A02070200";"2396313";"15";"20160804023122";"http://tong.visitkorea.or.kr/cms/resource/17/2993817_image2_1.JPG";"http://tong.visitkorea.or.kr/cms/resource/17/2993817_image3_1.JPG";"Type3";"128.5922684456";"35.8722891118";"6";"20240206130654";"8";"053-661-2191";"대구 문화재 야행";"41918";0
"김포시 대곶면 대명항1로 110-36";"";"31";"0";"A02";"A0202";"A02020600";"2396844";"12";"20160805235407";"http://tong.visitkorea.or.kr/cms/resource/51/2396851_image2_1.jpg";"http://tong.visitkorea.or.kr/cms/resource/51/2396851_image2_1.jpg";"Type3";"126.5393173758";"37.6407572428";"6";"20230502192644";"8";"";"김포함상공원";"10041";49108
"김포시 김포대로 1009-49";"";"31";"";"A04";"A0401";"A04010600";"2396929";"38";"20160806011219";"http://tong.visitkorea.or.kr/cms/resource/16/2396916_image2_1.jpg";"http://tong.visitkorea.or.kr/cms/resource/16/2396916_image2_1.jpg";"Type3";"126.7008389971";"37.6307001603";"6";"20230610082315";"8";"031-981-8456";"김포로컬푸드";"10100";0
"양평군 용문면 청용길 13-6";"";"31";"0";"A02";"A0203";"A02030100";"2397543";"12";"20160808231635";"http://tong.visitkorea.or.kr/cms/resource/02/2398302_image2_1.JPG";"http://tong.visitkorea.or.kr/cms/resource/02/2398302_image2_1.JPG";"Type3";"127.6123259329";"37.5171937154";"6";"20231220171049";"19";"";"모꼬지마을";"12511";0
"광주시 도척면 얼음골길19번길 33";"";"31";"0";"A02";"A0206";"A02060500";"2398146";"12";"20160809221419";"http://tong.visitkorea.or.kr/cms/resource/51/2398151_image2_1.JPG";"http://tong.visitkorea.or.kr/cms/resource/51/2398151_image2_1.JPG";"Type3";"127.3070257279";"37.3271184925";"6";"20230610082329";"5";"";"백향꽃누르미갤러리";"12809";0
"영등포구 디지털로37나길 21";"";"1";"0";"A02";"A0203";"A02030600";"2402981";"12";"20160820023653";"http://tong.visitkorea.or.kr/cms/resource/89/2029889_image2_1.jpg";"http://tong.visitkorea.or.kr/cms/resource/89/2029889_image3_1.jpg";"Type3";"126.8999497350";"37.4916670951";"6";"20231120093312";"20";"";"대림동 차이나타운";"07419";0
"김포시 양촌읍 양곡2로30번길 46";"";"31";"0";"A02";"A0206";"A02060200";"2405073";"14";"20160825003232";"http://tong.visitkorea.or.kr/cms/resource/43/2405043_image2_1.jpg";"http://tong.visitkorea.or.kr/cms/resource/43/2405043_image2_1.jpg";"Type3";"126.6295559905";"37.6533268175";"6";"20231123105434";"8";"";"김포독립운동기념관";"10062";0
"칠곡군 가산면 호국로 1486";"";"35";"0";"A02";"A0206";"A02060200";"2406077";"14";"20160830014614";"http://tong.visitkorea.or.kr/cms/resource/57/3062857_image2_1.jpg";"http://tong.visitkorea.or.kr/cms/resource/57/3062857_image3_1.jpg";"Type3";"128.5188756149";"36.0464457944";"6";"20231211162503";"22";"";"다부동전적기념관";"39851";0
"포항시 북구 흥해읍 해안로 1712";"";"35";"0";"A02";"A0202";"A02020700";"2406101";"12";"20160830015738";"http://tong.visitkorea.or.kr/cms/resource/90/2405190_image2_1.jpg";"http://tong.visitkorea.or.kr/cms/resource/90/2405190_image3_1.jpg";"Type3";"129.3966673612";"36.1562804096";"6";"20231209141348";"23";"";"사방기념공원";"37530";0
"관악구 중앙동";"";"1";"";"A03";"A0302";"A03022700";"2406545";"28";"20160831001142";"http://tong.visitkorea.or.kr/cms/resource/37/2405137_image2_1.jpg";"http://tong.visitkorea.or.kr/cms/resource/37/2405137_image3_1.jpg";"Type3";"126.9657867851";"37.4426850694";"6";"20231204172643";"5";"";"관악산 자락길";"08825";0
"성북구 솔샘로25가길 8";"";"1";"";"A03";"A0302";"A03022700";"2406564";"28";"20160831004250";"http://tong.visitkorea.or.kr/cms/resource/43/2405143_image2_1.jpg";"http://tong.visitkorea.or.kr/cms/resource/43/2405143_image3_1.jpg";"Type3";"127.0053837227";"37.6199235229";"6";"20230808103030";"17";"";"북한산 자락길";"02701";0
"유성구 수통골로 47-3";"";"3";"";"A03";"A0302";"A03022700";"2407314";"28";"20160902000003";"http://tong.visitkorea.or.kr/cms/resource/50/2661850_image2_1.jpg";"http://tong.visitkorea.or.kr/cms/resource/50/2661850_image2_1.jpg";"Type3";"127.2885962357";"36.3453478312";"6";"20240306173923";"4";"";"계룡산 수통골";"34154";0
"태안군 안면읍 백사장1길 120";"";"34";"0";"A01";"A0101";"A01011400";"2407331";"12";"20160902010335";"http://tong.visitkorea.or.kr/cms/resource/82/2405182_image2_1.jpg";"http://tong.visitkorea.or.kr/cms/resource/82/2405182_image3_1.jpg";"Type3";"126.3152801593";"36.5856977884";"6";"20231205174639";"14";"";"백사장항";"32162";0
"성주군 수륜면 성주가야산로 795-6";"";"35";"";"B02";"B0201";"B02010900";"2413322";"32";"20160908232041";"http://tong.visitkorea.or.kr/cms/resource/17/2413217_image2_1.jpg";"http://tong.visitkorea.or.kr/cms/resource/17/2413217_image2_1.jpg";"Type3";"128.1845222744";"35.8290282244";"6";"20240221141127";"10";"054-933-4882<br />054-931-6101";"백운호텔";"40064";0
"성주군 수륜면 참별로 1415-16";"";"35";"";"B02";"B0201";"B02010900";"2413542";"32";"20160909004247";"http://tong.visitkorea.or.kr/cms/resource/80/2413480_image2_1.jpg";"http://tong.visitkorea.or.kr/cms/resource/80/2413480_image2_1.jpg";"Type3";"128.1792077024";"35.8711900157";"6";"20231018165646";"10";"010-5520-6787";"나포리모텔";"40065";0
"합천군 가야면 가야산로 1783";"";"36";"0";"A03";"A0302";"A03022700";"2414679";"12";"20160909231524";"http://tong.visitkorea.or.kr/cms/resource/49/1963749_image2_1.jpg";"http://tong.visitkorea.or.kr/cms/resource/49/1963749_image3_1.jpg";"Type3";"128.0909093551";"35.7911141625";"6";"20231107172432";"21";"";"가야산 소리길";"50200";0
"강릉시 창해로14번길 20-1";"";"32";"0";"A02";"A0203";"A02030600";"2414791";"12";"20160909234953";"http://tong.visitkorea.or.kr/cms/resource/64/3078764_image2_1.jpg";"http://tong.visitkorea.or.kr/cms/resource/64/3078764_image3_1.jpg";"Type3";"128.9473504054";"37.7726505813";"6";"20240418112610";"1";"";"강릉커피거리";"25556";0
"서귀포시 표선면 가시리 붉은오름 입구";"";"39";"";"A03";"A0302";"A03022700";"2414827";"28";"20160910000254";"http://tong.visitkorea.or.kr/cms/resource/90/2618490_image2_1.jpg";"http://tong.visitkorea.or.kr/cms/resource/90/2618490_image3_1.jpg";"Type3";"126.6757260497";"33.4014158790";"6";"20240227183608";"3";"";"사려니숲길";"63622";0
"태안군 원북면 구례포길 47-20";"";"34";"";"A03";"A0302";"A03022700";"2414848";"28";"20160910001358";"http://tong.visitkorea.or.kr/cms/resource/84/2405184_image2_1.jpg";"http://tong.visitkorea.or.kr/cms/resource/84/2405184_image3_1.jpg";"Type3";"126.1983272967";"36.8858667134";"6";"20231109152019";"14";"";"구례포천사길";"32106";0
"정읍시 내장호반로 194-28";"(쌍암동)";"37";"0";"A01";"A0101";"A01010700";"2414865";"12";"202401181743";"http://tong.visitkorea.or.kr/cms/resource/60/2405160_image2_1.jpg";"http://tong.visitkorea.or.kr/cms/resource/60/2405160_image3_1.jpg";"Type3";"126.8981779623";"35.5099112372";"6";"20240118174312";"13";"";"내장산수목원";"56199";0
"청주시 상당구 사직대로 지하 316";"";"33";"";"A04";"A0401";"A04010600";"2421227";"38";"20160922030722";"http://tong.visitkorea.or.kr/cms/resource/11/2421211_image2_1.JPG";"http://tong.visitkorea.or.kr/cms/resource/11/2421211_image2_1.JPG";"Type3";"127.4864733221";"36.6368179564";"6";"20230610082359";"10";"";"대현프리몰 청주점";"28526";0
"충주시 엄정면 동계길 29-1";"";"33";"0";"A01";"A0101";"A01011800";"2434888";"12";"20161015025559";"http://tong.visitkorea.or.kr/cms/resource/66/2392766_image2_1.jpg";"http://tong.visitkorea.or.kr/cms/resource/66/2392766_image3_1.jpg";"Type3";"127.8889470429";"37.0752276537";"6";"20231107161020";"11";"";"목계나루";"27314";0
"보령시 해수욕장10길 5 (신흑동)";"대천해수욕장 머드광장";"34";"";"A02";"A0207";"A02070200";"2435924";"15";"20161024235709";"http://tong.visitkorea.or.kr/cms/resource/22/2435922_image2_1.jpg";"http://tong.visitkorea.or.kr/cms/resource/22/2435922_image2_1.jpg";"Type3";"126.5103779739";"36.3151016616";"6";"20240206130654";"5";"041-935-3850";"보령 김축제";"33489";0
"남원시 검멀길 13";"";"37";"";"A05";"A0502";"A05020100";"2436002";"39";"202401181743";"http://tong.visitkorea.or.kr/cms/resource/89/2435989_image2_1.jpg";"http://tong.visitkorea.or.kr/cms/resource/89/2435989_image2_1.jpg";"Type3";"127.3774271275";"35.4034148718";"6";"20240118174312";"4";"063-632-7773";"논두렁추어탕";"55769";0
"진천군 백곡면 백곡로 964";"";"33";"0";"A02";"A0203";"A02030100";"2436435";"12";"20161027024835";"http://tong.visitkorea.or.kr/cms/resource/68/2436468_image2_1.JPG";"http://tong.visitkorea.or.kr/cms/resource/68/2436468_image2_1.JPG";"Type3";"127.3814760022";"36.8804214043";"6";"20230307140917";"8";"";"물안뜰체험관";"27823";0
"종로구 자하문로 33-1";"";"1";"";"A05";"A0502";"A05020100";"2438221";"39";"20161105023031";"http://tong.visitkorea.or.kr/cms/resource/13/2438213_image2_1.jpg";"http://tong.visitkorea.or.kr/cms/resource/13/2438213_image2_1.jpg";"Type3";"126.9712046692";"37.5788915682";"6";"20230605095742";"23";"02-737-7080";"서촌돌솥";"03040";0
"종로구 사직로 5";"";"1";"";"A05";"A0502";"A05020100";"2438867";"39";"20161109234349";"http://tong.visitkorea.or.kr/cms/resource/51/2477751_image2_1.jpg";"http://tong.visitkorea.or.kr/cms/resource/51/2477751_image3_1.jpg";"Type3";"126.9609168920";"37.5727393211";"6";"20231107094740";"23";"02-735-4259";"대성집";"03029";0
"양평군 서종면 무내미길 49-12";"(서종면)";"31";"0";"A02";"A0206";"A02060500";"2439216";"14";"20161111010401";"http://tong.visitkorea.or.kr/cms/resource/13/2439213_image2_1.jpg";"http://tong.visitkorea.or.kr/cms/resource/13/2439213_image2_1.jpg";"Type3";"127.3511249446";"37.6030456359";"6";"20230725162837";"19";"";"구하우스미술관";"12503";0
"예산군 광시면 예당로 127-1";"";"34";"";"A05";"A0502";"A05020100";"2439400";"39";"20161114184014";"http://tong.visitkorea.or.kr/cms/resource/98/2439398_image2_1.jpg";"http://tong.visitkorea.or.kr/cms/resource/98/2439398_image2_1.jpg";"Type3";"126.7741731377";"36.5461352353";"6";"20230530150642";"11";"041-333-3188";"내가조선의한우다";"32457";0
"중구 차이나타운로 20";"";"2";"";"A05";"A0502";"A05020400";"2445137";"39";"20161202234122";"http://tong.visitkorea.or.kr/cms/resource/10/2445110_image2_1.jpg";"http://tong.visitkorea.or.kr/cms/resource/10/2445110_image2_1.jpg";"Type3";"126.6190840710";"37.4775526412";"6";"20231207134222";"10";"032-881-4096";"문차이나";"22312";0
"무주군 부남면 굴암로 48";"";"37";"";"B02";"B0201";"B02010700";"2445661";"32";"202401181743";"http://tong.visitkorea.or.kr/cms/resource/48/2445648_image2_1.jpg";"http://tong.visitkorea.or.kr/cms/resource/48/2445648_image2_1.jpg";"Type3";"127.5986475168";"35.9931796262";"6";"20240118174312";"5";"010-7721-9800";"라이브풍경펜션";"55502";0
"종로구 북촌로 39";"(가회동)";"1";"0";"A02";"A0206";"A02060100";"2445728";"14";"20161205235632";"http://tong.visitkorea.or.kr/cms/resource/27/2445727_image2_1.jpg";"http://tong.visitkorea.or.kr/cms/resource/27/2445727_image2_1.jpg";"Type3";"126.9847478405";"37.5802694286";"6";"20230322164423";"23";"";"북촌박물관";"03055";0
"영주시 봉현면 테라피로 209";"";"35";"0";"A01";"A0101";"A01010600";"2447115";"12";"20161208001112";"http://tong.visitkorea.or.kr/cms/resource/48/3105948_image2_1.jpg";"http://tong.visitkorea.or.kr/cms/resource/48/3105948_image3_1.jpg";"Type3";"128.4726010160";"36.8578218299";"6";"20240227175156";"14";"";"국립산림치유원";"36043";0
"마포구 월드컵북로 396";"(상암동)";"1";"0";"A02";"A0204";"A02040800";"2452881";"12";"20161212234344";"http://tong.visitkorea.or.kr/cms/resource/70/2502570_image2_1.jpg";"http://tong.visitkorea.or.kr/cms/resource/70/2502570_image2_1.jpg";"Type3";"126.8897676324";"37.5795344793";"6";"20230712134342";"13";"";"디지털 파빌리온";"03925";0
"남양주시 별내면 용암비루개길 219-88";"";"31";"";"A05";"A0502";"A05020900";"2456704";"39";"20161214235619";"http://tong.visitkorea.or.kr/cms/resource/28/2457228_image2_1.jpg";"http://tong.visitkorea.or.kr/cms/resource/28/2457228_image3_1.jpg";"Type3";"127.1253277592";"37.7373370291";"6";"20230601111021";"9";"031-841-7612";"비루개";"12076";0
"해운대구 수영강변대로 120";"";"6";"0";"A02";"A0204";"A02040800";"2456837";"12";"20200919010756";"http://tong.visitkorea.or.kr/cms/resource/35/2716235_image2_1.jpg";"http://tong.visitkorea.or.kr/cms/resource/35/2716235_image3_1.jpg";"Type3";"129.1270576924";"35.1707946470";"6";"20240321105623";"16";"";"부산 영화의 전당";"48058";0
"양평군 두메향기길 11";"";"31";"0";"A02";"A0202";"A02020600";"2456974";"12";"20161215025019";"http://tong.visitkorea.or.kr/cms/resource/55/2457055_image2_1.jpg";"http://tong.visitkorea.or.kr/cms/resource/55/2457055_image2_1.jpg";"Type3";"127.3856649268";"37.5525271298";"6";"20231122164529";"19";"";"두메향기";"12579";0
"계양구 봉오대로 855";"";"2";"";"A03";"A0302";"A03020300";"2463896";"28";"20161220004415";"http://tong.visitkorea.or.kr/cms/resource/81/2461881_image2_1.jpg";"http://tong.visitkorea.or.kr/cms/resource/81/2461881_image3_1.jpg";"Type3";"126.7438989280";"37.5325151261";"6";"20230821150516";"2";"032-550-3500";"계양경기장";"21072";0
"계양구 주부토로 570";"(계산동)";"2";"0";"A02";"A0202";"A02020700";"2463907";"12";"20161220005228";"http://tong.visitkorea.or.kr/cms/resource/46/3069146_image2_1.jpg";"http://tong.visitkorea.or.kr/cms/resource/46/3069146_image3_1.jpg";"Type3";"126.7289832721";"37.5450300732";"6";"20231214162012";"2";"";"계산국민체육공원";"21030";0
"계양구 주부토로 580";"(계산동)";"2";"";"A03";"A0302";"A03020200";"2465040";"28";"20161220183623";"http://tong.visitkorea.or.kr/cms/resource/77/2461877_image2_1.jpg";"http://tong.visitkorea.or.kr/cms/resource/77/2461877_image3_1.jpg";"Type3";"126.7291748899";"37.5461382805";"6";"20230131130350";"2";"";"계산국민체육센터";"21030";0
"부평구 부평북로 445";"(삼산동)";"2";"0";"A02";"A0206";"A02060900";"2465042";"14";"20161220183949";"http://tong.visitkorea.or.kr/cms/resource/06/2462006_image2_1.jpg";"http://tong.visitkorea.or.kr/cms/resource/06/2462006_image3_1.jpg";"Type3";"126.7430381845";"37.5221579814";"6";"20231221154958";"6";"";"삼산도서관";"21319";0
"삼척시 회강길 450";"(마평동)";"32";"0";"A02";"A0204";"A02040800";"2465460";"12";"20161221005737";"http://tong.visitkorea.or.kr/cms/resource/34/3071234_image2_1.jpg";"http://tong.visitkorea.or.kr/cms/resource/34/3071234_image3_1.jpg";"Type3";"129.1372577121";"37.4334767652";"6";"20231215151059";"4";"";"마평정수장 홍보관";"25906";0
"고양시 일산동구 식사동";"(식사동)";"31";"";"A05";"A0502";"A05020100";"2469472";"39";"20161224023306";"http://tong.visitkorea.or.kr/cms/resource/53/2465953_image2_1.jpg";"http://tong.visitkorea.or.kr/cms/resource/53/2465953_image3_1.jpg";"Type3";"126.8070142359";"37.6722527686";"6";"20230613131040";"2";"031-969-9199";"동무밥상";"10304";0
"종로구 율곡로 102";"(와룡동)";"1";"0";"A02";"A0206";"A02060600";"2469662";"14";"20161227183438";"http://tong.visitkorea.or.kr/cms/resource/42/2469642_image2_1.jpg";"http://tong.visitkorea.or.kr/cms/resource/42/2469642_image2_1.jpg";"Type3";"126.9906862706";"37.5773420980";"6";"20230321091837";"23";"";"서울돈화문국악당";"03134";0
"동구 팔공로 227";"(봉무동)";"4";"0";"A02";"A0204";"A02040800";"2470055";"12";"20161229001843";"http://tong.visitkorea.or.kr/cms/resource/20/2029420_image2_1.jpg";"http://tong.visitkorea.or.kr/cms/resource/20/2029420_image3_1.jpg";"Type3";"128.6403017970";"35.9191096976";"6";"20230610082526";"4";"";"대구섬유박물관";"41028";0
"정선군 고한읍 함백산로 1445-44";"";"32";"0";"A02";"A0203";"A02030400";"2470392";"12";"20161230010940";"http://tong.visitkorea.or.kr/cms/resource/49/2711149_image2_1.jpg";"http://tong.visitkorea.or.kr/cms/resource/49/2711149_image3_1.jpg";"Type3";"128.8836435019";"37.1851059712";"6";"20230703080119";"11";"033-591-3001";"삼탄아트마인";"26157";0
"금산군 금산읍 인삼광장로 30";"";"34";"0";"A02";"A0204";"A02040800";"2470404";"12";"20161230015341";"http://tong.visitkorea.or.kr/cms/resource/09/2011209_image2_1.jpg";"http://tong.visitkorea.or.kr/cms/resource/09/2011209_image3_1.jpg";"Type3";"127.5007311332";"36.1000129417";"6";"20231205161306";"2";"";"금산인삼관";"32739";0
"남양주시 진접읍 해밀예당1로 30-15";"";"31";"";"B02";"B0201";"B02010900";"2472515";"32";"20170105193309";"http://tong.visitkorea.or.kr/cms/resource/02/2472502_image2_1.jpg";"http://tong.visitkorea.or.kr/cms/resource/02/2472502_image2_1.jpg";"Type3";"127.1870700941";"37.7114606048";"6";"20231018170531";"9";"031-575-2211";"그램호텔";"12066";0
"대덕구 대청로 618-136";"";"3";"0";"A02";"A0204";"A02040800";"2472729";"12";"20170106021753";"http://tong.visitkorea.or.kr/cms/resource/91/1092291_image2_1.jpg";"http://tong.visitkorea.or.kr/cms/resource/91/1092291_image3_1.jpg";"Type3";"127.4815115699";"36.4743753786";"6";"20230911150953";"1";"";"대청댐 물문화관";"34316";0
"제주시 1100로 3198-8";"(노형동)";"39";"0";"A02";"A0204";"A02040900";"2472824";"12";"20170106184650";"http://tong.visitkorea.or.kr/cms/resource/73/2721573_image2_1.png";"http://tong.visitkorea.or.kr/cms/resource/73/2721573_image2_1.png";"Type3";"126.4857714937";"33.4721633588";"6";"20240320134538";"4";"";"넥슨컴퓨터박물관";"63091";0
"창원시 마산회원구 봉암공단2길 22";"(봉암동)";"36";"0";"A02";"A0204";"A02040600";"2473001";"12";"20170107003936";"http://tong.visitkorea.or.kr/cms/resource/52/2030852_image2_1.jpg";"http://tong.visitkorea.or.kr/cms/resource/52/2030852_image3_1.jpg";"Type3";"128.5975692186";"35.2186517958";"6";"20230614105031";"16";"";"굿데이뮤지엄";"51341";0
"성남시 수정구 위례대로 83";"";"31";"";"B02";"B0201";"B02010100";"2476860";"32";"20170120230358";"http://tong.visitkorea.or.kr/cms/resource/33/2476833_image2_1.jpg";"http://tong.visitkorea.or.kr/cms/resource/33/2476833_image2_1.jpg";"Type3";"127.1431282785";"37.4678408899";"6";"20230829155805";"12";"031-727-9370";"밀리토피아호텔";"13646";0
"종로구 자하문로 13";"";"1";"";"A04";"A0401";"A04010600";"2477064";"38";"20170123193402";"http://tong.visitkorea.or.kr/cms/resource/62/2477062_image2_1.JPG";"http://tong.visitkorea.or.kr/cms/resource/62/2477062_image2_1.JPG";"Type3";"126.9720046434";"37.5772389972";"6";"20230119094840";"23";"";"서촌나들이";"03041";0
"과천시 삼부골3로 17";"";"31";"";"A05";"A0502";"A05020900";"2478828";"39";"20170202185000";"http://tong.visitkorea.or.kr/cms/resource/91/2478091_image2_1.jpg";"http://tong.visitkorea.or.kr/cms/resource/91/2478091_image3_1.jpg";"Type3";"127.0240147122";"37.4465689950";"6";"20230804165951";"3";"02-3445-1794";"마이알레";"13820";0
"남구 계명중앙1길 54";"(대명동)";"4";"0";"A02";"A0203";"A02030600";"2478964";"12";"20170203230124";"http://tong.visitkorea.or.kr/cms/resource/52/2478952_image2_1.jpg";"http://tong.visitkorea.or.kr/cms/resource/52/2478952_image2_1.jpg";"Type3";"128.5826086460";"35.8557435846";"6";"20231214111557";"1";"";"대명공연문화거리";"42402";0
"남구 용두2길 43";"(봉덕동)";"4";"0";"A02";"A0202";"A02020600";"2478972";"12";"20170203233339";"http://tong.visitkorea.or.kr/cms/resource/47/2478947_image2_1.JPG";"http://tong.visitkorea.or.kr/cms/resource/47/2478947_image2_1.JPG";"Type3";"128.6034408589";"35.8300524321";"6";"20230302101404";"1";"";"공룡공원";"42503";0
"광양시 다압면 토끼재길 119-32";"";"38";"";"A03";"A0302";"A03021700";"2481694";"28";"20170221013641";"http://tong.visitkorea.or.kr/cms/resource/22/2844622_image2_1.jpg";"http://tong.visitkorea.or.kr/cms/resource/22/2844622_image3_1.jpg";"Type3";"127.7114232446";"35.0600705098";"6";"20230530103128";"4";"";"느랭이골 글램핑";"57709";0
"울주군 두동면 계명로 80";"";"7";"";"A05";"A0502";"A05020100";"2481713";"39";"20170221181955";"http://tong.visitkorea.or.kr/cms/resource/09/2481709_image2_1.jpg";"http://tong.visitkorea.or.kr/cms/resource/09/2481709_image2_1.jpg";"Type3";"129.1976197557";"35.7131989141";"6";"20231226130648";"5";"052-262-9200";"누렁소불고기";"44914";0
"보은군 내북면 산척상궁로 421-100";"";"33";"0";"A02";"A0204";"A02040800";"2481741";"12";"20170221195710";"http://tong.visitkorea.or.kr/cms/resource/54/2481754_image2_1.JPG";"http://tong.visitkorea.or.kr/cms/resource/54/2481754_image2_1.JPG";"Type3";"127.6373299514";"36.5110211998";"6";"20231116164602";"3";"";"산모랭이풀내음";"28905";0
"종로구 북촌로7길 16";"(가회동)";"1";"0";"A02";"A0201";"A02010400";"2481866";"12";"20170221232403";"http://tong.visitkorea.or.kr/cms/resource/92/2481892_image2_1.jpg";"http://tong.visitkorea.or.kr/cms/resource/92/2481892_image2_1.jpg";"Type3";"126.9840701194";"37.5804416194";"6";"20230223111828";"23";"";"백인제가옥";"03055";0
"여수시 남면 용머리길";"";"38";"";"A03";"A0302";"A03022700";"2483594";"28";"20170302224339";"http://tong.visitkorea.or.kr/cms/resource/62/3015562_image2_1.jpg";"http://tong.visitkorea.or.kr/cms/resource/62/3015562_image3_1.jpg";"Type3";"127.7111643607";"34.5371985513";"6";"20230926174826";"13";"061-659-1187";"금오도 비렁길";"59785";0
"종로구 자하문로 3";"지하1층";"1";"";"A04";"A0401";"A04010600";"2484146";"38";"20170307223603";"http://tong.visitkorea.or.kr/cms/resource/37/2484137_image2_1.jpg";"http://tong.visitkorea.or.kr/cms/resource/37/2484137_image2_1.jpg";"Type3";"126.9723657428";"37.5764807580";"6";"20231114140832";"23";"";"궁가는여우";"03041";0
"금정구 장전온천천로 48 (장전동)";"";"6";"";"A02";"A0207";"A02070200";"2484237";"15";"20170308202313";"http://tong.visitkorea.or.kr/cms/resource/41/3015841_image2_1.png";"http://tong.visitkorea.or.kr/cms/resource/41/3015841_image3_1.png";"Type3";"129.0893371356";"35.2296540211";"6";"20240206130654";"2";"051-519-4424";"라라라 페스티벌";"46291";0
"사하구 감내2로 159";"";"6";"";"A05";"A0502";"A05020100";"2484386";"39";"20170309014837";"http://tong.visitkorea.or.kr/cms/resource/78/2484378_image2_1.jpg";"http://tong.visitkorea.or.kr/cms/resource/78/2484378_image2_1.jpg";"Type3";"129.0093365624";"35.0989644052";"6";"20230530101134";"10";"051-291-1444";"감내맛집";"49363";0
"사하구 옥천로75번길 17";"";"6";"";"A05";"A0502";"A05020100";"2484393";"39";"20170309015440";"http://tong.visitkorea.or.kr/cms/resource/80/2484380_image2_1.jpg";"http://tong.visitkorea.or.kr/cms/resource/80/2484380_image2_1.jpg";"Type3";"129.0088589663";"35.0938066405";"6";"20231227161519";"10";"070-8818-4405";"감천 아지매 밥집";"49366";0
"서구 천변우하로 373";"";"5";"";"A05";"A0502";"A05020100";"2484460";"39";"20170309185439";"http://tong.visitkorea.or.kr/cms/resource/33/2484433_image2_1.jpg";"http://tong.visitkorea.or.kr/cms/resource/33/2484433_image2_1.jpg";"Type3";"126.8611343006";"35.1689075428";"6";"20230610082708";"5";"062-514-9111";"금강식육식당";"61902";0
"중구 자갈치해안로 57";"";"6";"";"A05";"A0502";"A05020100";"2485840";"39";"20170317183020";"http://tong.visitkorea.or.kr/cms/resource/32/2485832_image2_1.JPG";"http://tong.visitkorea.or.kr/cms/resource/32/2485832_image2_1.JPG";"Type3";"129.0314013586";"35.0971900101";"6";"20230220173049";"15";"051-241-7245";"대구횟집";"48984";0
"제주시 산록북로 819";"(아라일동)";"39";"";"B02";"B0201";"B02010700";"2486105";"32";"20170321015505";"http://tong.visitkorea.or.kr/cms/resource/96/2486096_image2_1.JPG";"http://tong.visitkorea.or.kr/cms/resource/96/2486096_image2_1.JPG";"Type3";"126.5544690871";"33.4375488373";"6";"20231227142535";"4";"064-724-9931";"관음사가는길펜션";"63244";0
"무안군 현경면 홀통길 55";"";"38";"";"B02";"B0201";"B02010700";"2486495";"32";"20170322010609";"http://tong.visitkorea.or.kr/cms/resource/72/2486472_image2_1.jpg";"http://tong.visitkorea.or.kr/cms/resource/72/2486472_image2_1.jpg";"Type3";"126.3438937605";"35.0658744564";"6";"20230822150257";"9";"010-4249-8255";"노을빛바다펜션";"58509";0
"영등포구 의사당대로 1 (여의도동)";"";"1";"";"A02";"A0207";"A02070200";"2487188";"15";"20170324020141";"http://tong.visitkorea.or.kr/cms/resource/73/3112473_image2_1.jpg";"http://tong.visitkorea.or.kr/cms/resource/73/3112473_image3_1.jpg";"Type3";"126.9166304856";"37.5294241180";"6";"20240403103844";"20";"02-6788-3829";"국회 개방행사";"07233";0
"중구 퇴계로18길 67";"(남산동2가)";"1";"";"B02";"B0201";"B02011100";"2487684";"32";"20170328185108";"http://tong.visitkorea.or.kr/cms/resource/51/2487651_image2_1.jpg";"http://tong.visitkorea.or.kr/cms/resource/51/2487651_image2_1.jpg";"Type3";"126.9846040375";"37.5580831159";"6";"20221227122652";"24";"02-778-7800";"남산호스텔";"04630";0
"강서구 공항로 500";"";"6";"0";"A01";"A0101";"A01010500";"2487927";"12";"20170329201904";"http://tong.visitkorea.or.kr/cms/resource/23/2488023_image2_1.JPG";"http://tong.visitkorea.or.kr/cms/resource/23/2488023_image2_1.JPG";"Type3";"128.9549259546";"35.1523490931";"6";"20230327113816";"1";"";"맥도생태공원";"46723";0
"동구 금남로1가";"5·18 민주광장, 금남로 및 예술의 거리 일원";"5";"";"A02";"A0207";"A02070200";"2487990";"15";"20170329232044";"http://tong.visitkorea.or.kr/cms/resource/93/3019793_image2_1.jpg";"http://tong.visitkorea.or.kr/cms/resource/93/3019793_image3_1.jpg";"Type3";"126.9197129893";"35.1475526107";"6";"20240206130654";"3";"062-670-7967";"광주프린지페스티벌";"61482";0
"동구 효동로2길 10";"(효목동)";"4";"0";"A02";"A0206";"A02060300";"2488233";"14";"20170331002959";"http://tong.visitkorea.or.kr/cms/resource/26/2488226_image2_1.JPG";"http://tong.visitkorea.or.kr/cms/resource/26/2488226_image2_1.JPG";"Type3";"128.6507908775";"35.8791505263";"6";"20230802201321";"4";"";"국립대구기상과학관";"41179";0
"양양군 현남면 동해대로 694";"";"32";"";"B02";"B0201";"B02010900";"2488920";"32";"20170406022045";"http://tong.visitkorea.or.kr/cms/resource/04/2488904_image2_1.jpg";"http://tong.visitkorea.or.kr/cms/resource/04/2488904_image2_1.jpg";"Type3";"128.7620472367";"37.9659495739";"6";"20230823131950";"7";"033-671-3338";"메종드메르";"25053";0
"부여군 규암면 백제문로 555";"";"34";"";"A05";"A0502";"A05020100";"2489102";"39";"20170407193744";"http://tong.visitkorea.or.kr/cms/resource/94/2489094_image2_1.jpg";"http://tong.visitkorea.or.kr/cms/resource/94/2489094_image2_1.jpg";"Type3";"126.9176971723";"36.3064541159";"6";"20230911200648";"6";"041-837-1255";"백제궁 수라간";"33114";0
"북구 평촌길 15";"";"5";"0";"A02";"A0203";"A02030100";"2489843";"12";"20170413230003";"http://tong.visitkorea.or.kr/cms/resource/32/2489832_image2_1.jpg";"http://tong.visitkorea.or.kr/cms/resource/32/2489832_image2_1.jpg";"Type3";"127.0105542557";"35.1756287576";"6";"20231031105109";"4";"";"광주 평촌마을";"61146";0
"강화군 삼산면 삼산서로 39-75";"";"2";"0";"A01";"A0101";"A01010600";"2490906";"12";"20170425191200";"http://tong.visitkorea.or.kr/cms/resource/23/2490923_image2_1.JPG";"http://tong.visitkorea.or.kr/cms/resource/23/2490923_image2_1.JPG";"Type3";"126.3153612612";"37.6994881312";"6";"20240320153125";"1";"";"석모도 자연휴양림";"23005";0
"강화군 삼산면 삼산북로449번길 161";"";"2";"0";"A01";"A0101";"A01010700";"2490928";"12";"20170425230202";"http://tong.visitkorea.or.kr/cms/resource/31/2490931_image2_1.JPG";"http://tong.visitkorea.or.kr/cms/resource/31/2490931_image2_1.JPG";"Type3";"126.3264049255";"37.6910781940";"6";"20240306153031";"1";"";"석모도 수목원";"23005";0
"이천시 모가면 서경리";"150-1";"31";"0";"A02";"A0204";"A02040800";"2491719";"12";"20170505021714";"http://tong.visitkorea.or.kr/cms/resource/26/2491726_image2_1.JPG";"http://tong.visitkorea.or.kr/cms/resource/26/2491726_image2_1.JPG";"Type3";"127.4860921159";"37.1575135698";"6";"20230610082723";"26";"";"꾸메숲 버섯나라";"17408";0
"성남시 분당구 대왕판교로645번길 36";"(삼평동)";"31";"0";"A02";"A0206";"A02060500";"2492782";"14";"20170518182414";"http://tong.visitkorea.or.kr/cms/resource/77/2492777_image2_1.jpg";"http://tong.visitkorea.or.kr/cms/resource/77/2492777_image2_1.jpg";"Type3";"127.1021144700";"37.4004090842";"6";"20231204171117";"12";"";"나폴레옹갤러리";"13487";0
"삼척시 정상동";"232번지";"32";"";"A02";"A0207";"A02070200";"2493939";"15";"20170526234434";"http://tong.visitkorea.or.kr/cms/resource/27/2493927_image2_1.JPG";"http://tong.visitkorea.or.kr/cms/resource/27/2493927_image2_1.JPG";"Type3";"129.1767013966";"37.4337163979";"6";"20240417171719";"4";"033-570-3081";"삼척 장미축제";"25928";0
"성북구 선잠로 42";"";"1";"";"A05";"A0502";"A05020200";"2495232";"39";"20170607202134";"http://tong.visitkorea.or.kr/cms/resource/74/2495174_image2_1.JPG";"http://tong.visitkorea.or.kr/cms/resource/74/2495174_image2_1.JPG";"Type3";"126.9971906951";"37.5963344513";"6";"20230726180736";"17";"02-765-0252";"누브티스";"02823";0
"성북구 창경궁로 319";"";"1";"";"A05";"A0502";"A05020100";"2495458";"39";"20170106090050";"http://tong.visitkorea.or.kr/cms/resource/03/2495203_image2_1.jpg";"http://tong.visitkorea.or.kr/cms/resource/03/2495203_image2_1.jpg";"Type3";"127.0048124503";"37.5882966341";"6";"20231205144314";"17";"02-745-3389";"명문막국수";"02880";0
"성북구 성북로 102";"";"1";"";"A05";"A0502";"A05020200";"2495463";"39";"20170103090052";"http://tong.visitkorea.or.kr/cms/resource/62/2495162_image2_1.JPG";"http://tong.visitkorea.or.kr/cms/resource/62/2495162_image2_1.JPG";"Type3";"126.9975352006";"37.5930570609";"6";"20231117172501";"17";"02-742-1020";"모짜(MOZZA)";"02837";0
"성북구 창경궁로43길 14";"";"1";"";"A05";"A0502";"A05020200";"2495465";"39";"20170106090014";"http://tong.visitkorea.or.kr/cms/resource/66/2495166_image2_1.JPG";"http://tong.visitkorea.or.kr/cms/resource/66/2495166_image2_1.JPG";"Type3";"127.0044124790";"37.5885854822";"6";"20230705133433";"17";"02-766-0827";"봉파레트";"02880";0
"성북구 동소문로 7-3";"";"1";"";"A05";"A0502";"A05020700";"2495467";"39";"20170103090005";"http://tong.visitkorea.or.kr/cms/resource/68/2495168_image2_1.JPG";"http://tong.visitkorea.or.kr/cms/resource/68/2495168_image2_1.JPG";"Type3";"127.0067233635";"37.5891437923";"6";"20230530152210";"17";"0507-1442-8924";"비타포";"02833";0
"제주시 애월읍 하광로 518";"";"39";"";"B02";"B0201";"B02010900";"2498670";"32";"20170704020633";"http://tong.visitkorea.or.kr/cms/resource/43/2498643_image2_1.jpg";"http://tong.visitkorea.or.kr/cms/resource/43/2498643_image2_1.jpg";"Type3";"126.4301213796";"33.4453932160";"6";"20230915143223";"4";"064-727-1000";"나인스파빌";"63062";0
"평창군 봉평면 흥정계곡1길 35-6";"";"32";"";"B02";"B0201";"B02010700";"2498993";"32";"20170706192200";"http://tong.visitkorea.or.kr/cms/resource/61/2498961_image2_1.jpg";"http://tong.visitkorea.or.kr/cms/resource/61/2498961_image2_1.jpg";"Type3";"128.3477003389";"37.6355493271";"6";"20231110150809";"15";"010-3414-0487";"벤치하우스 펜션";"25300";0
"거제시 사등면 덕호리";"";"36";"0";"A02";"A0205";"A02050100";"249970";"12";"20040119090000";"http://tong.visitkorea.or.kr/cms/resource/90/3039790_image2_1.JPG";"http://tong.visitkorea.or.kr/cms/resource/90/3039790_image3_1.JPG";"Type3";"128.4764387198";"34.8837038163";"6";"20231115135228";"1";"";"거제대교";"656-880,1";0
"진주시 진주대로 901";"";"36";"";"A05";"A0502";"A05020100";"2499812";"39";"20170713233258";"http://tong.visitkorea.or.kr/cms/resource/10/2499810_image2_1.JPG";"http://tong.visitkorea.or.kr/cms/resource/10/2499810_image2_1.JPG";"Type3";"128.0894702518";"35.1810802245";"6";"20230321140251";"13";"055-757-6333, 055-757-1666";"삼성패밀리뷔페";"52709";0
"강릉시 경강로2024번길 17-1";"";"32";"";"A05";"A0502";"A05020900";"2499926";"39";"20170714191622";"http://tong.visitkorea.or.kr/cms/resource/23/2499723_image2_1.jpg";"http://tong.visitkorea.or.kr/cms/resource/23/2499723_image3_1.jpg";"Type3";"128.8924032449";"37.7510436743";"6";"20230703160745";"1";"033-647-1711";"봉봉방앗간";"25538";0
"성남시 분당구 판교로 628";"";"31";"0";"A01";"A0101";"A01010500";"2500244";"12";"20170718233127";"http://tong.visitkorea.or.kr/cms/resource/08/3055208_image2_1.jpg";"http://tong.visitkorea.or.kr/cms/resource/08/3055208_image3_1.jpg";"Type3";"127.1420273727";"37.4052842366";"6";"20231213151924";"12";"";"맹산환경생태학습원";"13516";0
"구미시 산동읍 인덕1길 195";"";"35";"0";"A02";"A0204";"A02040800";"2500326";"12";"20170719192554";"http://tong.visitkorea.or.kr/cms/resource/34/2687434_image2_1.jpg";"http://tong.visitkorea.or.kr/cms/resource/34/2687434_image3_1.jpg";"Type3";"128.4624880456";"36.1771549055";"6";"20231205155558";"4";"";"구미에코랜드";"39159";0
"서초구 강남대로 27";"(양재동)";"1";"";"A02";"A0207";"A02070200";"2500608";"15";"20170720230404";"http://tong.visitkorea.or.kr/cms/resource/79/3018379_image2_1.jpg";"http://tong.visitkorea.or.kr/cms/resource/79/3018379_image3_1.jpg";"Type3";"127.0390127336";"37.4683111849";"6";"20240206130654";"15";"02-588-2489";"서울커피앤티페어";"06774";0
"양양군 현남면 갯마을길 42-20";"";"32";"";"A03";"A0303";"A03030100";"2500865";"28";"20170724183720";"http://tong.visitkorea.or.kr/cms/resource/57/2500857_image2_1.jpg";"http://tong.visitkorea.or.kr/cms/resource/57/2500857_image2_1.jpg";"Type3";"128.7789684675";"37.9486463554";"6";"20230701140816";"7";"010-2331-7590";"롱비치 서프스쿨";"25057";0
"무주군 설천면";"소천리 산85";"37";"0";"A01";"A0102";"A01020200";"250140";"12";"20060731090000";"http://tong.visitkorea.or.kr/cms/resource/88/3064488_image2_1.JPG";"http://tong.visitkorea.or.kr/cms/resource/88/3064488_image3_1.JPG";"Type3";"127.7952077662";"35.9956856242";"6";"20240419173006";"5";"";"라제통문";"55554";0
"평택시 포승읍";"";"31";"0";"A02";"A0205";"A02050100";"250160";"12";"20060731090000";"http://tong.visitkorea.or.kr/cms/resource/72/3023672_image2_1.JPG";"http://tong.visitkorea.or.kr/cms/resource/72/3023672_image3_1.JPG";"Type3";"126.8321237196";"36.9483676960";"6";"20231024144034";"28";"";"서해대교";"17961";0
"진주시 진산로 355";"(장재동)";"36";"";"A05";"A0502";"A05020100";"2501877";"39";"20170731183047";"http://tong.visitkorea.or.kr/cms/resource/36/2501836_image2_1.jpeg";"http://tong.visitkorea.or.kr/cms/resource/36/2501836_image2_1.jpeg";"Type3";"128.1007655275";"35.2173069062";"6";"20230112141349";"13";"055-763-6400";"경호강 어탕";"52730";0
"영월군 남면 별방창원로 1423";"";"32";"";"A05";"A0502";"A05020100";"2502255";"39";"20170803184313";"http://tong.visitkorea.or.kr/cms/resource/47/2502247_image2_1.jpg";"http://tong.visitkorea.or.kr/cms/resource/47/2502247_image2_1.jpg";"Type3";"128.3752229303";"37.1663401153";"6";"20230702100545";"8";"033-372-1589";"산들바람";"26218";0
"강동구 선사로 83-66";"";"1";"0";"A02";"A0202";"A02020700";"250252";"12";"20070921090000";"http://tong.visitkorea.or.kr/cms/resource/01/1567801_image2_1.jpg";"http://tong.visitkorea.or.kr/cms/resource/01/1567801_image3_1.jpg";"Type3";"127.1222583979";"37.5499698690";"6";"20230208155615";"2";"";"광나루한강공원";"05249";0
"공주시 금성동";"";"34";"0";"A02";"A0201";"A02010700";"250257";"12";"20071017090000";"http://tong.visitkorea.or.kr/cms/resource/79/2734979_image2_1.jpg";"http://tong.visitkorea.or.kr/cms/resource/79/2734979_image2_1.jpg";"Type3";"127.1175998755";"36.4695139254";"6";"20230414093449";"1";"";"공주 정지산 유적";"32535";0
"김해시 김해대로2529번길 72-22";"\";"36";"";"B02";"B0201";"B02010900";"2502642";"32";"20170808224734";"http://tong.visitkorea.or.kr/cms/resource/13/2502613_image2_1.jpg";"http://tong.visitkorea.or.kr/cms/resource/13/2502613_image2_1.jpg";"Type3";"128.9037642749";"35.2347889109";"6";"20230830172650";"4";"055-338-6831";"김해 넘버25호텔";"50930";0
"서구 대덕대로317번길 9 (월평동)";"";"3";"0";"A02";"A0201";"A02010700";"250279";"12";"20071018090000";"http://tong.visitkorea.or.kr/cms/resource/76/3033576_image2_1.JPG";"http://tong.visitkorea.or.kr/cms/resource/76/3033576_image3_1.JPG";"Type3";"127.3789543940";"36.3609976417";"6";"20231107151652";"3";"";"둔산선사유적지";"35214";0
"강화군 선원면 선원사지로 222";"";"2";"0";"A02";"A0201";"A02010700";"250304";"12";"20071022090000";"http://tong.visitkorea.or.kr/cms/resource/47/1577247_image2_1.jpg";"http://tong.visitkorea.or.kr/cms/resource/47/1577247_image3_1.jpg";"Type3";"126.4924889291";"37.7188250962";"6";"20230414170603";"1";"";"강화 선원사지";"23042";0
"종로구 창경궁로 229";"";"1";"";"A04";"A0401";"A04010600";"2503117";"38";"20170815001347";"http://tong.visitkorea.or.kr/cms/resource/13/2503113_image2_1.jpg";"http://tong.visitkorea.or.kr/cms/resource/13/2503113_image2_1.jpg";"Type3";"126.9978910234";"37.5825082936";"6";"20231114105235";"23";"";"고궁마실";"03073";0
"중구 정동길 46";"(정동)";"1";"0";"A02";"A0201";"A02010900";"250325";"12";"20071023090000";"http://tong.visitkorea.or.kr/cms/resource/49/1955149_image2_1.jpg";"http://tong.visitkorea.or.kr/cms/resource/49/1955149_image3_1.jpg";"Type3";"126.9723466121";"37.5654653714";"6";"20230322112154";"24";"";"서울 정동교회";"04516";0
"중구 청파로 447-1";"(중림동)";"1";"0";"A02";"A0201";"A02010900";"250330";"12";"20071023090000";"http://tong.visitkorea.or.kr/cms/resource/81/1981981_image2_1.jpg";"http://tong.visitkorea.or.kr/cms/resource/81/1981981_image3_1.jpg";"Type3";"126.9674194623";"37.5591437954";"6";"20230327152047";"24";"";"서울 약현성당";"04506";0
"곡성군 오곡면 덕양서원길 42";"(오곡면)";"38";"0";"A02";"A0201";"A02010700";"250346";"12";"20071023090000";"http://tong.visitkorea.or.kr/cms/resource/76/757476_image2_1.jpg";"http://tong.visitkorea.or.kr/cms/resource/76/757476_image3_1.jpg";"Type3";"127.3104616470";"35.2634267543";"6";"20240201150645";"3";"";"덕양서원(곡성)";"57529";0
"중구 남산공원길 125-72";"(예장동)";"1";"0";"A02";"A0201";"A02010200";"250350";"12";"20071024090000";"http://tong.visitkorea.or.kr/cms/resource/77/592977_image2_1.jpg";"http://tong.visitkorea.or.kr/cms/resource/77/592977_image3_1.jpg";"Type3";"126.9872817336";"37.5523504964";"6";"20231211120548";"24";"";"목멱산봉수대터";"04628";0
"곡성군 입면 제월리";"";"38";"0";"A02";"A0201";"A02010700";"250354";"12";"20071024090000";"http://tong.visitkorea.or.kr/cms/resource/79/2516079_image2_1.jpg";"http://tong.visitkorea.or.kr/cms/resource/79/2516079_image2_1.jpg";"Type3";"127.2202319938";"35.3224935275";"6";"20230412133917";"3";"";"곡성 함허정";"57511";0
"종로구 우정국로 59";"(견지동)";"1";"1";"A02";"A0201";"A02010700";"250358";"12";"20071024090000";"http://tong.visitkorea.or.kr/cms/resource/51/1568051_image2_1.jpg";"http://tong.visitkorea.or.kr/cms/resource/51/1568051_image3_1.jpg";"Type3";"126.9825759817";"37.5744256247";"6";"20230405103226";"23";"";"서울 우정총국";"03144";0
"속초시 설악산로 1091";"(설악동)";"32";"0";"A01";"A0102";"A01020200";"250359";"12";"20071024090000";"http://tong.visitkorea.or.kr/cms/resource/78/2733278_image2_1.jpg";"http://tong.visitkorea.or.kr/cms/resource/78/2733278_image3_1.jpg";"Type3";"128.4670622688";"38.1640791568";"6";"20230703185601";"5";"";"비선대";"24903";0
"종로구 대학로 101";"(연건동)";"1";"0";"A02";"A0201";"A02010700";"250360";"12";"20071024090000";"http://tong.visitkorea.or.kr/cms/resource/29/1554829_image2_1.jpg";"http://tong.visitkorea.or.kr/cms/resource/29/1554829_image3_1.jpg";"Type3";"126.9990326638";"37.5797669664";"6";"20230821143759";"23";"";"서울 대한의원";"03080";0
"종로구 이화장길 81";"(동숭동)";"1";"0";"A02";"A0201";"A02010700";"250361";"12";"20071024090000";"http://tong.visitkorea.or.kr/cms/resource/72/2031872_image2_1.jpg";"http://tong.visitkorea.or.kr/cms/resource/72/2031872_image3_1.jpg";"Type3";"127.0032406515";"37.5784255307";"6";"20230919134717";"23";"";"구공업전습소본관";"03087";0
"고양시 덕양구 대양로285번길 33-13 (고양동)";"";"31";"0";"A02";"A0201";"A02010700";"250395";"12";"20071025090000";"http://tong.visitkorea.or.kr/cms/resource/72/1591672_image2_1.jpg";"http://tong.visitkorea.or.kr/cms/resource/72/1591672_image3_1.jpg";"Type3";"126.8948164330";"37.7037256750";"2";"20240129121413";"2";"";"고양향교";"10273";0
"산청군 신안면 문익점로 34-32";"";"36";"0";"A02";"A0201";"A02010700";"250405";"12";"20071026090000";"http://tong.visitkorea.or.kr/cms/resource/50/793250_image2_1.jpg";"http://tong.visitkorea.or.kr/cms/resource/50/793250_image3_1.jpg";"Type3";"127.9528783836";"35.3274529862";"6";"20231117095257";"9";"";"도천서원";"52261";0
"산청군 시천면 남명로 310-8";"(시천면) 산천재관리사무소";"36";"0";"A01";"A0102";"A01020100";"250406";"12";"20071026090000";"http://tong.visitkorea.or.kr/cms/resource/75/2486375_image2_1.jpg";"http://tong.visitkorea.or.kr/cms/resource/75/2486375_image2_1.jpg";"Type3";"127.8489966382";"35.2976322883";"6";"20230714155137";"9";"";"산천재 남명매";"52234";0
"산청군 단성면 호암로673번길 12-1";"(단성면) 부근";"36";"0";"A01";"A0102";"A01020100";"250407";"12";"20071026090000";"http://tong.visitkorea.or.kr/cms/resource/45/2485045_image2_1.jpg";"http://tong.visitkorea.or.kr/cms/resource/45/2485045_image2_1.jpg";"Type3";"127.8997221113";"35.3212277466";"6";"20230329100720";"9";"";"단속사 정당매";"52241";0
"산청군 생초면 산수로 1064";"";"36";"0";"A02";"A0206";"A02060300";"250413";"12";"20071026090000";"http://tong.visitkorea.or.kr/cms/resource/07/2771207_image2_1.jpg";"http://tong.visitkorea.or.kr/cms/resource/07/2771207_image2_1.jpg";"Type3";"127.8313541669";"35.4924099917";"6";"20230203104035";"9";"";"생초국제조각공원";"52203";0
"함안군 함안면 괴산4길 25";"";"36";"0";"A02";"A0201";"A02010700";"250417";"12";"20071026090000";"http://tong.visitkorea.or.kr/cms/resource/90/2545090_image2_1.jpg";"http://tong.visitkorea.or.kr/cms/resource/90/2545090_image3_1.jpg";"Type3";"128.4227724064";"35.2554583856";"6";"20230914130934";"19";"";"무진정(함안)";"52051";0
"함안군 칠북면 봉촌2길 277";"(칠북면)";"36";"0";"A02";"A0201";"A02010700";"250419";"12";"20071026090000";"http://tong.visitkorea.or.kr/cms/resource/71/2484471_image2_1.jpg";"http://tong.visitkorea.or.kr/cms/resource/71/2484471_image2_1.jpg";"Type3";"128.5585266977";"35.3765694462";"6";"20231016161055";"19";"";"광심정";"52005";0
"창원시 마산합포구 자산동";"118";"36";"0";"A02";"A0201";"A02010700";"250427";"12";"20071029090000";"http://tong.visitkorea.or.kr/cms/resource/36/3071836_image2_1.jpg";"http://tong.visitkorea.or.kr/cms/resource/36/3071836_image3_1.jpg";"Type3";"128.5686277214";"35.2031252361";"6";"20231215180902";"16";"";"몽고정";"51254";0
"창원시 마산합포구 관해정길 17";"";"36";"0";"A02";"A0201";"A02010700";"250428";"12";"20071029090000";"http://tong.visitkorea.or.kr/cms/resource/64/2484464_image2_1.jpg";"http://tong.visitkorea.or.kr/cms/resource/64/2484464_image2_1.jpg";"Type3";"128.5617225497";"35.2112741959";"6";"20230802202735";"16";"";"관해정";"51269";0
"고흥군 풍양면 대청길 33-11";"";"38";"0";"A02";"A0202";"A02020700";"250440";"12";"20071029090000";"http://tong.visitkorea.or.kr/cms/resource/82/2043882_image2_1.jpg";"http://tong.visitkorea.or.kr/cms/resource/82/2043882_image3_1.jpg";"Type3";"127.2353522997";"34.5723920566";"6";"20230922173944";"2";"";"고흥 유자공원";"59548";0
"광산구 광곡길 133";"";"5";"0";"A02";"A0201";"A02010700";"250450";"12";"20071030090000";"http://tong.visitkorea.or.kr/cms/resource/32/741232_image2_1.jpg";"http://tong.visitkorea.or.kr/cms/resource/32/741232_image3_1.jpg";"Type3";"126.7452012233";"35.2358674659";"6";"20230601111954";"1";"";"빙월당";"62200";0
"중구 삼일대로 362";"";"1";"";"B02";"B0201";"B02010100";"2504510";"32";"20170828231554";"http://tong.visitkorea.or.kr/cms/resource/66/2504466_image2_1.jpg";"http://tong.visitkorea.or.kr/cms/resource/66/2504466_image2_1.jpg";"Type3";"126.9880590273";"37.5669377042";"6";"20230602162631";"24";"02-6112-1000";"롯데시티호텔 명동";"04542";0
"음성군 소이면 소이로61번길 164";"";"33";"0";"A02";"A0201";"A02010800";"250455";"12";"20071030090000";"http://tong.visitkorea.or.kr/cms/resource/25/3064325_image2_1.jpg";"http://tong.visitkorea.or.kr/cms/resource/25/3064325_image3_1.jpg";"Type3";"127.7300814159";"36.9553746485";"6";"20231210120747";"6";"";"미타사(음성)";"27709";0
"음성군 음성읍 용광로230번길 138";"";"33";"0";"A01";"A0101";"A01010700";"250456";"12";"20071030090000";"http://tong.visitkorea.or.kr/cms/resource/02/1077202_image2_1.jpg";"http://tong.visitkorea.or.kr/cms/resource/02/1077202_image3_1.jpg";"Type3";"127.6911150050";"36.9720192434";"6";"20240202155143";"6";"043-871-5921";"봉학골산림욕장";"27688";0
"남원시 운봉읍 비전길 7";"";"37";"0";"A02";"A0201";"A02010600";"250458";"12";"202401181743";"http://tong.visitkorea.or.kr/cms/resource/44/2535744_image2_1.jpg";"http://tong.visitkorea.or.kr/cms/resource/44/2535744_image2_1.jpg";"Type3";"127.5627232241";"35.4580397018";"6";"20240118174312";"4";"";"동편제탯자리";"55717";0
"원주시 지정면 월송석화로 288";"";"32";"";"A05";"A0502";"A05020100";"2504597";"39";"20170829015917";"http://tong.visitkorea.or.kr/cms/resource/03/2504403_image2_1.jpg";"http://tong.visitkorea.or.kr/cms/resource/03/2504403_image2_1.jpg";"Type3";"127.8538632620";"37.3921737617";"6";"20230702101046";"9";"033-748-5252";"섬강풍경";"26358";0
"마포구 와우산로27길 70";"";"1";"";"A05";"A0502";"A05020700";"250564";"39";"20071019090000";"http://tong.visitkorea.or.kr/cms/resource/22/1289422_image2_1.jpg";"http://tong.visitkorea.or.kr/cms/resource/22/1289422_image3_1.jpg";"Type3";"126.9249762108";"37.5555323440";"6";"20231211112930";"13";"02-6052-3989";"산띠";"04053";0
"종로구 율곡로3길 4 (안국동)";"";"1";"";"A02";"A0207";"A02070200";"2505657";"15";"20170906020305";"http://tong.visitkorea.or.kr/cms/resource/50/2752850_image2_1.jpg";"http://tong.visitkorea.or.kr/cms/resource/50/2752850_image2_1.jpg";"Type3";"126.9831814373";"37.5760060076";"6";"20240206130654";"23";"02-323-2053";"서울무형문화축제";"03061";0
"유성구 대덕대로 588";"2층";"3";"";"A05";"A0502";"A05020700";"250577";"39";"20071023090000";"http://tong.visitkorea.or.kr/cms/resource/78/3032478_image2_1.JPG";"http://tong.visitkorea.or.kr/cms/resource/78/3032478_image3_1.JPG";"Type3";"127.3788898499";"36.3853504089";"6";"20231106180706";"4";"042-861-7557";"가남지";"34121";0
"구로구 디지털로 300";"";"1";"";"B02";"B0201";"B02010100";"2505908";"32";"20170908015239";"http://tong.visitkorea.or.kr/cms/resource/65/2505865_image2_1.jpg";"http://tong.visitkorea.or.kr/cms/resource/65/2505865_image2_1.jpg";"Type3";"126.8966252225";"37.4850844673";"6";"20230323144649";"7";"02-6210-1000";"롯데시티호텔 구로";"08379";0
"충주시 동량면 동산로 54";"";"33";"";"B02";"B0201";"B02010900";"250596";"32";"20071017090000";"http://tong.visitkorea.or.kr/cms/resource/42/1853042_image2_1.jpg";"http://tong.visitkorea.or.kr/cms/resource/42/1853042_image3_1.jpg";"Type3";"127.9693412292";"37.0260375782";"6";"20230329145553";"11";"043-852-8253";"발렌타인모텔";"27320";0
"마포구 월드컵북로 109 (성산동)";"지하1호";"1";"0";"A02";"A0203";"A02030400";"2507433";"12";"20170913005852";"http://tong.visitkorea.or.kr/cms/resource/24/2507424_image2_1.jpg";"http://tong.visitkorea.or.kr/cms/resource/24/2507424_image2_1.jpg";"Type3";"126.9135964825";"37.5629646096";"6";"20240402115812";"23";"";"삼해소주";"03966";0
"화성시 큰재봉길 31-15";"";"31";"";"B02";"B0201";"B02010900";"2507786";"32";"20170918193219";"http://tong.visitkorea.or.kr/cms/resource/50/2507750_image2_1.JPG";"http://tong.visitkorea.or.kr/cms/resource/50/2507750_image2_1.JPG";"Type3";"127.0787078262";"37.2181186682";"6";"20231017141226";"31";"031-8003-8213";"벨호텔";"18450";0
"강남구 영동대로 513";"";"1";"0";"A02";"A0206";"A02060900";"2507822";"14";"20170918223924";"http://tong.visitkorea.or.kr/cms/resource/17/2507817_image2_1.JPG";"http://tong.visitkorea.or.kr/cms/resource/17/2507817_image2_1.JPG";"Type3";"127.0591318945";"37.5118092746";"6";"20240115144714";"1";"";"별마당도서관";"06164";0
"봉화군 춘양면 춘양로 1501";"";"35";"0";"A01";"A0101";"A01010700";"2508220";"12";"20170921025636";"http://tong.visitkorea.or.kr/cms/resource/34/3073134_image2_1.jpg";"http://tong.visitkorea.or.kr/cms/resource/34/3073134_image3_1.jpg";"Type3";"128.8299535859";"37.0081335894";"6";"20240418110309";"8";"";"국립백두대간수목원";"36209";0
"여수시 돌산읍 돌산로 3617-7";"(돌산읍)";"38";"0";"A02";"A0205";"A02050100";"2508502";"12";"20170923020926";"http://tong.visitkorea.or.kr/cms/resource/21/2653421_image2_1.jpg";"http://tong.visitkorea.or.kr/cms/resource/21/2653421_image3_1.jpg";"Type3";"127.7371127721";"34.7302246350";"6";"20240123103648";"13";"";"돌산대교";"59768";0
"문경시 문경읍 새재로 932";"문경새재 야외공연장";"36";"";"A02";"A0207";"A02070200";"2512463";"15";"20171025020857";"http://tong.visitkorea.or.kr/cms/resource/36/3033936_image2_1.jpg";"http://tong.visitkorea.or.kr/cms/resource/36/3033936_image2_1.jpg";"Type3";"128.0770113639";"36.7616504930";"6";"20240206130654";"15";"02-723-8677";"생태관광 페스티벌";"36919";0
"평창군 봉평면 태기로 68";"";"32";"";"A05";"A0502";"A05020900";"2512982";"39";"20171026225146";"http://tong.visitkorea.or.kr/cms/resource/02/2512902_image2_1.jpg";"http://tong.visitkorea.or.kr/cms/resource/02/2512902_image3_1.jpg";"Type3";"128.3200597682";"37.5896707772";"6";"20230719160446";"15";"033-332-2649";"꼬로베이";"25306";0
"삼척시 근덕면 삼척로 2154-31";"";"32";"0";"A02";"A0203";"A02030400";"2513410";"12";"20171031202817";"http://tong.visitkorea.or.kr/cms/resource/02/2513402_image2_1.jpg";"http://tong.visitkorea.or.kr/cms/resource/02/2513402_image2_1.jpg";"Type3";"129.3085218382";"37.2891439362";"6";"20230703084208";"4";"";"삼척해상케이블카";"25938";0
"속초시 바람꽃마을길 164";"(노학동)";"32";"0";"A01";"A0101";"A01010700";"2513888";"12";"20171101202116";"http://tong.visitkorea.or.kr/cms/resource/41/2733241_image2_1.jpg";"http://tong.visitkorea.or.kr/cms/resource/41/2733241_image3_1.jpg";"Type3";"128.5250448649";"38.1970097802";"6";"20230802210614";"5";"";"설악산 자생식물원";"24867";0
"속초시 미시령로 3054";"";"32";"0";"A02";"A0206";"A02060100";"2513889";"14";"20171101202520";"http://tong.visitkorea.or.kr/cms/resource/41/2732841_image2_1.jpg";"http://tong.visitkorea.or.kr/cms/resource/41/2732841_image3_1.jpg";"Type3";"128.5404766211";"38.2025955406";"6";"20230701105008";"5";"";"국립산악박물관";"24859";0
"칠곡군 왜관읍 가실1길 1";"";"35";"0";"A02";"A0201";"A02010900";"2513971";"12";"20171102234940";"http://tong.visitkorea.or.kr/cms/resource/86/2687486_image2_1.jpg";"http://tong.visitkorea.or.kr/cms/resource/86/2687486_image3_1.jpg";"Type3";"128.4049220662";"35.9368172454";"6";"20230622133500";"22";"";"가실성당";"39912";0
"강진군 도암면 신기리";"";"38";"0";"A02";"A0205";"A02050100";"2514003";"12";"20171103004852";"http://tong.visitkorea.or.kr/cms/resource/74/2648674_image2_1.jpg";"http://tong.visitkorea.or.kr/cms/resource/74/2648674_image3_1.jpg";"Type3";"126.7717356912";"34.5288669609";"6";"20240311163940";"1";"";"가우도 출렁다리";"59251";0
"김해시 진영읍 봉하로 103-1";"";"36";"0";"A02";"A0203";"A02030100";"2514460";"12";"20171107234824";"http://tong.visitkorea.or.kr/cms/resource/97/2656497_image2_1.jpg";"http://tong.visitkorea.or.kr/cms/resource/97/2656497_image3_1.jpg";"Type3";"128.7712403745";"35.3130110311";"6";"20240108135349";"4";"";"봉하마을";"50856";0
"용인시 처인구 모현읍 파담로 140-23";"";"31";"";"A05";"A0502";"A05020100";"2514616";"39";"20171109184403";"http://tong.visitkorea.or.kr/cms/resource/05/2514605_image2_1.jpg";"http://tong.visitkorea.or.kr/cms/resource/05/2514605_image2_1.jpg";"Type3";"127.2432761204";"37.3211402549";"6";"20230116135416";"23";"031-333-9470";"갈담부대찌개";"17036";0
"이천시 마장면 작촌로 282";"";"31";"0";"A01";"A0101";"A01010700";"2514731";"12";"20171110185629";"http://tong.visitkorea.or.kr/cms/resource/19/2554019_image2_1.jpg";"http://tong.visitkorea.or.kr/cms/resource/19/2554019_image3_1.jpg";"Type3";"127.3372034579";"37.2323161176";"6";"20230802191924";"26";"";"덕평공룡수목원";"17388";0
"사천시 사천대로 17";"";"36";"0";"A02";"A0205";"A02050100";"2514738";"12";"20171110191940";"http://tong.visitkorea.or.kr/cms/resource/56/2716456_image2_1.jpg";"http://tong.visitkorea.or.kr/cms/resource/56/2716456_image3_1.jpg";"Type3";"128.0522577966";"34.9324602603";"6";"20240112132537";"8";"";"삼천포대교공원";"52555";0
"사천시 유람선길 176";"";"36";"";"A04";"A0401";"A04010600";"2514779";"38";"20171110222249";"http://tong.visitkorea.or.kr/cms/resource/20/3040220_image2_1.jpg";"http://tong.visitkorea.or.kr/cms/resource/20/3040220_image3_1.jpg";"Type3";"128.0678343542";"34.9270083693";"6";"20231115151502";"8";"055-833-4354";"삼천포수협회센터";"52569";0
"고성군 죽왕면 문암진리";"";"32";"0";"A02";"A0201";"A02010700";"2514847";"12";"20171111003838";"http://tong.visitkorea.or.kr/cms/resource/16/3016316_image2_1.jpg";"http://tong.visitkorea.or.kr/cms/resource/16/3016316_image3_1.jpg";"Type3";"128.5444286243";"38.3047587164";"6";"20230926173649";"2";"";"고성 문암리 유적";"24752";0
"원주시 호저면 호저로 1277-43";"양잠테마단지 내";"32";"";"A02";"A0207";"A02070200";"2517217";"15";"20171123223259";"http://tong.visitkorea.or.kr/cms/resource/50/3026350_image2_1.jpg";"http://tong.visitkorea.or.kr/cms/resource/50/3026350_image3_1.jpg";"Type3";"127.9154662381";"37.4800230785";"6";"20231114131028";"9";"033-766-0207";"고니골빛축제";"26302";0
"단양군 가곡면 두산길 196-91";"";"33";"";"A03";"A0304";"A03040300";"2518166";"28";"20171129191333";"http://tong.visitkorea.or.kr/cms/resource/61/2518161_image2_1.jpg";"http://tong.visitkorea.or.kr/cms/resource/61/2518161_image2_1.jpg";"Type3";"128.3947595726";"36.9936742244";"6";"20240417174057";"2";"";"단양 패러일번지";"27021";0
"단양군 적성면 옷바위길 10";"";"33";"";"A02";"A0205";"A02050600";"2519536";"28";"20171206234507";"http://tong.visitkorea.or.kr/cms/resource/73/2618373_image2_1.jpg";"http://tong.visitkorea.or.kr/cms/resource/73/2618373_image3_1.jpg";"Type3";"128.3370707587";"36.9776749798";"6";"20240321101122";"2";"";"만천하 스카이워크";"27014";0
"부여군 충화면 충신로 616";"";"34";"0";"A02";"A0202";"A02020600";"251994";"12";"20051005090000";"http://tong.visitkorea.or.kr/cms/resource/43/2366343_image2_1.jpg";"http://tong.visitkorea.or.kr/cms/resource/43/2366343_image3_1.jpg";"Type3";"126.8236765152";"36.1452959308";"6";"20231016135133";"6";"";"서동요 테마파크";"33213";0
"종로구 새문안로5길 11-1";"";"1";"";"A05";"A0502";"A05020300";"2521422";"39";"20171212184926";"http://tong.visitkorea.or.kr/cms/resource/00/2521400_image2_1.jpg";"http://tong.visitkorea.or.kr/cms/resource/00/2521400_image2_1.jpg";"Type3";"126.9746934558";"37.5712897367";"6";"20231019131726";"23";"02-733-0815";"상인정신";"03182";0
"강화군 송해면 상도숭뢰길 183";"";"2";"";"B02";"B0201";"B02010900";"2521964";"32";"20171213190249";"http://tong.visitkorea.or.kr/cms/resource/51/2521951_image2_1.JPG";"http://tong.visitkorea.or.kr/cms/resource/51/2521951_image2_1.JPG";"Type3";"126.4771467709";"37.7866919073";"6";"20230524172521";"1";"032-930-7058, 7062";"강화평화빌리지";"23020";0
"강화군 내가면 강화서로227번길 91";"";"2";"";"A03";"A0302";"A03021700";"2522131";"28";"20171214015548";"http://tong.visitkorea.or.kr/cms/resource/17/2522117_image2_1.JPG";"http://tong.visitkorea.or.kr/cms/resource/17/2522117_image2_1.JPG";"Type3";"126.3805742237";"37.7175371673";"6";"20240311162340";"1";"032-930-7056~7";"덕산국민여가캠핑장";"23018";0
"화성시 남양읍 시청로 290";"";"31";"";"B02";"B0201";"B02010100";"2522312";"32";"20171214184347";"http://tong.visitkorea.or.kr/cms/resource/67/2721267_image2_1.jpg";"http://tong.visitkorea.or.kr/cms/resource/67/2721267_image2_1.jpg";"Type3";"126.8386276052";"37.1900732009";"6";"20240307170739";"31";"031-268-1000";"롤링힐스호텔";"18278";0
"강화군 하점면 강화대로 994-33";"";"2";"0";"A02";"A0206";"A02060100";"2523291";"14";"20171218225634";"http://tong.visitkorea.or.kr/cms/resource/86/2523286_image2_1.jpg";"http://tong.visitkorea.or.kr/cms/resource/86/2523286_image2_1.jpg";"Type3";"126.4347260016";"37.7745647975";"6";"20230422123644";"1";"";"강화자연사박물관";"23014";0
"평창군 평창읍 고길천로 105";"";"32";"0";"A02";"A0203";"A02030400";"2524116";"12";"20170831090043";"http://tong.visitkorea.or.kr/cms/resource/00/2531500_image2_1.jpg";"http://tong.visitkorea.or.kr/cms/resource/00/2531500_image2_1.jpg";"Type3";"128.4388806611";"37.3688513197";"6";"20231031100358";"15";"";"감자꽃 스튜디오";"25370";0
"공주시 수원지공원길 222";"(금학동)";"34";"0";"A02";"A0203";"A02030100";"2524982";"12";"20170831090001";"http://tong.visitkorea.or.kr/cms/resource/06/2690606_image2_1.jpg";"http://tong.visitkorea.or.kr/cms/resource/06/2690606_image3_1.jpg";"Type3";"127.1193231588";"36.4244107932";"6";"20230321101833";"1";"";"공주 산림휴양마을";"32602";0
"강남구 봉은사로38길 4";"";"1";"";"A05";"A0502";"A05020100";"2525487";"39";"20171226184016";"http://tong.visitkorea.or.kr/cms/resource/50/2525450_image2_1.jpg";"http://tong.visitkorea.or.kr/cms/resource/50/2525450_image2_1.jpg";"Type3";"127.0372062218";"37.5079398853";"6";"20230330131323";"1";"02-517-4322";"나능이";"06135";0
"양주시 장흥면 북한산로 1028";"";"31";"";"A05";"A0502";"A05020100";"2525533";"39";"20171226190132";"http://tong.visitkorea.or.kr/cms/resource/27/2525527_image2_1.jpg";"http://tong.visitkorea.or.kr/cms/resource/27/2525527_image2_1.jpg";"Type3";"126.9712897230";"37.7135870113";"6";"20230221101142";"18";"031-861-4800";"가마골백숙";"11523";0
"파주시 장단면 제3땅굴로 310";"";"31";"0";"A02";"A0205";"A02050600";"252560";"12";"20071031090000";"http://tong.visitkorea.or.kr/cms/resource/86/2706486_image2_1.jpg";"http://tong.visitkorea.or.kr/cms/resource/86/2706486_image2_1.jpg";"Type3";"126.7047863286";"37.9088872381";"6";"20230512181342";"27";"";"도라전망대";"10800";0
"영도구 남항로9번길 41";"";"6";"0";"A02";"A0205";"A02050100";"252562";"12";"20071101090000";"http://tong.visitkorea.or.kr/cms/resource/75/3031875_image2_1.JPG";"http://tong.visitkorea.or.kr/cms/resource/75/3031875_image3_1.JPG";"Type3";"129.0385091058";"35.0960180495";"6";"20231106151620";"14";"";"부산대교";"49045";0
"상주시 화북면 장암리";"";"35";"0";"A02";"A0201";"A02010200";"252566";"12";"20071101090000";"http://tong.visitkorea.or.kr/cms/resource/63/3031063_image2_1.jpg";"http://tong.visitkorea.or.kr/cms/resource/63/3031063_image3_1.jpg";"Type3";"127.8993602813";"36.5756268834";"6";"20231107181609";"9";"";"견훤산성";"37102";0
"양양군 양양읍 월리 553";"";"32";"0";"A01";"A0101";"A01011800";"252571";"12";"20071101090000";"http://tong.visitkorea.or.kr/cms/resource/49/2746849_image2_1.jpg";"http://tong.visitkorea.or.kr/cms/resource/49/2746849_image3_1.jpg";"Type3";"128.6128187705";"38.0653601295";"6";"20230830113354";"7";"";"남대천";"";0
"창원시 성산구 삼귀로 263";"(귀산동) 부근";"36";"0";"A01";"A0101";"A01011100";"252574";"12";"20071101090000";"http://tong.visitkorea.or.kr/cms/resource/29/2486429_image2_1.jpg";"http://tong.visitkorea.or.kr/cms/resource/29/2486429_image2_1.jpg";"Type3";"128.6107532744";"35.1490181838";"6";"20230728110348";"16";"";"삼귀해안";"51705";0
"부안군 변산면 부안댐로 281";"";"37";"0";"A02";"A0205";"A02050600";"252580";"12";"202401181743";"http://tong.visitkorea.or.kr/cms/resource/87/1604287_image2_1.jpg";"http://tong.visitkorea.or.kr/cms/resource/87/1604287_image3_1.jpg";"Type3";"126.5644257488";"35.6728426248";"6";"20240118174312";"6";"";"부안다목적댐";"56343";0
"영동군 황간면 백화산로 652";"";"33";"0";"A02";"A0201";"A02010800";"252587";"12";"20071102090000";"http://tong.visitkorea.or.kr/cms/resource/96/3060096_image2_1.jpg";"http://tong.visitkorea.or.kr/cms/resource/96/3060096_image3_1.jpg";"Type3";"127.9094120356";"36.2807107708";"6";"20231205163408";"4";"";"반야사";"29116";0
"정읍시 내장산로 1220-74";"(내장동)";"37";"0";"A02";"A0201";"A02010800";"252597";"12";"20071105090000";"http://tong.visitkorea.or.kr/cms/resource/14/1929814_image2_1.jpg";"http://tong.visitkorea.or.kr/cms/resource/14/1929814_image3_1.jpg";"Type3";"126.9053333076";"35.4932326954";"6";"20240118110422";"13";"";"벽련암(정읍)";"56199";0
"당진시 석문면 교로길 30";"";"34";"0";"A02";"A0204";"A02040400";"252600";"12";"20071105090000";"http://tong.visitkorea.or.kr/cms/resource/71/1852871_image2_1.JPG";"http://tong.visitkorea.or.kr/cms/resource/71/1852871_image2_1.JPG";"Type3";"126.5107083820";"37.0517084677";"6";"20231205171505";"4";"";"당진전력문화홍보관";"31700";0
"안산시 단원구 공마루길 68";"";"31";"";"B02";"B0201";"B02010700";"2530438";"32";"20180108234750";"http://tong.visitkorea.or.kr/cms/resource/90/2530390_image2_1.jpg";"http://tong.visitkorea.or.kr/cms/resource/90/2530390_image2_1.jpg";"Type3";"126.5896489527";"37.2365745437";"6";"20230610082922";"15";"1577-0616";"대부도 펜션시티";"15644";0
"속초시 관광로 403";"";"32";"";"B02";"B0201";"B02010900";"2531360";"32";"20180112195845";"http://tong.visitkorea.or.kr/cms/resource/13/2529813_image2_1.jpg";"http://tong.visitkorea.or.kr/cms/resource/13/2529813_image3_1.jpg";"Type3";"128.5370326962";"38.1959906864";"6";"20230702184745";"5";"033-636-3660";"설악힐호텔";"24867";0
"공주시 금벽로 368 (신관동)";"";"34";"";"A02";"A0207";"A02070200";"2531702";"15";"20180117233143";"http://tong.visitkorea.or.kr/cms/resource/19/2936619_image2_1.jpg";"http://tong.visitkorea.or.kr/cms/resource/19/2936619_image3_1.jpg";"Type3";"127.1275545162";"36.4702917892";"6";"20240206130654";"1";"041-840-8093";"겨울공주 군밤축제";"32573";0
"강북구 4.19로 114 근현대사기념관";"";"1";"0";"A02";"A0206";"A02060200";"2535347";"14";"20180202005142";"http://tong.visitkorea.or.kr/cms/resource/23/2535323_image2_1.jpg";"http://tong.visitkorea.or.kr/cms/resource/23/2535323_image2_1.jpg";"Type3";"127.0028443946";"37.6434957358";"6";"20230410134542";"3";"";"근현대사기념관";"01013";0
"종로구 북촌로 137-7";"";"1";"";"A05";"A0502";"A05020900";"2535502";"39";"20180202190817";"http://tong.visitkorea.or.kr/cms/resource/90/2535490_image2_1.JPG";"http://tong.visitkorea.or.kr/cms/resource/90/2535490_image2_1.JPG";"Type3";"126.9829811452";"37.5869575087";"6";"20230911173655";"23";"02-720-2722";"갤러리카페 3안";"03053";0
"영광군 법성면 굴비로1길 106-14";"";"38";"";"A05";"A0502";"A05020100";"2535611";"39";"20170213090027";"http://tong.visitkorea.or.kr/cms/resource/57/2024557_image2_1.jpg";"http://tong.visitkorea.or.kr/cms/resource/57/2024557_image3_1.jpg";"Type3";"126.4350673169";"35.3604953862";"6";"20230602172339";"16";"061-356-8855";"도래지한정식";"57009";0
"동래구 온천천로339번길 28";"";"6";"";"A05";"A0502";"A05020900";"2535668";"39";"20180207184442";"http://tong.visitkorea.or.kr/cms/resource/59/2535659_image2_1.jpg";"http://tong.visitkorea.or.kr/cms/resource/59/2535659_image2_1.jpg";"Type3";"129.0919933997";"35.1954634575";"6";"20231107103154";"6";"051-611-6008";"라일라카페";"47886";0
"거제시 사등면 가조로 1292-20";"";"36";"";"A05";"A0502";"A05020900";"2536105";"39";"20180213223049";"http://tong.visitkorea.or.kr/cms/resource/99/2536099_image2_1.jpg";"http://tong.visitkorea.or.kr/cms/resource/99/2536099_image3_1.jpg";"Type3";"128.5227604818";"34.9585073884";"6";"20230320155841";"1";"055-636-9345";"볼리에르";"53273";0
"거제시 장목면 복항길";"";"36";"0";"A01";"A0101";"A01011100";"2536133";"12";"20180213233552";"http://tong.visitkorea.or.kr/cms/resource/67/2536067_image2_1.jpg";"http://tong.visitkorea.or.kr/cms/resource/67/2536067_image3_1.jpg";"Type3";"128.7025778810";"34.9687150473";"6";"20240308133039";"1";"";"매미성";"53202";0
"거제시 일운면";"";"36";"0";"A02";"A0204";"A02040800";"2536196";"12";"20180214014304";"http://tong.visitkorea.or.kr/cms/resource/08/2536108_image2_1.jpg";"http://tong.visitkorea.or.kr/cms/resource/08/2536108_image3_1.jpg";"Type3";"128.7139287523";"34.7945847123";"6";"20230705134634";"1";"";"공곶이";"53329";0
"청양군 대치면 장곡길 43-24";"";"34";"0";"A02";"A0206";"A02060100";"2536623";"14";"20180221000911";"http://tong.visitkorea.or.kr/cms/resource/10/2536610_image2_1.JPG";"http://tong.visitkorea.or.kr/cms/resource/10/2536610_image2_1.JPG";"Type3";"126.8457482121";"36.4058998010";"6";"20230524153101";"13";"";"백제문화체험박물관";"33360";0
"광명시 오리로 268";"";"31";"0";"A02";"A0203";"A02030400";"2537146";"14";"20180221182223";"http://tong.visitkorea.or.kr/cms/resource/41/2537141_image2_1.jpg";"http://tong.visitkorea.or.kr/cms/resource/41/2537141_image2_1.jpg";"Type3";"126.8815921252";"37.4264604500";"6";"20240108144933";"4";"";"기형도문학관";"14330";16198
"강화군 선원면 해안동로 1129-19";"";"2";"0";"A02";"A0203";"A02030100";"2537187";"12";"20180221202415";"http://tong.visitkorea.or.kr/cms/resource/49/2630949_image2_1.bmp";"http://tong.visitkorea.or.kr/cms/resource/49/2630949_image2_1.bmp";"Type3";"126.5091208399";"37.7152063663";"6";"20230713170915";"1";"";"도래미마을";"23042";0
"서귀포시 성산읍 동류암로 20";"";"39";"";"A04";"A0401";"A04010200";"2537226";"38";"20180222020505";"http://tong.visitkorea.or.kr/cms/resource/19/2537219_image2_1.jpg";"http://tong.visitkorea.or.kr/cms/resource/19/2537219_image2_1.jpg";"Type3";"126.9182150328";"33.4498505414";"6";"20230823171405";"3";"";"골목시장";"63640";0
"포천시 소흘읍 민락로 632";"";"31";"";"B02";"B0201";"B02010900";"2539133";"32";"20180306182725";"http://tong.visitkorea.or.kr/cms/resource/22/2539122_image2_1.jpg";"http://tong.visitkorea.or.kr/cms/resource/22/2539122_image2_1.jpg";"Type3";"127.1161830252";"37.7764378666";"6";"20231018160146";"29";"031-541-2900";"로제토호텔";"11184";0
"양평군 양서면 용담5길 23";"A동 101";"31";"";"A05";"A0502";"A05020100";"2539349";"39";"20180309002508";"http://tong.visitkorea.or.kr/cms/resource/72/2538972_image2_1.jpg";"http://tong.visitkorea.or.kr/cms/resource/72/2538972_image3_1.jpg";"Type3";"127.3269843335";"37.5460879186";"6";"20230911200748";"19";"";"두머리부엌";"12584";0
"서천군 마서면 마서로 400";"";"34";"";"A03";"A0302";"A03020200";"2539535";"28";"20180314184408";"http://tong.visitkorea.or.kr/cms/resource/31/2539531_image2_1.jpg";"http://tong.visitkorea.or.kr/cms/resource/31/2539531_image2_1.jpg";"Type3";"126.6647624295";"36.0594974548";"6";"20230926160128";"8";"041-950-4766";"서천국민체육센터";"33651";0
"남동구 선수촌공원로23번길 1";"";"2";"";"B02";"B0201";"B02010100";"2539567";"32";"20180314190838";"http://tong.visitkorea.or.kr/cms/resource/57/2539557_image2_1.jpg";"http://tong.visitkorea.or.kr/cms/resource/57/2539557_image2_1.jpg";"Type3";"126.7097184878";"37.4409418292";"6";"20240408165746";"4";"032-465-9229";"구월호텔";"21582";0
"서천군 시초면 봉선리 226";"";"34";"0";"A01";"A0101";"A01011800";"2539574";"12";"20180314194347";"http://tong.visitkorea.or.kr/cms/resource/68/2539568_image2_1.jpg";"http://tong.visitkorea.or.kr/cms/resource/68/2539568_image2_1.jpg";"Type3";"126.7766258548";"36.1192897603";"6";"20231221154527";"8";"";"봉선저수지";"33619";0
"달성군 다사읍 강정본길 57-1";"디아크문화관";"4";"";"A02";"A0207";"A02070200";"2541254";"15";"20180330022613";"http://tong.visitkorea.or.kr/cms/resource/20/3013720_image2_1.jpg";"http://tong.visitkorea.or.kr/cms/resource/20/3013720_image3_1.jpg";"Type3";"128.4679803509";"35.8379573803";"6";"20240206130654";"3";"053-585-0916, 0917";"디아크 강빛축제";"42917";0
"강릉시 임영로131번길 6";"(용강동)";"32";"";"A02";"A0207";"A02070200";"2541883";"15";"20180406184032";"http://tong.visitkorea.or.kr/cms/resource/60/2986960_image2_1.jpg";"http://tong.visitkorea.or.kr/cms/resource/60/2986960_image3_1.jpg";"Type3";"128.8921226461";"37.7532767444";"6";"20240206130654";"1";"033-823-3225";"강릉문화재야행";"25534";0
"종로구 북촌로 137-7";"(삼청동)";"1";"0";"A02";"A0206";"A02060500";"2543000";"14";"20180413234207";"http://tong.visitkorea.or.kr/cms/resource/03/2543003_image2_1.JPG";"http://tong.visitkorea.or.kr/cms/resource/03/2543003_image2_1.JPG";"Type3";"126.9829811452";"37.5869575087";"6";"20230224103836";"23";"";"갤러리3안";"03053";0
"성남시 분당구 황새울로312번길 26";"";"31";"";"A04";"A0401";"A04010600";"2543800";"38";"20180423184247";"http://tong.visitkorea.or.kr/cms/resource/99/2543799_image2_1.JPG";"http://tong.visitkorea.or.kr/cms/resource/99/2543799_image2_1.JPG";"Type3";"127.1226519718";"37.3834669730";"6";"20230610082954";"12";"";"교보문고 분당점";"13591";0
"종로구 새문안로5가길 7";"(내수동)";"1";"";"A05";"A0502";"A05020700";"2543919";"38";"20180424231654";"http://tong.visitkorea.or.kr/cms/resource/13/2543913_image2_1.jpg";"http://tong.visitkorea.or.kr/cms/resource/13/2543913_image2_1.jpg";"Type3";"126.9740629139";"37.5728312129";"6";"20231219170212";"23";"";"광화문 세종클럽";"03173";0
"종로구 새문안로5가길 7, 지하1층";"";"1";"";"A05";"A0502";"A05020100";"2544573";"39";"20180426192729";"http://tong.visitkorea.or.kr/cms/resource/47/2544547_image2_1.bmp";"http://tong.visitkorea.or.kr/cms/resource/47/2544547_image2_1.bmp";"Type3";"126.9740156982";"37.5727701079";"6";"20230616144707";"23";"02-731-2500";"광화문한옥집";"03173";0
"종로구 새문안로5가길 7, 2층";"";"1";"";"A05";"A0502";"A05020400";"2544579";"39";"20180426194253";"http://tong.visitkorea.or.kr/cms/resource/54/2544554_image2_1.bmp";"http://tong.visitkorea.or.kr/cms/resource/54/2544554_image2_1.bmp";"Type3";"126.9740156982";"37.5727701079";"6";"20230220171400";"23";"02-731-2502";"금용문";"03173";0
